temp_current,vibration_x,vibration_y,vibration_z,current,voltage,pressure,humidity,temperature
42.47241,3.936355,3.7364082,4.9967027,11.219976,221.84741,102.76289,54.375706,41.92678686330843
77.04286,4.7343564,3.3291209,7.467468,3.583168,221.21507,99.18585,31.556139,62.25479858993516
63.919636,8.545474,1.7615391,5.626668,5.852956,232.08383,109.28997,54.490414,54.99282991438696
55.91951,3.400044,6.0726666,0.8330258,10.285929,239.32233,94.37957,33.586742,51.07920474025024
29.361118,8.696497,4.7662416,1.8558024,7.749251,230.05443,101.757126,58.41377,34.79961878695636
29.35967,0.8813443,8.65701,2.193282,11.339994,221.0303,104.0042,45.603107,33.60779451089288
23.485016,7.7679844,0.3210958,2.5786426,14.456911,224.42438,106.51129,63.50786,30.61712237456595
71.970566,8.475476,6.438679,5.654034,2.6316535,224.89586,98.13942,67.70117,59.44717041249521
56.066902,1.8181765,7.629489,5.0396576,10.933948,226.75714,103.73844,46.684414,49.48167505368945
62.484356,4.3034654,7.594866,2.0316005,4.224818,220.87207,96.064026,48.42221,54.10690291836805
21.23507,1.6549977,8.86074,0.67554843,6.8026743,238.09785,98.70952,53.605904,29.779922120151188
78.19459,7.0660415,7.2903376,1.7143221,1.4600781,230.31128,107.912544,37.885307,64.38198306808039
69.946556,5.3534775,9.278101,9.843813,2.9027033,233.41861,108.99815,67.093315,59.15961558030053
32.740345,6.3532333,3.326566,4.6854696,5.476882,221.34346,104.37635,47.319996,35.46444695055717
30.909498,1.9648696,5.032094,8.673455,5.7878013,221.0823,97.48704,36.672813,33.676473986959294
31.00427,2.1174586,0.14079663,8.487525,13.594193,231.72935,106.40115,60.509274,34.6169396964162
38.254536,0.41497326,0.069575876,5.1151958,11.385381,237.74593,90.51734,38.766056,39.63178088144487
51.485386,3.2206755,2.401266,7.066877,14.610561,230.56964,92.05492,35.741173,48.77777580329085
45.916702,5.5974464,1.008072,1.9275202,9.387001,237.55638,103.22748,52.51488,44.44078604048259
37.473747,8.5793495,2.6021137,6.883967,4.383992,236.21982,95.824974,56.85981,38.87826657899553
56.711174,6.6692743,1.770433,2.7238457,5.5871706,221.51707,109.027725,52.78251,49.72762054615616
28.36963,4.3539634,0.28520024,8.320621,5.477703,224.03915,98.721214,56.260426,32.260155219009434
37.52868,9.531201,9.093041,0.83724135,5.5709205,233.15422,98.587296,34.62096,40.51659130554766
41.981712,7.192452,0.08223131,7.7313867,10.421498,228.87003,103.56159,49.04072,41.98482229355702
47.3642,9.301652,7.3608212,0.9993691,8.431311,225.814,105.35137,44.280746,46.86670768236036
67.11056,5.27588,1.5214789,8.8118925,6.3959384,228.37268,99.51118,68.934746,56.6352800991934
31.980427,2.5890427,9.122296,3.042045,3.0872567,228.90399,94.28002,31.984957,35.93371246611698
50.854065,0.52826685,8.927959,6.543934,1.3099483,238.21104,105.46617,41.931767,46.14706275214455
55.544872,7.2608485,6.5390115,4.875023,4.0636854,222.06917,96.40703,67.674484,49.47987080719963
22.787025,1.21303,6.7223415,3.6630313,2.5045996,225.59462,93.50221,69.33984,30.538742950538417
56.45269,3.0277512,0.05339142,6.454418,11.99623,230.7513,102.632805,62.996063,49.02185013485138
30.231447,5.324709,9.848716,9.47523,2.5749714,233.96574,91.809074,33.03993,34.63545476181322
23.903095,5.644166,8.778326,0.41269746,11.139195,232.61275,109.427055,52.4542,33.21366826302937
76.933136,6.005832,8.951062,9.188529,6.3992214,238.83286,102.64794,46.00492,64.06113382608913
77.93792,1.6625533,6.5924454,6.0908165,2.0272975,235.91219,109.71791,62.258102,62.52978756457558
68.50384,3.797374,3.4478693,8.073143,12.378221,231.14154,96.77787,32.20097,58.69303547553829
38.276825,6.171942,8.936486,3.8387496,9.114828,224.29366,109.4241,37.88515,40.96645075147885
25.860327,9.698189,2.9151692,4.7184296,4.300661,229.01749,92.91125,49.567802,31.71182942544276
61.05398,7.2763114,5.6271152,8.688507,13.525537,233.86765,90.813896,36.30591,54.5953737494232
46.40915,9.226038,0.99730974,4.1484795,1.6336164,236.75925,90.65968,57.708607,44.59998064285256
27.322294,7.6221204,9.219556,5.346596,3.8254745,239.19472,99.29741,62.83069,33.9707192574732
49.710613,5.9171696,1.4077046,0.20194922,11.528657,232.10905,91.66009,58.180798,47.00315509316326
22.06331,1.9202337,2.2489681,1.58598,10.931291,230.53839,100.243355,47.611347,30.523250329842522
74.55923,6.6668563,5.5813417,6.416865,5.0498037,220.35384,96.55001,65.135506,60.35100569331621
35.5268,6.2337956,7.64093,7.169769,1.8683482,221.44199,96.71258,35.507446,37.84995634544516
59.75134,6.0246916,6.193513,5.8260093,13.013093,223.1221,102.71218,40.413544,53.54896865095995
38.702663,4.8978586,2.3213391,1.4331003,5.391767,221.0952,93.26196,49.58159,38.447541617302406
51.204082,5.2865663,0.009430425,4.4540544,3.7399879,228.01726,105.33107,32.453545,45.95222393312346
52.802616,3.3444252,7.571506,3.5509477,8.224866,226.73756,101.64062,33.82743,49.24060530382528
31.091267,5.193127,9.852074,4.9566135,13.743181,232.74709,108.29889,45.897736,36.51973411412686
78.17508,1.9755591,8.099132,8.70329,1.609652,230.7133,97.296814,67.755455,62.49687332048391
66.50797,8.0517435,4.602066,7.7586145,11.721257,231.91942,109.6543,66.33655,58.36228712658032
76.369934,1.8577695,9.037673,0.839895,9.014626,229.43954,101.516556,48.638996,62.91806749584583
73.689644,0.8496629,4.098477,8.903092,6.956288,225.55475,109.46804,35.68634,60.19935034512753
55.874,4.36246,5.249341,4.7176714,11.417127,239.0565,90.541214,37.124306,51.25356624506166
75.312454,6.5830746,4.7712975,7.4386215,14.521542,221.72818,104.559525,45.10184,63.20290919554199
25.30955,4.377168,4.4762387,1.4003923,4.208887,238.77782,106.33243,38.40297,32.2947679100988
31.758972,2.7675414,7.751908,6.7071953,3.011063,226.22476,91.06347,33.319023,35.86322954483083
22.713636,5.581712,5.267689,2.3632603,13.780344,230.25323,101.57939,56.9511,31.00571054201922
39.51982,3.4700234,3.1671712,4.383809,10.365343,222.17685,106.03885,53.257946,39.271978718470045
43.320637,9.328677,2.5815816,0.16862871,7.1318045,221.41862,101.22077,41.65187,43.0309877335547
36.28094,9.226451,0.37747318,1.5161064,9.025634,228.59091,91.27627,61.157936,38.81967025319587
69.72425,5.0237184,5.8319516,0.9208049,11.438595,234.83395,103.86894,61.037956,59.433154825866076
41.4052,3.2788398,2.2996142,2.3974416,11.822447,225.3873,91.21194,49.64008,41.963557686373015
36.85607,7.371324,1.4813392,1.000181,13.878518,231.24696,106.34938,33.8613,39.288159851270755
52.561764,0.36712945,6.5382996,6.9191003,6.975799,225.57301,90.86069,66.73878,47.51727493609108
28.455454,4.74769,6.812093,0.29039901,5.107753,227.77226,92.74795,56.74642,34.90468287351938
68.13182,3.363234,7.5215487,6.177405,9.955299,238.12892,95.50215,39.882034,58.35035525032862
24.473038,9.2053585,5.035769,1.4070783,6.8201904,237.11679,102.6673,54.418182,32.28629840147462
79.21322,0.12003027,8.940546,9.451614,9.324378,230.32036,109.52718,46.20086,62.71627516057441
66.33469,5.5281487,9.363427,9.330941,6.8798013,224.76212,92.35646,55.413986,57.530945033646816
31.922941,7.4066358,8.0737095,2.255031,3.141941,223.86368,92.85416,48.954834,35.91529568919651
20.331327,4.8501797,6.3559346,6.144213,7.5719748,239.08174,97.37741,49.418884,29.83953061497143
68.92769,0.8540303,3.0372095,0.2800532,10.67285,224.05434,106.72438,59.435284,57.35847436536577
62.41144,9.724614,9.82945,9.317885,12.189973,236.16336,99.34462,54.54903,56.24252678635037
63.74043,5.1801043,2.7413616,5.229873,7.906568,227.37941,96.43221,33.19811,54.96272781331328
66.27622,6.1418624,2.0265691,0.43223152,3.3133304,239.7132,101.224075,32.614944,56.50620431604152
24.442678,2.366098,4.421541,3.425,6.805628,227.36311,95.210464,42.20037,31.69808107379803
41.507942,4.834981,0.5684057,0.7684946,12.008115,227.03033,98.0232,47.20984,42.15620005115305
26.952143,4.291495,9.784945,3.9294443,6.78003,232.74927,96.6521,41.008904,33.99073301469203
71.78621,0.7489584,5.8843355,6.6992636,10.751431,239.23033,106.08282,56.058395,60.58527802607689
57.39789,1.0616035,5.569521,4.6988993,8.100991,239.52419,108.485115,37.804317,51.666721585437465
39.85388,8.374725,6.557963,3.8372219,4.377124,234.14412,105.191444,58.165646,41.715706583849645
23.813501,2.3981996,4.9702363,1.1915704,12.146107,235.09213,98.78167,60.92603,32.260356719181004
38.65894,1.9495827,0.32063517,2.4493904,2.1789885,231.26805,100.0867,34.97277,38.117886423948185
39.510998,5.0491147,6.1231127,1.0014329,8.348464,235.11551,92.50147,56.03225,40.88213275158764
63.77637,7.6874714,7.161739,8.074987,3.9244745,237.19559,104.937294,68.457436,55.564723179382526
58.25345,0.6194652,4.1674905,1.3523983,1.9389188,229.72191,101.92951,37.71295,50.45965343616738
73.232765,5.7680793,7.5729556,5.9537334,8.041075,232.39725,108.0488,66.372116,61.94983483962795
48.332897,1.1921045,2.270013,3.4274042,7.9938703,230.74634,94.01222,54.241917,44.70014836828832
27.175655,0.36461052,2.212766,2.2597837,10.896612,231.2494,105.19452,53.637794,32.81253595686594
62.794685,0.52743953,1.6141698,6.3946843,11.42651,237.80096,103.693436,32.07691,54.046892961894656
65.6471,8.341641,3.7199476,4.570023,11.189081,227.11234,95.31691,59.93201,56.73822111104533
53.676632,1.1797248,8.47012,4.001455,6.7338223,224.16368,103.34757,49.13092,48.529407792460084
66.25803,0.45151365,8.27912,5.92852,9.8436575,229.1256,108.487465,58.846977,56.961310802549235
49.627735,4.3789988,3.828242,4.9126763,9.077233,224.1617,108.36872,62.367245,46.16243906725279
51.363968,8.439935,5.891187,3.034842,6.9018645,229.968,104.39253,50.951855,48.317702380104144
45.652462,2.6240838,7.2081633,5.590613,9.360978,238.07016,90.961464,40.545773,44.25226519893335
21.525148,4.2171264,2.4120677,6.694986,14.26147,232.34866,107.44529,35.6629,29.836171581261336
26.473486,0.39922532,1.6814109,0.2669316,3.7005124,237.10866,103.15557,36.420124,31.276262212152233
21.885752,4.490785,9.72096,4.658717,13.680809,223.32382,96.20869,64.67738,31.032482319721492
58.184624,5.7761307,6.1755733,0.57683283,1.7483772,238.01747,93.74501,34.943123,52.262510343382374
38.86136,5.7090707,9.8141575,1.8640541,5.317449,232.03574,92.32407,45.387764,41.2607746429653
50.51424,3.324267,3.37756,5.6050873,5.0340333,220.6352,91.00474,43.370987,46.00395702637159
74.45399,3.1553319,7.030317,8.661889,9.769112,232.66238,105.08206,64.618225,62.22082260970155
34.957535,1.0662361,2.2260363,8.828056,2.8371494,239.02794,94.71686,49.10774,37.1267443029105
44.622974,3.6679833,2.6120017,0.6994401,13.352866,221.58334,90.48506,69.85786,43.60944667073457
65.33307,0.9949467,5.1190214,4.191051,12.59972,231.64912,97.94541,59.48219,55.381893838510585
33.72789,7.6659594,3.1961813,5.830065,10.1289215,238.30957,99.652145,64.03694,38.028091609445184
24.618795,9.662743,1.6762156,1.4706991,7.4177938,220.19391,93.384605,33.94689,31.44788292151827
37.385086,9.700745,2.628807,7.654322,14.061384,232.61826,90.88097,40.124092,40.41083091576236
29.673277,8.650711,0.35748395,7.442353,12.630452,229.49805,93.78251,35.417847,34.849036806487256
75.78186,6.0079217,7.044236,9.03341,7.990412,226.93979,103.582054,48.54488,63.16778287984502
68.48722,7.008657,4.9211664,0.08486012,10.826227,232.55074,91.644875,58.7315,58.309559828396296
58.004227,2.852058,0.9424307,2.1668425,8.937019,221.05405,101.10074,36.762543,50.68317689465585
72.287636,6.307704,1.7169399,8.271867,9.231192,235.06126,92.92824,35.20674,60.73208751413159
68.22032,4.5564957,1.0253453,6.7058005,5.633665,220.08958,93.91378,54.58435,56.599295723668114
31.194204,4.8201733,6.125928,8.943898,7.4691844,226.13872,97.86156,39.21251,36.23890676558266
73.55354,7.5777655,0.9421036,0.57179654,2.0937,230.07918,92.01651,49.173004,60.16226363757911
52.360535,2.8191836,7.5428233,5.96964,6.0028815,227.54045,93.46407,32.04471,47.25698095171598
68.44641,3.180396,0.2051092,5.690466,10.741599,226.14952,96.97905,57.224514,57.60813547596965
73.76548,9.246418,2.493758,0.35674417,14.345024,236.6167,96.59338,51.652657,62.1835016318142
39.080208,0.5622429,8.906667,5.135221,14.482898,238.69666,104.98543,55.896915,39.726196716076885
26.603115,4.856343,7.185313,6.095203,8.78012,237.47426,91.49564,41.016254,33.58744611926272
33.67611,9.128008,0.72968334,1.9129318,9.492711,230.44862,107.209015,41.14412,36.29115920125664
45.62647,6.10363,8.211261,2.733296,3.6000967,237.68329,106.324646,62.05442,45.28840565519792
69.08089,5.464071,4.9303513,6.4034734,10.734314,238.41724,105.31983,58.742493,59.162039716420644
71.64384,2.4974418,8.467831,4.6830096,1.9892231,228.18477,96.18745,53.189148,58.86487877523263
20.417128,3.432755,6.0073977,8.580136,4.9855995,225.66891,106.457634,55.12574,29.15521232602775
50.644836,8.520484,6.8183303,3.4238176,10.357087,221.9653,93.656044,33.76177,48.432221018649315
45.04466,5.592181,9.935016,2.6665967,5.3443418,229.58183,92.48818,64.24685,44.45837526163341
33.32647,5.147422,2.3233554,9.8486595,1.6978562,238.92593,90.899124,60.79628,35.89264744456132
27.191921,0.99579716,6.2394557,9.111358,12.646186,231.21815,108.78621,53.619663,32.687240532294396
40.25691,0.16028157,4.603214,0.28992745,5.34462,233.35124,96.16022,66.743805,39.72387888326969
76.574585,9.636852,0.39451954,7.7072864,1.8834732,222.25768,108.352356,36.745518,61.78433489292002
39.392178,3.7698617,0.14470641,1.1033478,2.0470343,222.87039,95.45227,57.466297,37.98653853783203
51.127438,6.0321307,1.1922858,0.27485195,4.5246234,229.28946,108.15132,68.51927,46.90498999097966
62.181137,0.79715073,6.490917,2.7369552,3.4922233,239.0253,108.07858,42.40036,53.494916398407376
41.817776,6.831143,5.671631,2.6934588,11.840201,227.2157,108.47352,30.611692,43.36163298346252
78.30692,9.325667,5.5342956,8.193188,5.5035768,237.54968,99.923065,59.3947,64.88773836021718
77.74684,5.7566524,0.31856763,7.1066723,12.265741,222.40578,107.318924,30.279213,63.27452450197678
35.106937,1.2611532,4.69303,9.816094,3.4338439,232.34035,109.01532,64.901344,36.93125294594985
49.83491,5.8172154,9.246228,7.115129,7.9003086,232.01225,96.49234,32.25205,47.15851908287715
38.0527,7.663472,3.9759188,4.1825557,10.63252,237.1975,98.37749,56.110588,40.48488789936465
37.09043,4.0641656,6.2492247,6.9892764,10.1278715,220.06633,104.3848,45.087364,39.50862878702422
22.213217,8.798377,7.798187,9.994591,9.415812,223.79863,96.007195,38.133625,31.639239428451013
56.57386,6.4868298,7.839253,7.101419,13.947502,224.39375,105.07619,65.930336,51.735514418931075
50.16074,8.992489,5.192801,7.6168137,4.1993523,238.99933,91.477844,59.849834,47.32547167283975
23.088724,6.235053,8.579519,9.38365,7.912069,223.07387,100.46997,43.617622,30.74281440483022
36.71879,1.3128797,3.913781,1.1365126,13.3758955,220.73924,92.446266,41.366123,38.4200693441289
74.49596,3.0969172,8.886932,7.047843,2.0905128,230.68922,95.86647,59.44049,61.40715987665008
34.373714,2.0179496,2.4022717,8.5080595,1.7824358,230.57117,95.17251,63.46283,37.22923522255929
28.693693,9.088265,2.802164,9.543786,4.266232,236.88094,106.77864,58.634018,34.34591602319423
49.367165,7.6040006,0.53120625,2.1096928,9.862297,238.97719,93.870346,55.599567,46.88599439712394
79.13903,6.7639837,7.955818,5.03929,4.6383147,230.7709,106.16896,39.11699,64.52166729335667
34.523315,3.009663,4.1705523,6.8055487,3.6633584,238.59988,105.8792,64.11216,37.42428138304843
60.328133,1.8404477,2.291166,2.4746773,7.4232326,234.50319,99.97766,59.98648,52.73625421912016
65.697174,7.564511,2.3179028,6.004729,9.590373,225.29118,94.676865,50.69097,56.26490613105009
34.25825,4.7415795,9.013999,2.5757878,4.479808,238.56842,94.537926,50.46351,38.06013298197833
63.69298,2.2578955,8.339166,3.3345702,5.2096767,233.34886,99.29849,52.766922,55.061036146228275
42.066986,6.1662197,5.535309,4.415187,9.58983,228.28192,90.17618,63.131054,42.97759549848495
57.93835,0.40333852,6.161108,5.291901,14.240338,233.60484,100.627014,59.69038,52.151505055659264
58.011784,3.2617025,4.7432556,4.4936585,10.446384,228.02626,109.05559,64.2498,50.638029759026765
52.14648,4.68557,3.9166653,4.9319553,11.960658,222.28368,93.09414,50.29131,48.81712835030774
25.417387,1.4795834,9.154769,2.9858875,6.135341,234.37958,101.46691,54.985962,31.12314824660127
70.11815,9.846545,1.256127,1.589651,4.811561,236.48175,109.23557,64.18287,58.99612678162205
39.246803,2.0909736,4.184468,0.47349977,7.3597484,234.57613,107.21044,39.2928,41.406075494601545
31.19111,1.3035313,3.445619,1.9597872,12.29986,224.58229,107.0076,47.760826,35.10913569659522
22.446508,2.0353487,4.9815073,5.8194366,7.388195,239.1327,106.437,54.826088,30.452283314227635
55.453575,7.6906114,4.5763187,7.8611546,12.854156,220.5051,96.18047,66.60585,50.64816370952408
60.653862,4.2550564,5.188895,1.6924759,14.842808,226.6537,107.81234,30.63344,54.254870137902316
20.99527,5.6541595,1.3991898,1.0855535,2.0083733,225.20184,108.826805,38.502926,28.564237272916223
50.725582,0.21009158,5.131415,7.4929037,1.6357422,220.96252,99.91585,39.37802,45.22545398855688
33.58975,0.34431309,2.4241881,3.0515833,3.094256,228.1146,97.09142,43.064507,35.62247599335601
58.71037,4.4582553,1.8433135,9.514995,6.3811755,232.4623,98.284584,41.271465,51.202993964194825
30.461987,8.166553,0.6483422,7.14318,2.834591,237.65106,96.68413,53.605553,34.482365759696954
61.456264,8.852388,7.6265254,3.2675605,13.189302,239.7938,94.24837,65.42481,55.59592052244766
43.20412,0.86706567,4.2744193,2.8954275,1.3240476,236.16179,102.36897,55.479115,41.88128181118101
76.2038,5.383631,6.266437,5.236984,5.421098,229.37361,101.25194,39.661064,62.432460823078245
28.251257,9.132297,7.2759333,0.7914467,3.5857248,234.47409,99.2517,64.55012,34.58200909930707
40.46398,3.8797276,6.7931666,1.1767651,14.041551,236.87248,91.91691,55.28183,42.21170975173697
26.80841,8.295658,4.705007,1.7585788,10.372734,229.30614,105.93786,38.758484,33.796918421411306
75.48162,1.3369565,3.8789854,7.747236,13.768424,235.7011,93.49867,44.466663,62.49557890391515
72.64036,9.353945,3.7595992,5.1385736,14.612602,229.65305,92.291245,61.59859,61.571206922707205
35.476498,7.514233,6.400488,0.10567123,7.9593754,227.72992,102.461426,59.557247,38.43441071351945
59.59904,9.413344,4.9479437,6.735165,4.2804675,230.52182,97.972885,53.063293,53.07276488587206
69.03333,6.7661724,8.4913225,4.2369018,3.712203,233.51709,91.19617,35.7907,58.920386704938714
53.31205,3.6340394,8.74702,5.108524,4.120864,234.53764,97.11137,62.131573,49.61621113001232
51.779034,9.381812,1.7056038,2.1411624,10.920306,227.13472,105.43561,42.3017,48.72143554349965
34.51114,2.7556677,1.3623365,5.5178223,1.5662402,231.4264,102.304985,60.86392,35.784834115682614
25.586166,3.3217251,6.3040094,9.7915325,1.719055,238.19742,97.25572,55.902653,32.37062229150507
73.83295,7.0080843,3.0122576,0.7344469,9.514001,239.52626,93.8361,40.56681,62.309893839876736
74.025085,7.653163,0.18570718,2.839174,9.9888,224.54497,102.63591,38.49477,59.92297140828318
57.986088,9.294035,8.886427,2.429976,10.313681,223.85663,107.75111,35.236397,53.286063815157505
40.34179,2.0480242,2.2690077,2.4854932,6.206327,233.5337,102.92545,39.67785,40.99874918219137
40.952576,7.9799805,9.292807,3.7870636,12.283229,228.29367,106.25808,36.31316,42.50262375376264
63.557343,7.3854604,7.1743445,8.181098,8.470744,220.48445,100.43056,54.68205,55.38687082808757
73.826614,0.63794553,7.626535,9.128587,2.4765189,226.93724,104.35942,53.951324,60.09338570322045
73.22519,3.8722315,2.014615,2.022151,12.15939,236.13489,107.92454,53.446884,61.31943201352594
66.792534,2.8276546,2.3419442,5.429499,14.342949,235.94853,105.46358,55.67559,56.7713171035702
58.5219,3.0449042,5.2126775,6.36899,1.8405083,229.8937,108.19708,62.59138,51.937294806163536
25.048397,9.829469,1.7209985,5.2182746,6.4789186,229.45155,98.622795,66.54211,30.87774149561271
29.697723,6.427774,3.054317,4.340764,7.8252244,231.59015,108.084404,39.215023,35.51602812076457
73.91325,7.1767616,3.214625,1.9197551,3.0505908,224.38794,102.43134,53.51098,60.976480906140765
56.385742,9.766176,1.5962993,4.8821936,13.147925,230.52087,107.40098,33.13345,51.00035449411764
20.551823,3.7720177,2.0518284,4.0121484,4.978095,220.22093,90.78753,34.8057,28.73308605743027
26.088293,8.018402,7.8855186,7.9556336,11.962119,229.51118,103.15705,56.173573,33.35411913296029
59.810104,4.3453097,1.6719586,7.6360435,10.393923,226.72102,106.9595,49.463223,52.505012227519714
20.303696,8.695336,0.2845739,1.3399868,9.372642,233.49739,93.48404,60.333282,28.93210048440126
29.648483,1.8065754,6.2935495,0.88519055,3.6899998,232.76707,103.23574,47.0271,34.263969563219305
52.924026,9.476862,9.759831,9.081539,4.0898495,227.61671,106.49909,35.103935,49.203463905686114
61.51371,2.1877172,3.312138,5.355084,1.6628777,220.14546,95.75899,64.88215,52.23046926082796
59.117676,3.2622051,1.186557,8.57801,4.369974,225.04547,98.10493,33.31554,51.40892798503165
33.456158,7.5619226,5.703873,0.5815112,5.8362107,232.66696,101.39036,37.558586,37.1760011562061
62.730755,3.9375515,9.063542,5.2651563,12.664034,221.44746,100.383354,41.079075,55.16365306618709
34.234943,6.0821137,7.8406177,5.394265,6.1294975,222.15285,90.78379,69.811226,37.495484406018186
39.523983,4.445735,6.2251587,8.60702,11.564705,232.9407,91.97344,46.674393,41.8277823642399
64.78948,7.4236994,3.150565,0.97609997,7.152192,235.11534,92.00933,50.06834,56.909829280404786
58.977974,2.2833126,5.418802,2.4044557,11.988156,226.431,95.24536,60.78787,52.15353779162884
70.95341,0.5845799,0.9124484,4.065383,14.667803,229.79346,94.91728,55.456623,59.51506169140047
59.45677,2.999294,6.7894545,8.658415,4.357782,238.91423,104.844444,63.656826,52.57808643803832
54.098515,4.743087,7.2509604,9.388833,13.0727825,238.91087,101.45489,49.45734,50.07724459682333
25.620485,1.6802006,9.650316,9.927246,9.705537,226.15005,105.27952,68.88711,32.0311883320664
42.062946,3.547973,2.6039736,9.591935,12.44212,236.19975,91.39792,61.872494,42.56027771423661
35.912144,3.9998302,0.18456419,0.059417557,10.122203,231.87888,99.704285,46.054615,36.95913437063063
34.639378,0.57391846,5.4560847,0.4770834,6.935293,239.50969,96.47551,45.250874,37.62913862460148
78.38063,5.8330727,7.067905,1.4760681,4.193049,229.55228,106.99879,67.17965,64.22051647695129
43.585865,8.843434,7.9040747,3.488621,1.9804932,235.49414,104.155785,57.376625,44.23035381397556
73.5228,1.5174291,1.9373894,8.29918,8.497257,235.36275,107.38517,54.857346,60.87624731784436
57.868317,5.9780803,2.6175287,8.926562,14.864565,229.94865,90.92854,60.313225,52.29337836175544
67.688675,6.6473923,5.1259093,1.8683441,11.332585,235.9126,104.41647,52.433353,58.287087713710996
50.158226,4.193347,3.306008,6.1966414,5.5828376,225.22081,100.80016,36.366673,47.261858367080144
54.614235,7.010976,8.605115,9.17362,12.580867,222.44505,106.5,42.76862,51.775404418666966
49.55106,4.1073155,4.7376018,4.637317,11.765776,228.50328,100.14321,52.317795,46.75238423575245
31.714579,5.046373,7.9957867,1.0354357,4.942901,238.87262,100.804184,30.726713,37.16228949523396
63.347126,0.07353044,5.8061976,4.5781364,1.2003049,230.0149,91.03535,47.49403,53.010284876771685
36.84634,6.917201,7.7309012,3.757949,2.6542768,232.70518,103.37046,60.232117,39.106467330581296
21.458958,6.6134267,3.3267298,5.77658,13.282287,232.48325,95.4628,36.56936,30.36566006128566
58.728336,0.38400877,8.314166,4.3865867,12.711883,222.65146,90.393875,32.58236,51.99840231032561
30.62664,3.682501,2.7457232,0.17345926,5.132926,227.80594,91.32874,63.441166,34.20722300113116
76.42751,9.7903185,5.460988,9.939978,4.992736,234.13878,109.14571,54.690956,64.22251252759541
77.23572,4.2073655,2.1400712,5.4354024,12.10011,239.4398,96.92155,37.06316,64.17930194710183
74.89186,5.019454,4.755265,4.7363076,14.1283245,223.36035,107.36151,62.2522,62.608078393290015
42.209522,9.099301,3.1817522,9.546174,11.907922,228.20883,109.19354,56.32518,42.71951314299897
20.927397,7.172619,2.6670344,1.5586036,9.478102,221.90187,108.86534,43.36477,29.746872877812933
75.69911,5.820701,9.66985,1.8923761,4.397399,224.84753,107.63451,45.04785,61.13067651143842
45.691048,7.978047,1.600741,8.080148,8.360471,227.53519,107.89688,36.235527,44.391305173234734
77.99929,8.643662,7.8732586,2.6083107,4.269166,230.81287,95.78016,63.410225,64.5736711613028
77.8172,4.5688806,9.84165,7.992271,12.31216,224.61134,93.029396,50.360268,63.444476931011025
71.180565,4.751084,0.19901484,2.715335,6.417455,224.55125,102.78525,52.28076,58.62518145446969
37.666935,3.8605094,6.990274,0.3318763,12.6717615,235.5566,99.762115,65.339676,40.702635168962054
43.105865,9.667062,2.529118,5.1701474,6.342529,239.25284,91.97494,30.633224,42.4468407216553
71.0682,6.9716625,0.40487823,1.9668643,12.538092,226.47226,103.55083,32.67692,58.685369998422836
39.01532,0.8322307,4.028896,7.578463,5.6664495,233.75984,101.2572,36.463158,40.68253088447264
30.169565,8.629596,9.352179,6.4119964,7.161858,225.1616,107.261345,31.201513,35.96698207913939
53.408077,4.805599,0.11765094,9.236027,9.6168375,238.55905,102.18368,56.32625,49.04910425704869
76.16929,0.68753904,5.878857,7.8298836,1.9840266,233.45805,101.47892,55.35518,62.14364995224753
61.761787,5.4971724,5.0139647,1.8077595,14.274899,236.05354,98.81503,38.432076,55.24192332985331
54.20367,4.171643,8.733842,8.001582,9.030481,220.98708,99.255745,35.976257,50.161955711231116
25.83059,8.777494,0.84001714,6.4173703,8.10948,231.97012,109.08762,35.82739,31.15272693488993
56.900433,2.039946,6.8152604,6.6895165,12.751515,230.55225,92.76892,68.129654,51.28682705262423
79.40323,8.264647,6.801097,8.322629,13.120678,225.85994,98.92438,57.74018,64.19878895072101
28.40504,5.576887,6.6908,5.7382407,8.3116455,225.2486,103.11655,53.417152,33.38078543527299
51.09978,0.54610306,9.423345,4.660035,13.981672,231.6005,98.66021,42.899475,47.26453041888347
72.64239,9.718453,8.230875,6.3664103,1.9063287,234.12971,95.664314,47.321728,60.93735337046038
64.44611,5.1261525,0.41972727,2.9795742,2.5851612,220.66345,95.74715,33.576237,54.10226480924914
61.820946,2.9087687,4.7108283,1.8259714,9.355035,231.34804,94.67312,69.92608,54.130282915040304
62.149044,4.6940684,3.9795306,6.1658783,5.956922,223.4092,96.87807,60.20342,53.87266680510365
41.56947,8.578578,3.1014721,2.3384836,7.499152,222.80725,107.433495,54.858128,41.86998118138089
37.61551,3.0490313,4.513367,0.7991511,5.593109,232.46239,100.10449,53.51069,39.366423881251954
68.56167,1.926764,3.8419418,0.0055418457,6.6661544,226.2174,94.80477,50.172573,56.89349141398676
68.606804,1.2907125,4.323339,6.083194,12.517049,228.81761,97.69054,40.297096,57.52127313701927
72.02434,2.978594,9.792619,3.6214879,9.308667,227.19998,92.11661,39.055614,60.430036342145726
74.79443,7.800481,0.88632977,7.52311,14.962824,232.96672,108.08071,51.981297,62.133976512463335
50.680546,4.716264,9.222309,3.751764,12.016309,229.40239,98.163956,32.808033,47.7713992541261
50.090977,2.274816,4.802367,4.8600345,4.8313274,239.26918,109.60783,32.978832,47.38023068678498
67.89771,1.66185,6.2374225,4.07085,4.7008314,227.04765,96.950775,52.432545,57.309280433677976
58.997837,3.3272948,8.301829,6.505748,5.7025757,234.80568,106.72712,66.79248,52.15400608050262
62.11801,9.399243,3.6046302,3.5613916,12.805633,225.14586,95.12771,66.57088,54.89983510487267
67.74756,3.430267,4.3042192,9.637676,1.3820271,230.17506,91.523056,30.433132,57.95303736874688
73.40032,9.881241,4.095185,9.36147,4.222538,231.05139,90.63467,34.29577,61.402802050739666
40.27971,4.8523045,3.7473102,8.480279,13.668858,226.58218,102.12337,53.32311,41.610811047755945
42.534977,1.7916392,9.255293,9.203003,9.95855,229.43561,96.231476,63.93903,42.2393884794433
25.638916,8.911401,8.289299,4.491397,4.1758595,225.58557,98.8704,68.17796,32.82079485191041
54.696808,4.603554,1.0899999,5.364304,4.0680294,220.12001,106.37294,64.42329,49.25249436559729
22.156536,7.0967135,1.0812335,7.420926,13.0766535,224.31297,94.96216,57.104527,30.185751830610076
47.935883,9.837116,4.278695,6.961459,13.512605,234.00128,96.17305,38.021004,47.01152383563054
52.558678,0.5017535,0.98657376,8.906786,4.5858355,235.41927,106.90672,32.904858,47.48352727715291
37.192474,0.9669456,6.190931,7.16331,6.887145,225.60406,99.85525,31.90063,39.811315498860814
55.449997,7.2045674,1.4369161,9.9788475,12.6843405,228.16086,106.55331,54.48307,50.30711525314851
21.830015,2.81825,5.2237325,3.485058,11.794105,220.74731,97.48952,31.447544,29.505895563263547
22.24089,1.843014,0.07219947,8.329977,12.394826,224.74126,97.9674,59.5696,29.076479301413993
69.35603,0.3936188,3.1659634,6.9763484,8.257575,235.58438,93.342766,58.49883,58.35117582099667
41.61144,0.21846712,6.7719073,6.9138646,13.761686,232.11972,108.32692,33.184433,40.90487587254671
27.62363,7.744856,4.8403893,3.2583559,5.5633216,224.11542,107.93568,66.26489,33.80338019182796
51.334595,1.3443342,9.782695,7.856018,3.19341,225.14883,109.68434,50.87717,46.49000001166426
66.199615,4.677206,8.741038,9.00376,10.922253,236.33604,98.04894,66.17754,56.82010917392823
32.94926,6.058968,3.5907078,2.1854846,8.5509615,224.18169,106.3723,66.0644,36.182118804412134
57.37343,4.283518,0.45486543,6.254968,12.964201,226.68315,98.29907,37.881363,50.954429314657396
25.120848,0.27106652,8.456263,3.9213483,2.1362295,233.28717,99.085976,45.223106,31.540128216885325
23.100903,7.835015,9.112343,9.895481,12.811693,231.22224,106.59999,35.38505,32.850040420915526
51.88128,0.105132245,8.206274,4.788328,5.1061254,229.2174,93.54733,60.99912,46.776490414993454
52.438107,7.618899,1.2794994,2.2832017,10.167979,237.99483,94.40622,50.164997,49.162597497919265
58.245792,8.933045,9.979152,3.8185763,1.5618031,224.39421,96.29456,67.152306,52.22554655339009
63.56548,4.328399,2.5858421,6.538384,9.534138,234.8284,105.76358,38.32861,54.42427711670352
78.551125,5.355425,7.242049,0.7608937,11.041803,223.18127,97.45303,57.534706,64.56946685873024
50.97802,4.769834,9.080349,6.0360193,6.162503,232.31468,97.16336,69.56947,47.37356481746658
39.377388,3.8920863,2.3568711,9.312247,4.01575,237.41248,109.976326,56.61525,40.52635066691656
67.711174,8.874246,9.082585,8.503628,8.52683,229.15804,97.676125,32.750957,59.297352968546114
36.249935,8.939335,3.0948157,0.67673534,12.664671,234.48589,94.955414,53.536976,39.174325679292046
46.338284,3.3581636,9.7641325,9.933899,5.529663,236.40787,102.46427,37.19371,45.2025474927757
24.707382,6.1506977,2.8126001,6.9872694,4.53457,222.72054,106.0376,31.220112,31.259179739761866
21.521044,9.269075,9.534358,1.6228082,4.905094,234.11653,91.39216,43.398426,31.51687040858004
77.7589,9.620585,0.5354465,0.12416089,14.28785,238.39682,102.377846,40.644165,63.460063772378675
70.158806,5.0895905,7.09272,1.7128264,6.0298767,231.5274,90.71471,61.550835,59.70834099277269
61.758453,4.528248,5.321111,8.38176,1.0504594,223.72244,100.52665,44.94722,52.51658501523981
44.537178,2.7869432,4.778771,0.21639325,11.943537,222.53885,95.13983,59.31835,43.90390476601209
30.39766,9.588718,2.2349432,2.331473,10.789847,225.1947,96.132835,30.649559,36.05071778119927
29.386223,1.428143,7.055958,7.5730557,2.7999556,222.07027,99.34192,30.592485,33.21179372559542
35.014572,5.798296,1.9080949,5.8611054,14.788659,230.26788,108.54215,31.172539,38.983214336511985
52.953598,2.8255026,5.528418,7.8273573,9.512872,221.39409,104.21335,38.774338,47.587930114066204
62.875755,2.790083,2.5324535,7.461505,8.010913,224.4681,108.736916,44.95951,54.513769578079135
59.611843,4.049686,9.556213,0.5060139,6.35107,228.7982,103.19942,54.31383,53.6697117212962
36.796032,9.987929,0.28631192,8.925115,13.581419,229.4783,90.14216,69.436554,39.26607247655681
77.291916,0.54966307,1.9972827,2.2703183,4.4154887,231.30797,95.31171,44.176384,62.09349229890483
64.27381,5.785418,2.423106,5.5339246,5.0007644,234.1123,108.11545,32.226357,55.46815841827546
53.261242,0.82572156,4.1406784,6.4428816,2.7137513,220.94458,102.86891,37.796005,47.09950409252065
56.703243,1.5452083,2.3273025,1.6862822,11.627667,221.61241,109.63294,65.91407,51.602572472298874
45.176003,4.3956294,4.913491,9.762313,9.33769,221.21718,93.11928,57.975166,43.62561163944355
34.86386,5.1046014,8.724655,4.8815594,9.526926,228.46301,95.93496,61.608032,39.2236516765802
41.35836,2.587924,7.120634,0.576427,4.058586,220.83696,97.24735,34.96673,40.68513499250443
65.470764,3.1645713,5.7996197,9.372621,10.116358,234.92163,96.53116,35.39948,57.42064652386875
20.86361,0.8696702,0.89003175,5.8626785,11.716418,224.46,95.03983,34.48984,29.685574189612787
26.96436,3.032198,6.939921,6.991932,6.0104394,238.78426,98.869316,64.286766,33.575011582099435
22.760159,9.665585,1.6641428,5.251758,12.21886,229.72807,102.84596,38.398705,31.140896918859468
22.443727,9.447074,7.8636737,8.34738,5.883068,228.92651,96.225136,55.72607,30.83006916684822
71.32764,3.348783,2.5005677,0.33133462,11.613938,235.61078,91.594,50.646656,59.36442295021276
62.21947,5.7085395,4.1704874,2.6837838,1.4722215,234.26308,104.170654,51.775597,54.05126900527884
48.450428,9.095954,3.504702,4.6964836,8.716305,232.14618,99.18033,37.817413,47.324070447361066
25.87005,0.06183823,8.58814,0.76603615,14.573372,238.70293,101.12965,55.409843,32.036261101979264
49.496952,8.106835,1.2654446,7.059067,14.737425,228.44519,99.10801,31.724022,48.14718073845048
48.408306,9.483696,5.656449,3.936634,4.944536,236.17064,107.80715,69.73889,46.51836564003494
30.392113,0.91325736,1.4206161,2.7266798,7.1795874,227.60185,101.1749,31.070356,34.353533936289985
46.031097,1.6144769,7.0479584,0.03378847,1.8816907,236.7669,108.46554,32.00626,44.15114819069521
43.910286,9.607463,9.050781,7.198303,13.226778,225.1895,100.21151,42.985897,44.8587888884534
56.951004,5.3754015,4.3460765,8.338093,8.960011,225.78534,95.85176,63.265015,50.196425469370894
58.105618,0.14196634,4.880923,3.9504054,6.3914094,233.55739,97.10885,40.287567,50.58179818634751
22.71824,2.57632,9.274228,5.64218,2.5787878,224.25427,100.44259,48.8774,30.027645385003094
42.476757,4.499437,5.2099137,2.2768662,14.254742,224.58308,100.59979,30.719093,42.89871427637397
57.551594,6.929089,4.875984,6.2219763,8.423067,226.10526,103.74676,33.155174,52.13262486194229
50.188175,7.331604,5.783291,0.121374585,4.960991,233.57858,94.4899,54.31864,47.87968177804571
71.38939,9.954215,6.8922973,4.886439,5.903012,237.78777,103.17686,37.774338,60.8400579096016
59.521618,2.875112,1.0688337,6.4420547,4.7897606,233.49135,105.57176,57.770184,51.33526476773404
29.776066,5.382201,8.211105,9.181918,9.425338,236.55629,103.53184,61.415646,36.56719986813267
24.234125,5.3332353,4.35505,3.813358,14.01949,230.87122,99.63656,64.01337,31.525389608711706
58.54516,4.0564528,0.7234851,7.651902,12.993713,221.37846,109.83361,35.351974,51.19966796559584
21.59068,1.6916189,7.861827,5.9768705,7.445332,222.00932,98.09626,48.22034,28.876349150025597
55.146534,9.774566,3.7694998,9.270122,12.5709915,231.08784,92.13181,67.883255,51.5109118741944
76.41381,8.533172,1.003675,3.9837768,6.9234767,226.55602,106.430084,60.883343,62.91270129581056
54.52845,4.9833302,6.3377905,3.1909535,4.5323,224.41136,94.244026,34.678413,49.42978142734246
43.290195,6.032454,8.801313,8.87142,14.767812,229.32513,104.26571,50.10001,44.31253535806457
58.597294,2.2726104,8.877535,0.492444,5.254426,233.32994,93.57953,66.895226,52.307337494162105
47.495174,5.4378705,9.576634,1.3638539,5.5321393,227.69984,90.33755,47.60155,46.781543572775824
52.737007,6.9497013,8.677054,0.82404435,14.8557005,236.05084,93.19597,63.496704,49.5041985242245
76.48789,5.1516705,0.021409193,8.4311,2.874985,234.77046,97.53977,49.833748,61.90129472571794
43.166157,9.902852,3.8024116,0.10607424,11.647476,234.6983,92.13236,34.27247,44.19461039877975
77.67143,6.1134167,8.185426,8.616571,14.101378,239.7038,93.95358,35.914196,65.05344107749345
74.32104,3.709737,3.66253,4.512678,8.16513,225.9046,105.29253,31.86703,61.432747307100364
31.747469,7.7215204,6.0154853,0.04025279,1.0353047,232.89452,105.397675,37.812588,36.40838235233797
24.161678,1.7046251,6.0631695,4.016452,6.2508254,237.10957,106.34976,65.74456,31.575475629223988
26.04668,3.845158,3.650253,1.8680084,2.561966,231.59048,106.823105,56.007923,33.008834752623066
21.09331,3.4695895,9.04474,6.2440047,6.8266273,235.79004,98.408714,59.554276,30.103714411195973
25.666578,4.318071,5.0322833,6.7935877,12.060374,228.28905,107.35099,54.86646,32.672748234642924
60.980408,7.817798,4.647842,4.8752756,7.1419616,231.80983,100.51874,45.46157,53.88848888248152
24.271318,4.84173,9.975138,0.40519527,7.046952,221.11333,99.41194,38.674446,32.01855130643547
39.13854,7.9401445,4.9350038,6.561288,8.795053,239.71535,104.37073,67.02458,41.45891246360477
70.69252,5.7648892,1.7839825,8.420388,9.143668,236.00037,94.27637,50.593193,59.45027629267088
21.396317,3.4206944,5.1306944,7.203243,12.988149,237.37617,105.78995,49.243996,30.399009424736015
68.86811,8.099788,8.140167,8.29958,5.316976,233.88588,98.58932,69.84416,59.19320525177149
36.911285,2.3828967,7.7686033,2.0050952,12.503398,223.721,92.545906,45.3572,38.8730861577552
27.08989,2.2438297,7.8858175,8.88888,8.923073,220.62057,92.38624,64.165016,33.11289883949173
61.80423,5.045029,7.080238,3.2219346,5.2074137,237.29314,93.298134,64.49376,54.40775046153004
57.736572,2.6084924,2.5421784,0.13404815,5.1317644,227.92662,107.811455,39.30681,51.076862874916465
72.64832,0.09087035,8.620841,8.433916,6.0559254,225.2773,109.818756,33.793587,59.3402694673794
64.10426,6.4829755,8.934435,9.418213,9.717706,231.23346,97.13947,69.0248,56.36659200557646
68.208855,5.110938,1.941527,6.555582,4.2313643,228.41797,95.84288,47.035873,57.94555185968944
36.922073,4.4551783,1.3045564,2.3143663,13.88467,233.03333,94.37542,30.088814,39.298748676557175
30.646372,9.669685,9.75605,2.5174446,9.048777,229.67586,106.476326,49.960712,37.1161584001273
65.03689,5.711992,8.68324,4.665929,13.88022,233.94466,94.18415,54.772015,56.98659250537004
68.41009,8.6343155,8.932362,8.978311,1.6496611,237.06847,108.481804,61.04353,57.75103128076982
79.430305,1.3945024,8.863764,1.4959766,5.7965593,223.91113,103.34701,67.71768,63.6927641995178
44.75706,5.692065,5.416868,8.259737,1.3193072,226.58865,107.94256,66.60683,42.27324055304943
42.321087,8.679796,6.4640174,2.913028,4.8115253,228.73631,101.0802,67.60543,42.76835216990362
66.58478,5.8310575,5.4536285,8.085862,13.06809,239.24117,103.8136,31.285006,58.85360891916419
40.44821,7.180142,0.5120635,9.202712,1.512536,227.30667,102.38916,58.470966,39.40367033213821
75.845436,3.7204356,7.455031,4.2749386,7.1060596,227.622,106.62391,39.034317,61.4375465975068
71.50477,0.92449516,5.0533204,3.6505065,2.6459389,233.06946,106.71722,37.502106,59.647177726664204
45.739643,4.579003,6.477091,8.022213,6.835769,228.38399,101.79586,62.01274,44.272702575263864
65.05226,3.944794,5.026398,5.294829,12.743922,239.02448,102.650154,46.68519,56.713324147006986
65.272575,8.670602,4.918113,6.8444905,9.722995,237.88937,108.437515,66.664,57.633692782944976
26.187431,2.439953,1.7178911,6.2282925,11.314589,230.26817,108.59733,31.697403,32.647501961439126
74.153175,9.667342,2.7871373,1.5288885,5.887458,232.89551,103.284996,62.087234,62.01854592579307
50.315144,9.581381,1.588527,8.447904,14.221568,221.16061,90.15508,35.473377,47.87122027278805
69.58745,2.4763165,1.956663,1.9577512,10.929669,233.91461,92.08823,37.063087,57.71754625992195
39.202976,3.4805195,9.7297735,9.322822,6.9051833,234.14401,107.15885,49.09407,40.13923390529569
73.73139,8.955558,1.5311345,2.505713,6.970507,227.18399,91.69428,45.823597,61.48933266176914
43.3521,9.666223,2.6927042,7.33881,13.861579,224.39366,94.270386,49.44689,43.16851238763322
20.650259,4.434391,5.9058967,2.846554,9.069666,238.30157,94.61093,67.60106,29.712151867084994
74.32292,3.2099705,6.1017857,3.177854,10.889309,228.5341,102.00469,56.29556,61.070091107627675
25.477201,5.26094,1.5397413,3.1000185,6.8384933,233.07413,101.53265,41.612377,31.676445760884388
39.158817,6.877692,7.9371743,7.4789224,4.1316986,220.66658,95.78835,36.916348,40.361581019620864
77.003716,2.7347453,7.852029,5.568151,11.12983,228.28134,94.15223,46.80185,62.918712738786795
77.03643,7.364732,2.373177,8.829525,9.509533,236.34517,105.29064,48.06564,62.999935018603544
54.406273,0.51657355,2.886663,3.0737271,8.018801,227.75153,108.70912,54.051777,48.77523089857572
57.910233,0.49294493,9.379879,6.919925,9.736293,232.06322,91.056114,40.64011,50.94039361437202
46.90673,3.8628771,8.256715,7.529486,3.9159982,224.19711,92.66361,60.70037,44.54020211585095
37.592648,3.5347319,6.97797,1.5148212,12.115142,228.3305,102.84328,33.93841,38.86588836926013
39.71987,3.1563323,0.8223322,4.0058937,14.27428,238.55275,106.08883,52.418133,41.84961316858426
60.35111,4.9101977,4.182641,4.828175,13.475444,231.32904,105.82378,54.941265,54.163070690362105
65.14247,3.2073357,5.5930185,3.5568738,5.5001006,238.03864,104.39366,38.273262,55.839212253441445
67.49474,1.9225792,1.8741128,3.2211258,6.6840806,238.04039,107.74856,63.040455,56.557083688246365
67.37709,3.0946956,4.482266,6.864199,12.317632,238.88295,94.34698,54.617287,57.91844074929266
25.472366,9.7490425,6.0102587,2.158664,9.33164,237.90784,92.14582,55.828888,33.60319665996528
49.66522,4.111134,3.2737668,7.0939074,8.670802,220.06563,102.30726,49.90974,45.560534925576135
23.453526,4.447128,7.8094482,9.350442,13.972987,238.6803,106.44552,66.383766,31.012077755831914
52.971733,5.76545,8.404496,5.651975,8.50435,222.74919,101.64087,57.757103,48.884037021304025
46.49183,9.833407,3.2360947,6.114342,8.209142,220.79852,109.25995,45.273422,44.082113553595214
73.26225,2.4160128,8.386572,0.689327,1.5882603,221.10777,105.91129,39.544235,60.024376202289446
41.0549,6.812821,1.0357656,8.644769,1.9718374,226.97832,104.01584,32.84247,40.59718048823853
27.024021,7.159847,8.377291,2.854478,1.1038843,232.41608,91.20515,36.614433,33.0075008970674
28.5795,6.073244,1.5275043,6.1505117,13.785419,228.04622,92.15485,69.70732,34.08161968705649
65.690636,0.8857834,0.8292715,9.7911215,6.7174134,220.5111,105.696754,46.270676,55.78957088914765
57.093082,6.7687225,6.417754,5.955026,7.5598593,229.52965,93.96476,65.94749,52.20904166561635
26.06736,0.6409471,4.7193737,7.247095,12.835417,228.84262,90.576706,36.822773,32.04492078323224
25.046408,5.9614263,9.078906,4.453196,9.5294485,235.13698,108.21521,47.014435,34.196201516266676
62.058147,7.3958116,3.631892,0.60365844,9.533022,225.59225,107.81611,68.42074,53.86065193029925
24.36578,2.109699,2.8715227,7.9759936,5.151482,224.35062,94.369675,33.64529,30.260563250475453
69.31161,8.41622,5.007349,0.3499884,12.674717,225.11877,105.604126,53.759373,59.2756842499096
62.374535,0.30353805,4.559462,7.0065784,3.3216197,226.0748,90.959595,66.76688,52.290711649668424
24.880926,8.438128,3.4442804,0.22921573,1.7440943,231.98329,95.70116,67.987335,32.60412836934041
25.090263,4.6032906,6.937413,8.623053,3.682447,229.43051,102.473335,63.840298,32.016052451944155
79.19837,2.1758795,7.5956182,1.5763603,4.748321,226.73788,105.26358,64.23738,63.5683671192548
42.45625,1.3377814,8.5298395,5.142715,4.952355,227.48628,90.207985,56.08732,42.02505792673922
42.23853,9.5330715,9.728566,5.971507,10.387191,227.41847,96.52417,38.816925,43.92038325128307
68.767975,0.7266559,2.6665618,4.575454,4.0495443,239.44814,94.28691,59.227142,57.32483178607084
76.834915,1.9909343,7.160935,3.407635,10.473216,224.65994,109.97561,69.135376,62.31069919675408
79.160065,3.4782236,3.9425824,4.678143,2.2758505,236.36124,103.41965,51.037342,63.22422951695398
65.20269,6.2023487,6.7708197,3.1141574,3.0608344,234.16422,98.11343,40.427895,57.41536012016406
42.575577,5.448011,4.759817,4.3812237,8.1235,220.1114,91.513054,52.938843,41.652585038642655
25.010042,1.2564349,9.937731,3.58913,13.906541,239.86353,101.973404,57.624413,33.38258653094879
66.628815,2.8972797,7.2890215,5.6620483,13.033946,235.12878,102.83403,38.33121,57.157363828329025
53.504253,2.3875177,9.524913,2.3792417,14.562549,233.64899,106.32812,58.767574,50.160008561895836
45.45332,2.1354284,8.349695,9.886565,10.106707,228.10649,95.77154,53.497314,44.478364590712914
74.38126,4.1114435,9.02901,5.0086994,10.461408,231.10406,109.62856,54.493996,62.55215246872029
26.671848,7.0403147,8.144192,1.9416208,9.750322,225.06541,98.789314,42.239517,34.12568140763174
49.557507,2.1745293,4.5915914,4.7706676,9.719465,220.70967,95.91888,36.210674,45.363198744795554
20.68122,3.6667888,2.5178845,8.664151,3.0596848,236.72043,96.96899,54.937996,28.482289937337743
48.11964,3.9091742,3.7032018,0.21806793,8.612346,237.92969,100.39172,53.449318,45.33805007525
23.378197,9.764565,0.20236233,6.7955413,6.404951,223.24942,108.73403,43.52049,29.953699972199985
27.129074,9.546663,5.2399316,5.479678,7.195521,235.74112,104.70318,41.835747,33.4550756590103
27.051575,8.001376,5.050578,1.6955799,8.330408,234.82306,101.54219,43.88978,32.95154011303645
58.952618,2.4165893,5.252505,8.174765,2.7975464,223.5675,93.25621,49.595333,51.24633441235398
64.762695,0.68037313,9.740313,3.688846,6.0328283,228.43657,92.98707,68.99279,54.08852515282881
55.002125,3.1690414,9.11454,2.9380202,1.8882939,228.45515,100.04394,60.542583,49.67981099314864
77.730354,2.6679454,1.6171278,8.281252,14.715354,235.19928,104.57417,64.06959,63.120783032865106
42.492233,5.059258,3.6888251,6.3852506,2.6593924,236.75322,105.02024,50.225983,41.73611326854134
37.142727,7.777279,4.2395616,8.982591,4.619346,221.89551,94.51829,51.044945,37.83782901064818
72.115944,8.583229,3.6053293,6.298837,13.478101,231.25938,92.00199,38.172985,62.02187356999407
33.41575,8.448641,7.9849596,7.4081764,7.757941,235.23497,97.68922,58.841835,37.490927811200386
77.79335,3.5967555,5.2403765,8.364459,2.8989208,235.72382,108.36345,46.86336,63.134231636517875
20.729269,6.8723435,5.7209983,0.54739636,6.3792276,222.95987,100.90735,59.697876,28.573216246125476
78.192726,3.128342,8.530135,7.7604895,2.6221519,230.5101,96.40199,46.362217,63.1436912800599
22.589594,0.60905546,8.059281,6.137065,3.803024,237.15117,96.472755,34.340687,30.77347063109599
73.46859,7.0156527,1.3221152,0.69507796,1.7284179,226.37038,92.64174,36.922146,60.16204091081762
51.662067,0.09827553,7.139146,5.085779,7.135185,228.50233,99.46448,62.462803,46.53046753705413
79.57789,4.091826,4.354361,0.8245808,12.292906,236.08717,105.827255,40.344658,65.2275527674091
24.427794,3.2937927,2.946489,7.359472,9.203568,221.78639,109.37117,40.574177,30.749685194645796
53.23126,6.9337754,0.50018823,5.4650173,9.488834,237.18987,100.0319,67.17472,48.74599033591941
78.15815,7.6624546,4.8724957,9.535735,3.8081765,226.22313,93.3443,56.305424,64.15529939799922
51.38587,3.0409462,3.5543668,1.8313537,5.8145137,220.029,103.659004,34.572304,46.76874340459784
57.76392,8.11627,2.5151303,6.0603347,12.833389,224.68318,105.135826,35.743412,52.065681007020665
61.744923,2.9391675,6.9467173,2.1158214,2.2299867,221.79001,91.434,40.8947,53.30323731806924
47.272465,4.4632635,7.694854,6.14065,13.011029,221.8477,107.002785,53.759827,45.58022200361247
57.653484,7.2701855,2.4478953,7.226497,7.7716603,233.85672,106.58645,60.113018,51.303119268401005
55.058857,6.929202,0.49447438,7.2230434,12.720064,224.27953,99.45082,40.97986,49.329808725713555
74.06948,9.873685,8.487527,8.15074,5.45209,238.69485,101.20845,64.82568,63.15178241407069
22.726784,2.2516103,0.09959741,8.535502,5.743801,230.32889,104.26816,34.367207,29.82324126630612
36.85779,6.623179,9.371125,0.77271724,11.522469,229.20197,103.534966,38.303967,39.69709632313699
77.02469,6.096819,6.276199,3.4326715,11.989946,228.68567,90.33072,68.818596,63.944063295202476
73.415825,9.150985,3.2184663,6.8712254,4.2150254,233.85175,92.44871,35.389793,60.808145673543166
47.339405,1.5636214,2.4647791,4.9858627,14.620198,229.04526,93.25181,65.52445,45.66170329873149
57.207954,7.5179815,0.09005664,1.9067595,2.1828616,222.572,105.11352,58.157402,49.28639096926544
36.64287,5.6826863,2.3547142,5.527096,1.9590415,237.60344,98.801674,32.923485,39.64946136901309
31.28727,2.7466588,1.377283,4.0743566,9.337059,228.5679,100.91005,49.348274,35.22668761512775
47.821903,4.744349,6.121662,3.9003828,11.118371,221.48009,105.45375,50.759174,46.381500436317864
41.201134,3.337766,1.6654559,8.097537,14.452406,230.58733,96.81965,67.28558,41.270398597001275
55.019367,5.793134,5.2862983,4.0759835,6.669241,232.94693,104.977806,46.844185,50.2396320400173
24.664078,8.890006,5.901164,0.26454505,1.3540797,225.51164,98.845985,47.870544,31.932166065217885
78.46369,5.69305,2.980417,0.5806334,9.440549,236.0068,97.5436,34.49935,63.89885530276262
79.172646,6.317224,0.35064948,8.562441,5.055744,233.39552,96.66074,55.566902,63.63131499034689
61.8897,5.1874785,0.3725388,9.606009,7.0612597,233.00682,109.2989,38.43588,53.90751855601956
52.165783,0.5116551,0.26347333,6.8840933,7.838573,228.4165,105.43947,33.10133,46.99179686160249
38.571655,2.3285856,7.391247,3.643683,1.9031765,239.23831,90.403915,69.87676,39.52094732336044
68.8277,4.9200172,3.180097,9.3860035,7.803745,225.48378,109.14831,40.785187,58.83488609303449
61.08387,3.1023529,7.9630017,6.628031,6.9684753,231.55411,105.50879,35.642128,53.13806469849828
29.757017,1.817636,4.3173285,8.443336,10.975619,226.1811,92.9835,57.979614,34.564643672780534
74.65563,5.0413284,4.529981,7.658523,10.039323,234.89609,91.526764,62.867287,61.94353246078825
69.352234,3.228098,5.128826,3.791393,3.59302,220.95583,96.16388,32.5631,57.32059333652715
76.98799,2.5810764,7.1303144,4.787022,3.8859448,220.91788,102.48363,34.215733,62.77527026463021
63.54317,4.639854,2.7350287,1.8613216,4.5140867,236.21722,102.33093,33.606953,54.74965179279266
56.804913,1.3328426,1.2158735,2.920141,3.5053062,228.68536,95.517006,31.878372,50.06223169215775
45.09458,9.277457,5.5605736,7.7812567,10.200985,226.82361,98.9135,56.378258,43.73835475424434
75.96371,8.677021,3.2697763,8.939784,14.922023,232.15054,94.2378,53.532528,63.813817274431614
71.96384,7.0762057,4.424913,7.244604,10.129517,234.038,91.01157,56.512268,60.50665045063713
22.71312,1.0621383,6.469467,4.6517367,9.493542,224.02403,100.33941,50.22669,29.00420897253279
21.582018,7.7587724,4.9412575,0.8650927,6.7389913,223.70862,96.93982,62.700306,31.01772123262392
42.587803,8.079574,6.2027884,0.56947947,5.3761234,239.16301,100.85765,51.866734,43.622805608083794
68.6332,7.677646,5.442,3.7432556,13.755033,231.79329,108.930145,66.74988,59.448310403764395
79.236565,1.1396589,7.3979635,4.638217,14.566027,227.80232,92.86741,49.42594,65.12352062168873
29.025013,6.4390798,7.059366,6.091206,7.9548664,236.02884,90.03924,61.626347,35.41702147116669
55.647842,8.343248,5.341899,0.06489521,5.062807,230.50317,91.53757,46.294415,50.32954855179218
42.85345,5.773534,6.78903,9.897229,11.781711,224.83325,99.254166,47.408955,43.17624859035611
78.19486,6.4640737,8.735596,3.6393888,2.8543952,224.1347,104.13864,63.959682,63.62247151746796
70.52714,4.583635,4.322713,8.480947,11.718235,227.93718,101.61527,34.306393,59.31856181236468
70.29972,5.287073,4.1276307,5.349667,12.465278,237.19792,99.897896,52.59671,59.242732224946415
48.12159,0.3437686,7.642456,1.3043946,2.7486553,221.22896,97.07926,59.05346,43.79164286672073
44.88917,6.3896303,5.825538,7.9756556,14.676061,224.37051,96.199486,60.016823,45.17524467219332
36.404423,0.81447214,0.7100678,7.098271,14.797172,237.86304,97.52573,53.65974,38.82025201979121
23.38253,4.350146,8.92112,5.2743607,14.114073,222.4347,102.2327,47.92258,31.367927147698882
71.88334,2.9265509,0.30783102,5.1455307,7.944487,232.59251,93.35508,40.431297,58.82270956613055
68.77406,5.4542794,7.4839635,0.87479603,4.445038,224.27023,105.42724,66.37705,58.008550707798385
79.98306,1.3341633,7.5879416,6.5584893,9.148129,232.11734,101.505066,44.79152,63.908775446043876
79.79821,6.916434,9.531111,9.112452,6.8790736,227.66208,95.383125,61.959682,65.71256750120261
53.3259,7.950115,0.5413441,0.9324492,3.883281,222.03354,100.023056,31.266624,48.252053572933896
66.139244,1.6335444,5.968569,2.6351144,6.93147,231.6495,109.25558,39.28677,57.42674876945538
76.68594,1.0431309,4.2784057,9.02308,10.294457,233.66086,90.40983,43.82339,62.1548228671093
70.97884,1.4551548,3.3063295,2.843439,1.9927864,233.60545,93.990456,56.86296,59.013415306187675
34.840885,8.7712755,0.9031856,6.539437,5.667852,232.74069,98.967606,42.77323,37.05750544908635
47.03265,5.281893,5.626541,5.3481817,1.2491285,230.0045,102.76879,31.654552,44.27415898671309
27.749565,4.67261,4.790407,5.963276,11.492937,230.38945,94.24457,36.9547,33.500006731974835
77.243065,1.0671182,1.0455446,4.157889,9.969678,232.7128,108.62808,40.366615,62.73248379580705
56.37048,6.49556,6.124895,2.9999146,1.8774099,233.80519,102.85144,37.0419,50.37111133239921
33.718567,8.679996,7.3795314,0.48533452,14.506326,233.09753,107.54864,38.148983,38.57236527028261
60.30204,8.281858,7.672783,7.4428096,1.3167018,231.7389,96.58636,60.758278,53.255332851400404
57.087696,6.260547,9.053732,7.4609346,9.259449,223.11678,106.57908,46.481346,51.45189220377546
41.48976,0.7527872,4.0947075,6.7072573,11.869144,224.21233,97.564384,46.20717,40.78637829222886
26.813456,1.1239703,9.530727,6.436338,12.030548,225.20448,95.05504,68.66425,31.724715936279
60.29439,0.49308988,8.654294,2.4371712,1.4799919,238.39323,108.23311,47.868073,52.23110028648552
51.218464,2.5747921,2.9650156,0.22344933,13.689812,235.1879,91.84437,67.10632,48.05014348370252
66.3391,1.3566147,1.5928304,8.087154,13.858323,231.05734,108.85777,41.962524,56.050601158166046
51.20981,2.6004803,4.3538938,4.9113855,8.859466,225.04114,99.1703,46.02505,47.4351710983838
71.13089,3.8505805,4.018987,3.0683813,7.7491646,222.21783,109.85251,45.851334,59.83579828600501
53.11441,9.429828,5.757193,1.019319,1.6281445,237.97519,100.79189,51.843155,49.26430344468153
53.656277,6.1037607,5.8338623,0.6272159,8.867358,237.85332,105.149765,53.369892,50.591829357366784
72.59921,8.349738,7.49987,3.4886672,6.731307,222.21391,90.14142,39.925003,62.197881462658174
44.208973,7.103515,5.0988994,8.047371,11.81929,235.94434,99.933334,61.74337,45.79720903076454
28.040915,1.1250314,1.0482264,9.187238,6.65437,228.9329,104.74907,49.86104,32.11408347288435
21.726961,7.3592043,8.582913,8.967514,10.570131,226.47934,105.65654,30.281742,30.50683495568887
65.308235,2.7509887,3.0976458,9.200008,2.419714,234.78209,93.16097,53.653625,55.21070538920992
57.218575,6.3910785,9.712975,9.077253,2.8613317,232.28659,98.37942,61.92238,51.86363374309104
62.244785,3.4096198,1.1786011,5.2722473,2.9559426,235.6006,98.38144,40.01867,54.25232583838738
32.77785,9.976723,9.582512,2.1941564,1.637357,221.48657,92.072815,31.514841,37.45271062763728
28.18229,2.6355147,0.91011804,7.980466,8.578604,226.37173,98.86091,62.287148,32.45523198150369
20.87268,2.7913048,2.3103614,2.1371298,12.115548,226.38634,106.14186,69.05107,28.94169603426733
41.035255,9.306723,0.46579942,2.6720726,9.545757,226.59506,96.00362,33.062546,41.15136743397327
55.39506,0.24644405,7.0511312,2.3325431,9.049369,230.04959,98.65149,67.52147,48.77299066740317
43.53464,6.96689,8.502987,5.149824,10.528735,225.66028,109.21918,44.370975,43.97081713572956
46.248497,7.253264,4.3407106,3.218275,5.7550344,228.88766,90.63416,67.657585,44.316175152958515
74.24952,8.363786,9.285221,1.5415605,6.067357,227.35555,101.83044,55.95357,61.53402067801066
40.89533,9.744393,5.902991,4.531734,5.399781,234.70592,104.86872,65.60977,41.860758518930055
50.83937,9.75602,6.3000712,8.739073,10.969525,232.07002,105.21765,61.433323,48.97982137281653
67.01918,0.6527676,8.454192,5.7055287,3.2629647,233.07259,104.31876,31.11991,56.579046800357965
43.79257,8.218393,2.968002,8.783356,1.182354,224.21169,104.52903,32.6177,42.565816664119446
57.325203,6.4630995,3.5426571,1.9587219,9.34675,226.51004,91.18025,51.029785,51.98046588125701
71.74182,6.4734216,9.059519,1.6697388,14.193339,220.42331,100.68273,35.18476,61.49138808876573
76.97124,1.2834992,9.009635,5.755771,9.531711,222.1675,105.65938,48.44137,62.71232592805724
28.82441,6.5018716,9.764828,4.633289,11.960903,225.30109,91.8813,68.18521,35.49055957781837
75.59526,9.824826,9.018383,6.6017265,10.41907,221.30928,90.241,41.79029,63.65002994496208
49.526978,9.118186,1.2737204,7.946268,7.964113,232.05264,106.29124,49.556507,46.46393112296688
35.494663,4.3913064,8.237243,7.513073,11.057493,239.9626,104.24589,45.370384,38.198881577757845
47.548145,0.39947975,4.098385,9.422612,12.537457,222.01631,98.244125,55.193077,45.22993953462738
78.801956,3.6229348,9.908013,3.982564,4.146243,236.4246,108.80793,37.753796,64.72808171072505
49.557087,8.263903,4.72281,2.0638673,5.7058268,222.37633,105.33196,40.39757,46.064336284780296
39.725098,7.014991,5.5383606,5.509126,4.13216,233.39828,109.357216,64.350716,41.77971419915844
58.00405,4.5934367,5.297749,1.1074312,7.3304214,232.86316,108.5863,62.45345,51.65779957674272
34.408737,0.5510154,3.2173703,2.8885112,13.390903,238.05434,99.62587,61.56759,37.47115804475677
24.5518,4.268947,0.7502209,2.0788805,5.8328996,222.27892,105.09418,60.836784,31.03713976515215
27.732782,4.6902494,8.956512,3.9656372,6.2425365,226.30888,103.38383,48.3775,33.89140476578812
27.68275,9.285555,8.026758,1.1121658,13.045141,221.8156,106.228905,59.155632,35.499828352228924
29.114162,6.410861,1.3952678,0.31841746,8.2152405,228.14766,105.75377,45.488194,33.84054230369827
28.32963,3.1165292,7.7676826,6.56794,8.496286,238.23186,93.06464,34.02838,35.36883090449618
58.452484,5.2531824,6.2584667,6.10249,13.051217,235.63046,94.67471,45.734985,52.652859445580155
30.912806,0.6605531,4.091438,7.0835896,7.8673744,234.45801,95.31463,36.346523,35.63798676135794
40.740036,9.725682,2.5402114,6.603864,10.541805,230.66055,106.36997,45.634068,40.731692231902926
73.807304,3.600599,8.597288,1.1429468,2.1990254,237.66971,106.214836,41.897007,60.702763063696445
48.4377,4.7786736,7.0018826,2.9107888,3.500844,228.98883,99.90671,53.966427,46.03735822936098
60.053463,3.5528398,5.477399,1.2952662,6.661267,222.99371,101.616646,44.461617,52.361198426431066
30.339191,6.825117,6.0956855,8.429724,7.927747,236.75171,106.538445,58.223587,35.91610804996305
31.537342,6.6223216,0.9106618,7.4690366,14.520272,225.59277,96.25187,50.485867,35.83878314885585
22.452118,7.153223,4.7391977,2.01527,14.589123,221.07268,91.00358,66.77969,30.563762238052863
30.136105,2.6814322,1.9370029,3.4130924,12.9167595,222.52077,99.65193,33.641018,34.07960092202743
36.71542,3.1566849,2.0838368,9.66615,5.4183836,232.18118,108.274345,57.50837,38.45525581331465
30.620628,1.2525123,6.6130395,5.9415936,14.496396,232.14163,105.809364,56.895874,35.12298873903878
25.322151,6.5550995,9.112561,8.011556,10.650772,225.20366,97.332344,68.02506,33.821466710527915
27.238152,0.39797127,4.037566,2.6459103,6.5011616,234.54361,91.295425,44.862076,32.443838339900836
47.646725,5.9768233,2.0774927,2.1005292,10.823449,235.47281,102.73839,42.217518,46.16556354757318
32.380024,8.696959,6.487469,7.8391695,1.2313182,238.41005,106.68982,36.895737,37.066439677002954
41.856194,8.908321,8.71187,6.8587246,3.0461655,231.69875,103.29897,40.61154,42.49053600412433
50.205036,4.4903774,7.483188,6.809779,12.6156,235.58847,98.501495,50.07563,47.03802151410055
61.42369,4.5930367,8.6875725,5.5263457,10.038031,235.062,92.46707,63.50852,55.33349683462264
22.358728,0.7696918,5.3655467,5.635783,6.098726,225.15617,108.215485,41.371464,28.859767473459453
67.96462,6.70765,7.5187626,7.356975,8.009333,226.20451,95.519165,36.309685,58.15026374795599
57.674023,8.212594,1.4006456,2.7000248,13.67199,229.56964,94.48574,40.88514,51.823482343932795
24.905542,2.4465506,3.4827461,3.5276847,9.842093,220.38078,106.319534,34.03708,31.275140318072648
72.41472,4.213009,3.8954916,8.716368,6.57409,225.94795,109.6244,67.06782,60.54997041638465
75.25234,8.388393,5.1129575,3.088652,2.6845732,229.47766,103.20321,64.90497,62.17385032347253
23.664677,8.771205,9.290764,5.4630957,5.1124554,222.16139,102.49621,42.33967,31.702307205545164
36.61266,2.4318,8.742966,7.026395,14.696763,222.52551,96.38862,39.879513,39.71003290184624
68.37208,5.5057063,1.3452549,9.9992485,7.123083,229.26474,90.40827,66.21589,57.87207075199996
64.895584,1.9249315,1.7278966,4.3529134,7.6057525,234.6193,93.83596,30.070879,55.121100069280274
31.07126,1.0187876,3.5764055,4.2809286,7.9803724,236.67497,101.68861,54.0231,34.5907851958658
32.56096,9.111205,2.9074388,8.425884,13.377457,230.92628,93.02633,66.64015,36.97593512887342
42.228325,8.205075,6.1477094,8.055031,9.454996,229.49498,107.67672,50.3423,43.07918274954055
49.07138,7.600349,9.0277605,7.3107586,10.711478,227.68561,93.76289,30.11868,47.08182447634014
57.095287,0.48766318,9.622915,4.6322966,6.4517894,223.85898,100.442085,38.754856,50.28023000325046
42.13482,8.437288,6.5360293,3.239391,1.4072267,222.93124,100.240265,66.89767,42.068404480847796
47.752083,4.3804407,8.381592,6.0873046,14.033621,235.83794,102.07891,30.680897,45.56913009503148
64.84826,3.4239511,5.252022,8.762233,14.287787,229.30013,96.54868,45.79119,55.58888195494717
22.200993,5.4647636,2.0832694,8.837774,14.288143,235.80641,107.47068,61.58979,29.360631643587105
35.146217,0.91353244,5.2468843,1.0849835,14.211619,234.08167,98.88603,63.52364,37.93857889348056
62.800976,7.5664654,5.550826,4.283503,12.413387,223.87791,104.003075,49.104317,55.864720124845135
73.71241,5.824351,7.424576,4.6472197,10.584345,230.20615,102.718216,39.29935,61.04496023606481
50.700645,1.865901,2.19883,9.776154,12.823139,228.88033,92.343124,53.98819,46.43767961777507
51.926807,1.882322,3.6831038,6.77998,9.407647,228.47746,102.45279,40.55112,47.59851040574262
26.43032,1.8424865,3.6402748,4.072464,2.8811746,230.85143,101.01405,40.21057,31.36562710225219
46.84474,0.5700239,9.594396,0.26057887,6.477054,239.64163,107.972084,62.30399,44.21524608520837
51.957035,5.8779845,4.43945,5.6538515,14.598128,236.25801,107.61753,36.170635,49.433712960815214
34.54823,8.4034815,7.5509396,0.96075976,5.9159293,238.07425,93.0191,30.22086,38.640719197692086
36.154594,0.17498215,7.508114,8.3445,13.1495905,220.59279,91.633705,43.47101,37.06817452649745
42.63705,0.49004644,2.6554418,7.5251865,2.3049605,222.80673,95.891846,49.638958,39.822505882575
21.204271,5.7277026,5.718697,4.6050916,5.6785736,221.69527,109.732254,58.203217,30.562470381636594
39.32475,8.194957,8.943029,4.2921076,5.913347,225.26462,90.43147,61.24461,41.88493619007299
32.686882,3.2673888,4.751977,8.97339,1.7224356,228.83784,103.45785,56.540768,35.54094156167761
39.64984,3.496144,9.451175,2.8845835,2.6673207,232.84106,102.17027,55.060356,40.70409606136046
27.185728,5.9634647,2.1445823,2.4901996,3.704313,230.01663,102.931564,56.629948,32.408707176845034
73.43164,2.7421288,0.74159104,9.391974,12.729418,238.06367,94.365715,40.86106,61.23553085852524
55.615547,0.26608366,8.914538,8.092459,1.8876278,238.79712,94.53435,45.294453,48.934712592192334
60.74614,7.3522854,8.476812,8.206256,5.181813,223.27042,98.61284,54.65746,53.50145752356301
67.35027,6.2564993,9.925899,1.9519382,1.1424501,237.05826,91.91715,32.622826,58.1736026277055
49.906532,5.80756,6.793935,1.4329599,10.738789,229.63445,91.49226,41.813015,48.38699642528422
25.215218,7.4168415,9.366879,0.2602955,9.684243,229.06659,91.76719,46.25676,33.62884273919047
52.22639,6.7523084,8.26949,2.370415,10.029752,235.69879,101.45959,51.337627,50.10052625329549
55.21047,2.0588198,8.444263,7.7419047,6.2413588,221.86281,97.954834,49.459286,49.343751754065764
64.72637,3.5248106,5.691416,2.4003842,3.9157495,237.64986,95.87234,58.725277,55.43944585384297
45.899574,1.2611014,3.823646,7.291033,11.084483,233.41727,96.31639,48.937065,43.30194073923753
27.654818,1.2985702,9.345581,2.5190825,12.35565,237.50523,94.14567,66.1652,34.03205211409788
37.026554,6.7619576,4.3211718,3.952925,2.9404209,239.88956,98.23011,45.212734,39.53515154760804
41.78494,8.586001,5.3881936,9.831623,7.815612,230.36009,94.061165,51.01487,42.54831137897749
58.755035,9.627326,4.461143,2.4481173,4.4820194,221.86525,103.96092,30.128416,51.83919382838654
54.246696,6.283471,5.6481833,3.7637062,3.353496,223.33047,92.47865,42.419117,49.85536684036869
41.365803,1.8410132,4.705051,3.010872,11.280555,226.47237,108.96484,64.66292,41.82855517977649
79.19092,1.0565034,0.4796756,1.0962498,8.533357,222.07106,91.79638,43.343056,63.90889177996259
56.34649,8.1285095,8.820482,4.8989415,4.0265946,236.30684,108.86922,40.127453,51.20236232543041
34.23361,5.7875648,4.4439383,3.7869067,5.34,225.93736,106.6659,51.741478,36.87976603433439
26.106949,6.1828504,5.8894367,6.9488707,14.533152,239.51773,103.61424,33.149204,34.656052639319576
29.171549,7.814621,1.391878,8.175945,12.881514,234.05183,108.24603,51.264206,34.7773229951385
34.757465,7.032772,0.03387848,5.4424973,13.319255,223.46861,92.78438,42.146633,36.83418760045034
29.640882,8.344583,2.452901,0.32196423,7.4401693,229.52086,93.5263,45.324116,34.52805455872153
31.194021,0.56213903,7.0458603,6.189224,9.733302,229.33768,95.04305,61.654602,35.15582923950492
37.10571,7.4752064,0.9919453,0.5539073,6.2747483,229.85023,94.89623,56.47856,39.19471615678062
30.402416,8.508528,9.088875,6.1635633,2.0879676,230.71382,96.216965,47.844242,35.68568256062853
73.80592,2.8613505,2.1502256,6.8502994,6.61497,220.62346,101.51262,53.10065,60.611403235577484
24.814024,6.404473,2.045936,1.9776763,9.31573,233.72603,90.56345,60.67435,32.24187813613653
51.470684,3.1416206,1.8150796,8.193461,5.02002,229.74384,97.645454,59.83135,46.61918120129004
44.62381,9.579711,0.13981713,9.110851,12.871308,235.8193,94.927704,37.41287,43.30578153065067
78.94272,0.33423573,7.718055,8.13087,3.1154022,236.30699,102.1326,42.03677,63.15225920697167
26.722334,5.7979283,8.750345,3.051092,6.139807,224.6107,109.703384,43.929478,32.60301175176779
43.871334,1.6650355,6.141627,5.8664303,2.7486546,220.96846,100.353096,37.50169,41.86808675149745
78.16823,7.122202,1.8819999,9.148151,6.6676497,234.06468,98.5137,30.486458,64.60838344784675
71.93043,1.7589028,2.8527799,3.2066472,1.5552583,239.55525,97.36487,36.95869,59.339506777032554
69.02432,2.3538327,4.759267,8.200278,4.8156915,228.93317,105.69898,62.329773,57.375683143032
35.47417,4.943708,9.54346,0.09475131,6.6102934,225.19226,91.43962,51.83682,39.52710880419588
30.253256,9.14835,2.4735136,0.036467027,7.694315,223.13344,109.19541,43.66632,34.471588641222034
60.11859,2.1171436,7.316459,7.5971165,8.611749,225.74892,98.35836,54.33378,52.26600206754676
75.76256,1.4424002,4.394482,7.6144757,4.849876,226.5584,96.27402,59.593365,62.126055564274985
53.405773,7.5897684,2.9784734,7.889772,8.322578,228.4775,109.48136,44.177113,49.405568199789116
54.29676,5.0061955,4.5591593,9.300268,8.126064,233.10814,108.717575,48.642994,49.66568222240982
36.798744,9.117851,0.7120672,1.1790631,5.4264927,225.46326,102.838684,32.568527,38.683365561061905
66.16958,1.4661455,7.9868736,2.31985,12.622805,221.01953,90.37015,53.88362,56.549057081518896
31.222626,6.459279,2.4330192,9.03725,8.638976,227.46558,104.9707,44.256283,34.94965904320483
39.420753,2.3287914,7.2541213,1.772362,5.651776,237.1126,96.71115,47.340946,39.38152262578231
45.526188,1.5676043,0.6834837,6.822293,14.262739,229.96703,97.7656,46.904026,43.577201563149714
50.456623,6.8342943,9.550985,5.30463,12.8315735,239.29567,93.17484,55.29637,49.55258870424875
34.544582,5.9368463,1.9301499,0.8319368,14.756229,230.07243,100.46916,52.898613,37.80231104623597
26.89021,7.5482745,8.827421,2.8526366,10.691275,225.51797,104.89105,46.884243,34.34461506289081
56.637203,3.0946257,8.094732,5.203722,6.2951207,223.86629,95.46022,30.678202,50.8789568822929
37.317833,4.479717,9.678599,8.523501,4.9320493,233.89049,108.77466,54.838505,38.884954219144525
54.874294,4.0547166,4.778907,7.075385,10.286449,230.72763,93.89474,65.1831,49.9733723822681
29.261763,9.840895,7.273973,6.2188315,14.731432,232.07997,91.32525,60.782063,36.56436820134966
48.868404,2.9224896,3.7071066,4.960329,9.774011,235.10254,102.887276,69.264626,46.01417949433465
51.955364,2.9481723,1.8436824,2.9868398,13.342609,234.51807,106.986374,35.563015,48.04093652308954
23.109413,3.5454822,4.4307594,1.1924491,5.607448,220.86726,109.06266,38.900803,30.309804850638766
40.19626,5.645941,1.6574901,4.09076,6.697353,236.05144,105.34342,51.570698,40.87926602697889
28.06488,2.5232275,9.820446,0.28518495,13.687854,230.65407,93.993004,39.43527,34.95347993018275
23.802498,9.1529,0.9624649,2.110559,11.596134,227.83417,109.55322,31.38199,31.460492276408857
79.39761,2.6568556,5.892117,4.324834,14.739744,230.75038,108.38872,46.09153,64.50419361381051
39.341232,8.958158,6.2646384,4.186052,11.846699,232.24902,93.26335,41.50579,41.65141069720242
68.59247,1.0347506,5.3807955,0.4429543,7.27922,222.99013,101.17572,40.550434,57.21916169613667
35.27844,6.565627,6.621859,5.8906016,8.434953,228.34831,101.11035,68.126915,39.422235728693536
60.890163,9.069855,1.1618078,5.4968424,13.607217,226.71173,98.85069,39.538166,53.445690389285076
65.61367,1.6874944,5.550185,0.78104305,8.723054,227.00818,109.68562,35.177303,55.04116181500256
55.738323,9.6832695,2.8721256,9.43163,4.5755634,221.8267,91.192444,35.01277,50.33214639545278
48.29457,4.5288334,9.401761,0.99382776,7.098677,223.19687,102.54418,62.252964,45.750090859456094
44.710453,9.457151,7.6207166,8.548342,8.228424,223.23665,94.10607,58.59392,44.02368131027889
40.932095,6.7682004,9.725144,0.003097319,2.3540776,227.4645,100.54662,35.179447,41.861353227627696
75.77175,3.0158687,0.3755607,8.822811,11.412678,237.88983,105.59482,38.790123,62.644321577971574
69.837166,1.8830253,2.8513317,0.19719732,2.530955,224.12054,94.93454,59.89372,57.310227453889524
77.90161,3.0373504,1.9542259,7.57812,6.668848,228.32385,97.86719,40.984657,63.26291464147837
27.457834,0.9301741,0.111545876,3.616908,12.264714,226.2322,109.01536,69.26168,32.94415273622979
63.852047,1.4386797,2.4232574,7.382168,7.545985,235.74767,105.229614,51.622803,55.13735916325613
76.30043,1.0466044,6.78776,4.0174522,12.788218,221.00253,101.45446,37.680317,61.91209599296632
30.873983,4.2294354,2.3108892,0.7090792,5.7863383,223.93086,94.43995,64.35234,34.223403446265586
23.989777,7.955784,5.0900345,7.675067,14.406908,224.21283,98.50611,42.779022,31.752623588225052
64.46724,1.4138355,8.878181,0.71252686,3.932558,239.85925,105.481224,41.552296,55.79195381471995
54.468388,1.3032043,6.937579,9.221205,1.535698,231.4155,106.41086,43.09765,49.00587775574766
70.50973,6.4342895,3.9462907,0.50974035,13.213971,222.77916,94.89212,60.72789,59.18234856961776
28.386343,1.9718298,3.7246895,4.793253,11.530838,225.44398,103.2412,36.928516,34.71165928208576
67.71604,0.9761004,4.5573583,7.2303443,4.2477736,223.35645,91.90006,45.27143,55.856725388543296
32.09764,1.6684858,1.7704144,3.9324646,14.786383,222.4921,90.46425,31.23331,36.35527939430145
29.819357,9.237314,6.340008,2.1723347,8.031921,235.94363,100.97348,63.065063,36.76505737900491
29.855947,8.214712,3.6415281,7.5909095,14.314917,229.91505,94.487595,43.62875,35.83958007313858
68.87448,3.5406456,8.523653,7.842947,8.070403,232.6242,91.57824,39.926918,58.31623929034434
59.911835,6.5582075,7.5655265,9.22695,7.606244,226.62503,104.596565,53.19573,53.01934761853555
51.383926,5.372757,6.1051316,3.761651,7.2879395,231.0739,99.959496,58.199677,47.98034082629582
41.52983,6.7712426,3.6420221,5.062517,5.688254,225.15138,105.92554,62.515842,42.18658034238577
72.632034,6.8267117,2.0993183,3.6312845,8.471821,226.16072,103.278885,43.911396,59.68850442127476
43.546707,6.28734,7.7615185,2.5708182,7.3357654,233.04475,104.5961,62.492035,42.91158022372241
68.995964,2.6610136,4.864091,7.5103297,1.5144563,223.007,96.14721,48.59524,57.40659548491818
46.348095,0.3900642,2.2475004,3.3965185,4.6460934,232.34444,95.26552,34.045692,44.01500371352721
42.616665,4.555668,1.9517461,4.2814946,3.983719,237.0447,102.017494,63.8523,43.09327822537777
47.760788,8.909739,1.6540091,4.0367365,13.144098,222.40846,94.00164,51.90539,45.0357169904649
38.082672,5.6949725,7.771612,7.126612,9.38418,237.94922,106.30824,54.09878,40.7280867824434
64.85656,8.323911,2.289872,9.177957,11.691564,221.58891,100.458405,67.49965,56.57977237710351
50.163223,9.916244,5.2664227,6.6675606,14.395564,226.97818,94.539795,52.36606,48.396552544113014
33.932762,1.636162,4.515464,4.715826,10.01655,232.21019,102.503365,30.223341,37.0909229719947
73.97447,6.9177766,5.796109,7.7920513,14.75654,231.1883,108.90071,64.82463,62.92263046587574
43.033474,6.7429357,8.771549,6.4097133,5.3646965,221.92783,91.64189,41.39004,42.80271145369375
52.61317,9.799555,8.677474,0.6061036,3.6077406,235.97826,92.186905,50.07068,50.0377236517033
74.38833,9.856008,4.510761,0.9566359,6.6463385,239.46306,106.876785,38.195465,61.85941347877689
57.45428,6.866786,0.1536625,0.37916943,7.591192,223.62457,92.19188,41.87934,49.608053307185806
27.013882,2.436148,4.264438,4.5681634,13.535062,237.90262,90.787506,57.465954,33.49881501257438
76.38993,7.9855585,6.0619354,8.258534,8.839166,231.13618,96.95861,47.182934,62.32479049926122
57.662483,1.0702914,5.5776477,3.1308317,5.090534,238.71867,99.334114,55.085224,51.145161386563295
40.094337,7.806993,6.513361,3.8416018,11.39688,223.52171,101.388885,62.943027,40.960175704042015
28.356325,9.101961,1.5407573,9.094771,8.081647,235.84042,100.146,43.63288,34.25446616942058
67.64151,3.8283339,6.465351,8.369035,3.2698472,221.19563,108.263695,52.7336,56.93422832648527
57.204365,6.306353,1.8265162,6.650481,9.075477,237.66393,105.37336,61.103516,51.42604835808909
52.007664,4.3014274,7.50524,2.668038,13.759523,233.48318,109.67621,58.604927,49.29492040866853
73.63355,4.3776507,3.390876,1.1704148,12.796717,227.40509,99.529106,51.59374,61.38208350562492
67.315834,3.103709,7.098954,0.16058822,9.21534,223.80934,91.68659,45.33534,57.131799810138034
29.100492,7.6212964,0.478656,1.0701067,6.2791643,236.33066,109.11061,46.30008,34.808761730335476
38.703323,9.361766,4.0786004,2.9259644,2.2177026,232.06482,90.08226,47.32541,40.39362071281721
34.909348,9.407509,7.0503454,5.5179005,7.575085,227.20831,105.52192,43.95382,39.122126343566784
64.63678,1.7478129,2.2687051,0.6400008,11.529112,228.87671,90.62564,57.963024,55.909083683334295
22.011946,8.747437,7.9528704,1.3622777,6.0438323,236.53085,105.22428,35.01661,31.64884792044141
54.193382,7.3743143,6.3077974,1.810807,4.2962556,226.77855,108.75878,68.698166,50.72371851573715
65.74752,2.528374,5.8756175,6.319821,14.039316,221.79265,97.78521,61.15942,56.49939491296197
72.60594,0.67284614,3.5354886,6.157898,12.50178,238.22565,94.8193,41.92652,60.43975395252724
40.524906,2.6799726,4.824515,5.507657,9.935859,227.74687,94.52558,31.701902,40.89286396826557
69.27544,9.122083,5.973493,2.5050142,2.9149668,226.96774,99.83435,58.452126,58.562410655689895
26.637905,6.3317866,4.7246213,3.711197,3.0287237,224.088,93.41774,59.374363,32.18088330541252
70.78714,7.2105465,6.9831333,0.9668972,2.4450743,237.94846,103.45847,68.54491,60.30813885313499
27.64932,2.5715234,4.3369694,2.264606,9.628154,224.35011,97.36705,40.148224,32.72379246391682
43.83724,7.1938815,2.0227318,8.977053,2.6178792,232.73346,96.46219,33.309002,42.836421042697864
67.83772,0.28121507,2.1393378,9.796918,12.796781,237.6153,99.22571,66.60539,57.699820153952444
28.995045,3.7532134,0.058037687,6.476596,14.90151,220.69827,100.85175,40.345963,33.62813938228703
33.755085,6.2675333,3.0095773,9.168233,6.128875,236.57584,92.83861,58.86126,36.90103797703604
63.335155,1.4609656,7.4891763,6.427419,7.351378,228.21199,104.155266,32.426384,54.918220756687965
63.20219,8.230036,7.941627,0.33196485,10.963341,233.15948,107.65894,60.423393,56.2092243124743
58.468857,2.350313,2.0246754,9.967626,14.120142,227.44809,95.55974,35.081036,50.46211992442856
61.636906,6.522811,9.59044,0.989523,13.517313,233.91032,93.60782,57.823456,55.02659215876334
52.563465,4.0519714,5.024028,6.826418,1.8062856,225.08589,105.210106,51.29372,48.38144643821861
35.107944,5.960436,9.169787,2.528362,3.3670053,220.43861,93.67084,68.21953,38.81149310520355
40.74176,1.0745056,7.0676527,3.919811,11.564361,238.95575,90.8251,31.476706,41.962984472890575
30.895863,0.169128,7.2243342,6.459342,10.644504,220.32736,102.384865,41.68195,34.8019318098172
74.507034,9.095644,0.8504362,4.3648734,2.8650603,236.48198,94.79503,32.780357,60.75617591980111
55.00351,2.6963,2.1999114,2.5054605,8.028904,223.38275,93.43621,65.16791,49.126577416062105
44.051086,8.19677,0.08814833,3.344462,11.931405,227.8444,109.63206,53.756046,43.414516898706886
47.72035,9.993503,7.1612763,3.415481,4.0629296,236.44984,95.8373,51.398785,46.75238884116547
76.837,2.1143126,3.444383,9.593239,13.198027,224.11864,108.06886,35.258316,62.82764118615763
29.201084,2.6517074,7.866525,7.98613,1.7416048,237.31415,93.56438,49.56129,34.10813549926997
55.17379,6.6285977,3.389362,4.585488,11.950731,229.95518,106.37954,45.948147,51.08267321271341
50.35332,9.654487,8.193337,1.9982092,9.621465,227.32307,100.040375,42.630074,48.98179064443068
56.687256,9.158143,1.3069825,8.110161,5.412791,233.24875,91.57189,60.887558,51.0591877268013
21.08661,5.028755,1.7337315,1.5718247,11.093056,226.82779,104.672104,32.451042,29.485500031928243
72.32743,7.9511027,3.4087653,2.1046221,11.953121,226.94577,107.84147,55.867428,60.640591908587645
75.92709,1.3574585,4.0848737,3.6601338,14.074586,234.67053,93.26034,62.91972,63.01555598619963
53.90799,9.774382,3.4870281,8.803482,6.148845,226.19664,104.5118,66.29229,48.89969099883405
61.79905,9.643533,7.6364703,1.3178667,10.604235,224.01546,98.90105,59.836662,54.741176134045006
75.34996,1.6372895,0.96951395,1.2223419,9.436628,236.15292,105.07741,41.298225,60.958510808165215
62.43432,2.9942312,3.5121703,4.9397497,8.352885,236.10742,104.27856,54.020298,54.965456725330284
29.152342,1.00155,8.3724,2.7641053,13.465831,229.95172,90.532005,35.656143,34.16074985697713
54.5773,2.717176,0.6679708,5.687279,1.0443424,230.53311,93.57442,34.682426,48.54123955659642
56.402905,8.159558,9.423435,4.516367,4.9495625,233.92154,99.42055,55.544964,51.73247726791229
45.44784,3.7831562,9.863169,4.3495913,8.535881,230.18549,108.67188,64.044304,46.16004411584398
64.18665,0.88396966,0.88568175,1.1197298,3.4961057,228.3408,96.84147,32.689926,54.37931322298653
76.06202,3.4222553,2.9127252,1.410497,13.710132,239.89789,102.57747,34.24015,62.240935660972305
75.53411,9.813833,3.7240067,8.210786,10.066332,222.9528,90.24168,52.62429,63.308243711900246
47.05036,6.296836,7.7639136,8.858828,7.690362,231.85455,104.22254,38.728474,45.718877777831906
26.794283,4.1616096,5.959268,2.3468354,12.405825,237.71725,102.06136,54.472725,33.72841921541042
79.09047,1.6653851,6.443657,1.134605,7.3124065,233.7443,104.30789,38.581753,63.844777250510504
70.333885,9.861768,7.575098,0.5341667,8.821142,237.61847,108.093216,34.65928,60.81518470106996
27.479761,8.20849,1.17979,6.0829763,1.0385139,226.7267,92.92998,51.822998,32.40539119825377
75.25051,2.814773,8.332094,7.153532,6.1198072,225.43987,95.23179,64.48781,61.58734987329253
72.19378,0.70068693,7.056198,3.7280998,2.9430666,237.02545,109.91562,57.40488,59.225416108648744
51.130283,0.56625557,5.7734175,6.7967587,10.655642,227.8823,93.12568,62.749004,47.158318182958986
55.476524,1.2037815,8.897353,7.129588,7.7063775,234.19365,104.41254,40.653408,48.87108735379148
43.940163,5.807686,7.0030637,9.353423,5.224606,222.95497,104.50152,65.43915,42.6083883631343
23.285698,9.287634,2.0169997,0.64873636,7.5496526,235.11676,103.659874,45.081566,31.956056654739523
40.111835,4.9674344,4.297454,1.9229172,3.9348185,230.97966,94.54881,64.09791,40.9712659776767
68.1712,8.429455,4.9404287,0.6852599,13.951213,225.37224,94.30268,48.847023,58.53913513078279
20.277922,4.458866,0.5521763,8.679939,1.7556169,229.89008,103.32682,40.714306,26.944009686641916
40.00995,7.0858355,9.546375,7.9258714,13.115838,233.93887,93.725006,40.410355,42.58337692543242
43.89012,7.3187275,1.2857726,5.746421,8.159023,220.23773,103.23127,52.706715,43.089860257028505
52.243736,1.739637,6.9746127,0.8366341,9.665251,232.74934,99.85056,33.16041,49.6597733891631
75.19134,3.6121607,5.06231,2.7331235,5.236479,230.83182,97.732574,67.20225,62.83674117378279
40.780758,6.3730216,0.2563225,2.9771984,14.533767,224.40572,96.00465,40.85854,40.59874091014986
40.817192,0.7069661,9.247475,5.607432,4.9459133,235.05962,108.95154,43.42499,40.59311095908375
64.25008,3.615402,8.518368,2.5804389,9.244292,226.06921,100.16187,39.33206,55.006327701680846
47.133076,5.347995,5.2425795,0.72959864,14.907834,225.53722,101.22504,30.12032,45.552789417243645
33.476288,9.962245,2.2894235,7.307623,13.335321,229.42436,108.98512,57.70201,37.57549556060302
47.14637,4.7453356,1.216229,2.990802,8.508617,233.523,103.077545,53.622116,44.723547357624845
28.451422,8.160567,3.6339247,4.5237417,14.865243,238.57692,109.15706,62.38578,36.34107741992016
30.58322,4.320673,2.554283,1.2766664,10.819178,222.82715,92.127335,31.64043,34.448964198168085
49.902065,7.9639072,5.066912,8.025483,3.9218059,227.92937,106.93279,67.146225,46.97447657428689
45.13553,5.954148,9.664093,5.6553187,6.678347,221.3398,96.70829,43.235477,43.365870723287564
74.890755,8.865954,5.749535,9.015856,5.6829066,235.17102,106.20975,66.5228,62.830006392548746
41.743633,4.1094255,8.89931,4.9547157,5.816192,228.95465,107.11273,34.28526,41.53274218834519
54.8353,6.043044,6.5087886,9.414257,11.64639,234.13858,95.429756,59.756824,51.4185215035381
57.935856,6.3001866,4.7524652,8.918682,9.179681,226.4439,98.17661,53.174328,51.82507205726477
20.785667,4.1738296,8.546076,5.7645984,1.533298,236.88634,104.52029,44.32765,28.729777167760016
59.81224,1.4431205,4.713681,9.338934,13.284279,230.69656,91.98111,33.165695,51.83833912845318
30.682158,0.9355941,8.686282,3.2308874,5.155146,238.87216,105.11067,54.18946,34.51525584597701
77.66422,0.1667155,2.9157677,3.6564217,14.959048,221.5763,92.20946,31.057596,62.98454411330409
28.919764,8.735343,1.2881308,0.4547795,14.35867,230.28554,108.289116,50.051285,34.87829923075916
44.87745,2.3647492,8.553144,5.8920093,14.16743,235.3291,95.52679,54.168343,44.331204096510476
25.12098,2.1150675,5.8741517,7.2192397,12.355786,232.00305,101.511986,59.30095,32.662771597256274
79.812454,7.360354,8.890924,7.735192,4.088587,220.46388,92.34307,69.65339,64.60882039397804
50.131702,3.2001612,9.378272,1.4981629,8.456859,239.44678,95.38986,40.403748,46.26666868905486
55.723103,5.0604467,0.5362839,4.441591,4.140237,225.96527,98.0791,42.89559,49.33136926886384
24.02459,1.6251106,5.009693,1.7686322,4.6354566,224.98555,99.740974,43.645813,31.085262217953147
64.99763,9.597457,3.7496455,6.6212735,9.553325,229.7132,90.00135,59.26331,57.27868202222638
32.594337,8.515814,6.258584,1.5794637,1.5716696,230.84315,107.77312,67.27277,36.048368468784595
73.883255,8.637897,7.935912,9.041636,14.57242,235.32576,90.153496,68.97295,62.999287087649805
32.30838,4.0677376,2.8059022,2.3063464,13.861424,227.86548,105.473694,67.83245,36.89822552493223
31.441263,7.623612,5.5679836,2.9140227,6.330746,228.79921,99.411575,65.17532,35.92943684006395
22.19298,1.4387616,7.087286,8.509063,8.215915,230.6992,100.4776,69.63909,30.113693451311203
48.324017,0.08619002,1.3443109,4.5846763,7.525672,227.88774,94.165306,45.03783,44.399817974398914
53.89047,0.19972932,8.140669,0.23995946,13.350797,238.29095,102.14737,67.93285,48.69890391507137
23.942518,5.8660173,6.061096,4.9458623,10.640427,237.02504,100.74464,60.4408,31.810928585649858
66.531654,4.553949,9.495375,0.84543335,4.8935575,229.09947,93.28473,36.738396,57.641237639232635
47.19733,5.1801534,3.3952892,9.853447,7.2557774,220.00389,94.76238,31.818607,44.877883911840364
51.463417,0.07463141,1.0814594,5.881116,7.0055237,238.01869,91.33807,38.579357,47.672221907362854
46.445766,4.2268662,5.065012,2.5653262,14.430693,222.48672,91.32567,61.150043,45.42675572821562
44.045784,7.1806817,0.85810775,5.637177,3.4543529,224.89024,90.27551,55.267876,43.12853974853707
53.57842,4.426937,9.695265,0.76867104,2.2540686,223.04723,94.409485,38.97425,49.258819729435594
29.314415,7.322192,0.38684958,7.998913,13.328664,223.59631,103.59322,59.676857,34.507019209950414
30.915688,2.3301897,7.535039,9.253281,13.553604,236.05756,96.32431,35.65289,36.10071548496334
71.70714,8.13142,5.251024,8.744444,13.204348,231.59003,96.85468,62.873657,62.65978577809496
76.76693,5.8843126,3.6862066,3.417576,8.153677,239.1219,92.63811,61.766438,63.59507036012842
42.39856,2.107631,0.65842164,3.2576811,10.236422,224.62907,101.509415,68.90304,40.61353038484757
36.24468,2.3672047,6.221669,0.35087612,8.887083,229.71269,96.84287,36.01118,38.77789889806261
58.639973,6.2803044,5.8522034,6.5140038,1.9722695,239.54857,103.52634,66.26452,51.91277994092378
44.52405,8.299396,2.8088326,5.3490477,9.341688,236.52887,104.82919,43.644108,44.711010962072244
21.523182,4.1562777,9.102217,4.593464,1.190598,234.57231,101.693855,46.642395,30.149250201843316
29.369156,2.5830042,3.0411,9.076309,5.5498238,223.77951,95.52139,48.737804,33.591292319590316
62.958332,8.670116,4.497254,1.678789,14.052096,235.3881,100.17216,55.07616,55.57360425449211
59.535435,6.6926827,5.4376245,0.09666267,5.2566338,226.95131,95.03861,69.790535,52.93038188948799
21.62576,4.480855,1.0023187,0.73316455,14.157573,230.61073,108.05826,53.998352,29.541572064240587
33.31833,4.879002,9.321617,2.2337143,4.5018754,232.18323,105.32771,67.068634,37.744605649210726
33.864487,2.0425646,3.7453616,0.3328555,5.4038715,232.18727,99.860115,40.20113,36.97836905885239
60.313564,6.2680264,0.8077921,5.028437,9.797705,234.53047,109.30914,45.936466,54.4088539506707
21.182632,3.587425,3.8729117,3.1409047,11.662778,233.23404,100.93511,50.17998,29.671298957724822
26.246515,9.956451,6.0020256,1.8048301,8.019429,221.36742,96.57071,42.91608,33.13996626236423
67.994965,4.801835,5.1365266,7.5008407,13.34962,229.14694,91.90935,69.074684,58.36852567449126
30.712679,4.858856,6.94542,2.0445132,1.5633659,233.28043,100.874916,59.027344,35.178966220693944
59.16477,5.658518,0.55483943,6.876051,13.9107275,225.91986,107.208336,49.155254,52.634137148521155
34.290966,9.16756,2.845406,3.492649,3.7483091,226.26114,107.33437,60.05219,37.04612550678883
25.966484,8.008181,8.192306,5.1182775,13.379342,222.49135,102.09134,48.6977,34.66478935704744
34.590332,4.5113006,0.7989369,9.338671,6.6120844,228.3723,97.86877,30.689013,37.288440171518914
63.336018,7.1869926,8.554859,0.37351635,12.658599,239.7366,103.00593,51.727737,56.395819121468534
71.34179,5.8623548,0.9189609,5.002645,10.403317,225.70639,105.242805,55.00741,58.90476909907558
69.813194,4.9236703,8.3445425,8.5442295,3.463183,230.62874,98.2325,69.2483,59.567009142255706
43.831013,1.9231577,3.607884,5.8797426,13.852666,234.86475,99.525085,31.631714,43.52364357220568
60.08511,4.639363,6.122091,2.7687051,4.4372435,220.26994,103.61233,50.48388,52.493776542805854
32.299057,2.458186,1.5288712,3.9768114,4.4179616,238.00879,107.53305,33.92619,35.428236226089744
37.588863,9.148421,0.6616872,6.802656,12.398504,227.731,105.820206,35.959835,39.411185929487225
73.78015,3.354068,2.159382,8.908119,2.4822257,237.38232,90.44783,54.418533,60.26819647448228
20.780115,9.52264,1.2785382,0.41066372,4.108503,220.77895,92.48745,39.262707,29.23854927094134
25.130512,5.330553,3.124059,0.71538824,8.051486,222.91327,107.055565,59.966965,32.03707526345665
32.473175,6.315444,5.1438327,3.2505152,12.626678,226.45059,106.67646,50.567947,36.93226645170882
21.591932,5.4294043,5.8875947,2.327797,3.0647757,226.90924,97.77614,38.728516,29.571835541297702
30.886126,1.2938062,7.898681,2.649309,8.667356,236.95589,101.68556,49.751667,35.48789707028991
54.982494,3.758212,6.562399,2.2127,10.957368,220.22403,108.1169,30.035269,50.00826521759903
45.285473,0.9914611,6.087583,1.9582505,13.048333,232.82224,108.23117,64.509605,43.63060754375623
73.5603,6.2295403,4.1178203,1.3062397,14.097918,222.62625,105.66186,30.507135,60.64692543026994
69.046616,4.468742,4.7380843,9.339541,11.984959,236.46431,94.19178,30.280396,58.75606295410184
40.50904,7.7798495,4.1452084,1.4418947,10.139598,235.57147,104.60566,54.46016,41.96144649089624
35.565407,2.2047048,8.42166,2.0440378,7.070681,229.99841,92.021965,68.940834,37.91458236173773
42.781544,1.6456606,2.3000045,2.4626572,2.5695422,224.25374,107.87877,64.23734,41.67460248819932
55.417698,4.0633225,0.057209317,9.330149,10.93632,232.68991,92.98298,40.080757,49.50556237989406
36.08382,9.265854,6.513199,7.5571413,14.898322,223.12517,103.24697,37.866673,40.83728502356846
57.448933,7.104218,2.0246217,7.896994,11.314649,223.80048,102.204865,55.044487,51.06617707334734
44.564697,4.189236,8.901152,1.0475826,1.2339553,232.5338,105.537994,62.90551,43.629725323785024
53.12283,5.172722,8.590464,8.363099,7.9476395,239.82457,101.03155,44.483147,49.63629281979567
46.16759,0.8421301,0.7672737,4.0819306,9.605053,237.82121,91.19133,47.29418,44.38408238155165
37.667946,9.845759,1.063884,2.6282303,10.655438,231.86215,104.11693,34.61958,40.25206455271428
76.907196,6.664073,4.951716,5.7575006,11.076161,230.77074,97.66309,36.113056,64.13120767220617
65.816345,2.8540406,6.0922265,8.221829,8.813519,239.9677,96.4057,52.734062,55.812901682705295
28.40679,5.8580837,2.7490833,7.7865214,4.1270447,230.94794,109.83347,34.106247,33.87555170250535
72.10808,1.0948237,7.1679773,8.899975,14.190809,228.40233,101.808,38.081844,59.68749478213318
49.245872,9.658367,5.94916,9.281322,10.75333,238.19112,104.21438,39.38708,47.81791211168373
73.673134,1.7478498,3.2482412,2.3812208,4.3157606,224.68369,100.52652,47.75698,60.40201256819826
67.99132,6.4803033,0.2537149,4.238579,5.5125055,221.95052,105.39945,31.824478,55.946861625158384
45.51281,2.4545445,7.501503,0.14628538,13.906987,232.6818,105.04146,49.990837,45.3220626545485
21.348158,7.175614,2.1475368,8.793217,13.424792,221.91699,103.14292,67.14697,29.73018846136548
36.12064,7.7682137,8.344737,1.5457215,6.67205,227.46297,109.954865,30.978546,40.516103637281276
52.498055,6.734197,4.202903,8.614748,1.5363011,228.47154,99.19587,55.239395,48.01871594534808
58.008694,6.1449947,5.7707744,3.2938733,1.6789632,230.95076,104.12385,63.433693,52.44474371939586
35.473263,8.924691,8.729487,3.681336,4.974856,239.83319,105.95556,42.498432,40.08378555363397
28.361364,0.7862671,8.63623,0.39132255,9.807711,224.41963,97.52069,35.260742,33.1358819956129
70.09582,3.3091476,3.7151957,3.2687879,9.178725,227.51512,99.1435,31.733591,58.20488156808827
79.06413,2.4828749,2.088889,8.883636,9.873589,222.6448,109.38335,55.756123,63.71633294185599
51.541412,9.880139,7.7514606,0.255474,11.041962,232.15227,90.64582,52.089375,49.16910776402158
30.300756,3.8938978,4.330802,4.063275,1.2664516,234.55347,96.70591,39.1718,35.393160349346516
36.33844,7.326127,1.9204199,0.3139963,2.4711983,229.64154,99.72426,63.26469,37.975307143343706
21.103441,6.8472514,9.044253,3.7092342,6.0327682,224.91663,90.0293,59.420254,30.037291773811106
74.857925,2.1208124,1.9810419,1.7264065,3.16804,232.41777,107.982544,41.05715,60.19168480697828
27.065065,2.3899767,0.2580717,2.522184,2.0544806,230.78316,95.72489,60.13452,31.976428241367767
54.59099,2.8128457,0.20279974,8.775984,9.973501,223.42372,95.1541,39.79977,48.120475003749775
36.443314,4.111273,6.2231536,4.360492,12.414711,228.11363,106.406525,57.0107,39.47146421422546
53.25068,2.3432508,6.6167507,2.73798,11.536773,228.70395,95.55966,34.741802,49.35148818620924
59.085224,0.19651483,3.1104171,5.893384,12.438557,239.65236,103.15245,57.68958,51.76856180683283
69.78451,8.793931,3.20011,1.4210696,10.321992,236.98572,106.43006,39.550976,60.09274866835379
32.385277,9.656098,3.3949392,2.5939162,11.294834,234.68741,105.84954,52.898773,37.13068247401537
20.65975,3.4157038,6.8015857,5.4624796,4.804903,237.77554,105.639015,36.898556,28.741698906754273
28.213139,3.385069,0.5813379,2.3752303,14.902113,234.70969,91.77275,59.038677,34.67949908728932
74.00112,0.07091813,9.291163,6.7912774,3.5643191,238.06804,91.59694,32.435184,59.98539395637738
72.4334,6.802507,2.2252104,4.914913,4.0029144,221.09106,96.1354,36.61671,59.88366954785703
55.844788,8.254399,9.996732,7.7198906,5.0449057,229.12132,90.718956,37.36546,51.65153565479409
56.031013,1.466083,1.7152269,9.482446,14.654654,234.93797,100.0086,31.653744,50.80877574019893
59.9022,1.5966635,7.7154646,1.1580489,14.8360405,231.66591,97.89564,59.8005,53.427316935703075
30.522276,7.9008327,2.2341254,3.3466501,12.128512,223.50333,101.14052,69.2381,34.994056783513486
74.864716,6.1629076,0.80846804,3.1954906,9.806807,226.80984,95.97577,61.13591,62.276199461796644
45.126232,0.44860557,8.749333,1.5118291,8.280876,226.35548,99.71508,64.42528,43.76109956535141
42.98831,6.22547,8.587513,8.103031,14.588692,225.22694,96.69489,30.240307,44.2344647132258
51.135063,3.0891771,4.035704,7.598787,10.738719,226.86272,93.90416,34.714798,46.91189705003299
22.817959,3.6872516,7.0239615,4.8442545,14.226222,230.29707,102.987335,52.360813,30.808758953445587
29.977001,7.6973143,5.570659,5.377708,5.431711,237.09738,103.46872,69.11475,35.97008509514134
64.28202,8.109352,8.529561,0.5954414,5.6728473,234.84065,106.58463,56.428516,55.498769950189505
24.96792,4.0035663,3.1505597,5.5550737,12.966145,236.70499,107.49503,44.96547,32.53415941350775
56.189125,9.471529,5.236724,7.9134154,3.0979688,237.67207,104.08924,35.845974,50.563234912934135
34.720947,4.064627,4.8537235,5.7382755,14.2429905,228.32301,103.74996,36.113426,37.830802391883395
43.35774,7.7183604,3.5390582,2.6530638,8.104641,226.92053,91.133514,44.510128,42.44199054646971
37.321625,4.838773,8.914551,6.6754827,13.969794,221.15247,92.19559,58.552406,40.208032133878596
41.340363,8.975324,1.6587793,3.6148844,5.715099,238.60983,106.25125,31.272772,42.43755005322995
63.142754,9.077613,1.4950864,5.448733,11.023425,221.31647,94.65903,64.087105,54.91409162454782
37.827305,0.8741681,5.7690954,4.8756537,7.7602515,234.82271,97.1113,67.662056,39.54532662472735
53.98428,9.364933,6.574942,3.81175,9.77525,227.56216,92.905945,65.55266,50.53048335642105
48.563023,8.255348,1.9461925,7.18878,8.061214,238.97562,93.90304,66.52108,46.8535126341574
59.82027,7.913107,3.9071743,8.838761,14.5396185,228.39204,105.50835,30.613571,54.02603563766573
76.209785,2.0091133,9.465638,0.052125186,10.689476,236.33217,95.23719,69.111694,61.85771583386745
63.954327,8.051192,2.4661741,9.336165,4.5184655,225.65309,98.9807,44.654285,55.325688854407176
32.896423,8.5013275,6.683607,5.1151514,13.7354765,225.98178,93.033424,64.77125,38.38724022748596
21.870989,2.8915033,7.401494,7.007319,5.1164165,231.91039,103.5586,37.472355,29.7646384148788
35.735844,9.522601,4.481287,8.556246,6.2024713,239.95966,104.56539,47.86103,38.20836901626809
55.704678,0.49860147,9.375259,4.6710367,2.4297318,230.35146,97.23385,31.766575,49.49123438643341
23.085548,1.4990926,7.366567,8.349741,13.599531,238.72617,105.69493,31.60304,31.501615245187054
49.781975,5.3758116,4.5792456,1.7761981,5.0055685,235.72499,94.798134,67.73104,46.80778870970137
55.81057,5.7579246,5.693352,1.5916754,4.6248465,235.91728,103.83807,62.424263,50.81711055989152
40.054634,6.451501,6.9261346,6.5747137,13.883677,228.7192,104.59929,51.193043,42.55572837986249
66.25473,0.1696913,5.9219017,8.70143,12.277376,227.73085,109.373146,51.018326,57.181266721144496
26.395895,9.603668,8.786976,8.924262,2.9751048,223.83844,94.64643,59.950184,33.40477553296547
24.508266,0.44588092,3.5688865,6.4374046,11.770543,239.27882,91.87421,43.66675,31.670995282865647
63.691326,1.4306195,2.9988575,5.2548923,13.782463,239.18787,95.26071,60.47477,54.97888791680882
49.72948,0.14014518,2.1383889,3.313931,2.099157,234.94136,92.457245,49.400333,45.20257877627288
61.304142,5.6685843,0.37782967,9.800004,12.55301,225.92505,93.39388,55.516697,53.2082906399989
46.08964,9.322669,0.43013963,3.1969569,8.66388,224.9036,96.68229,68.59318,44.636456912771806
34.784122,6.6594715,8.700552,7.441861,10.368764,239.7722,98.279816,48.852623,39.66694927592356
69.14614,8.226575,6.7839313,5.319818,7.8999605,221.33086,108.074486,46.736187,59.841053638697055
67.96495,0.13281204,6.6053243,6.0851235,10.769243,236.87129,93.912315,66.229965,56.63067175520435
61.68179,5.420153,6.146428,3.9348054,1.47737,227.10916,109.43518,66.10322,52.92338487501911
36.32871,4.5956297,8.492191,9.6482315,11.677895,228.3774,106.203064,69.69675,40.09383110787073
55.41384,4.9896793,4.802669,5.716823,1.4668118,236.63956,107.629425,52.03452,50.633156840270935
41.658432,0.72213185,8.704108,9.377876,7.374198,221.81206,108.58888,43.770462,41.02539817403696
25.494925,6.8443537,3.5944502,0.07591416,3.11351,227.08339,105.06483,39.615604,29.59045056810243
75.03881,5.032204,9.267075,5.726706,12.53004,239.04048,105.7756,31.363853,63.03855454041039
28.209118,7.6514883,6.98657,7.171869,5.3912525,233.98132,98.75636,59.069145,34.743084093592245
77.014244,4.852906,2.5717714,7.450802,7.35731,235.09879,100.20901,39.339046,62.663819347032174
46.760345,1.4938164,5.640849,9.049768,7.0025105,235.1501,108.64971,54.265636,44.76898241773158
31.107975,6.4825697,5.3303056,0.04401609,11.815027,221.2114,97.56512,66.6637,37.033821264959535
52.514057,1.7238636,1.3789883,0.0033015925,7.736021,224.06415,90.83894,68.008545,48.280935381043776
72.37675,8.723946,5.912429,4.722635,12.045417,229.82527,105.25509,30.176405,62.00083501398452
63.933495,6.131162,3.1478562,0.29293704,2.029116,227.363,101.46315,42.683002,54.59280472822094
68.39367,1.5720389,0.5234877,9.745325,3.6823156,228.21825,106.297516,63.49512,56.389495828075795
59.527,9.623381,9.486562,2.2206516,8.721479,235.62895,91.511024,51.45781,54.73925489308922
61.536594,5.183655,6.4149036,4.7266474,14.259236,220.29358,102.42464,62.30035,54.40186145277916
70.95174,0.72898453,8.769189,0.6113763,2.0466099,233.20984,94.95412,64.132935,58.68677930327636
34.98008,6.268329,6.76056,5.2204843,1.603179,220.0022,108.06537,47.705048,36.63136129891546
49.365498,2.531989,3.5698369,3.7995613,3.1917095,221.26117,92.1982,44.359318,45.07956477829151
33.272568,8.036935,5.1268806,0.4466003,9.976144,228.16573,106.86139,48.21733,37.92917810475683
79.26008,8.178221,6.7574677,3.3512428,6.585901,236.81897,91.77109,56.11181,64.9455697755214
76.64356,9.789474,9.602523,3.9143603,12.557734,222.89992,90.501945,44.686367,64.66709179970157
22.365608,5.0186954,2.5366945,9.899215,2.007064,231.09242,94.70119,60.99953,29.877402903035605
62.33451,4.5495687,8.74977,2.0788586,3.749797,233.5701,96.66089,66.15971,54.888614326179905
75.5149,7.534756,9.240778,5.4477963,5.20037,224.59065,102.53058,41.29245,63.08398571962241
30.83452,1.3247066,6.704155,9.873156,9.774221,230.24661,92.63449,68.59959,35.6364795037198
54.076714,5.4691553,9.312666,7.9201922,10.592418,238.22815,98.7466,54.909008,50.339812274992774
74.9293,5.462476,3.978786,9.933675,2.738846,230.24457,94.08527,65.12675,60.834258159674796
22.036758,0.8947312,9.530162,9.682983,14.213266,223.14645,107.106064,34.15666,29.54777507489551
61.845215,4.179841,7.0278287,4.8953953,5.7746177,232.55629,90.89933,40.059967,54.633632450699075
37.84094,8.532848,0.42005768,6.9637585,10.984363,231.84401,97.11875,42.840763,38.860140920493365
75.46377,8.561536,9.068728,1.1044313,8.338908,220.5391,102.62748,42.112885,62.52510227211642
78.2635,0.9923766,4.844728,4.411488,4.1186137,221.81189,108.261765,36.874447,62.131712056909365
76.65599,0.9072088,4.60327,8.090185,12.847197,223.13562,107.35987,64.728035,61.503460277366365
48.452854,2.6269548,5.664666,5.0533533,12.455333,222.72578,107.90384,46.744484,45.319472685196644
71.72256,8.747661,1.4938455,7.0269904,6.545006,225.18932,91.257065,68.52521,60.151477793139186
70.672966,1.2890259,4.6916604,7.4575133,9.240506,229.0821,106.81847,53.338894,58.49156855134439
39.146027,7.199968,8.311273,2.5346913,4.6095595,227.43433,105.59825,35.535786,40.037610053232584
69.73493,1.0116562,0.15482458,8.756993,10.657923,237.813,108.04863,51.83619,57.96600953701357
22.220459,6.2313786,2.7291715,4.598224,5.3263755,232.24219,96.23152,69.741806,30.45344882165663
55.77619,3.560673,0.024545865,2.101851,12.817102,237.52289,108.235306,52.60687,49.12351707739119
33.80053,7.8891397,4.157113,8.654159,4.043391,230.54079,98.05282,30.074774,37.83329012820558
27.234013,2.3369045,7.283155,4.178188,1.207248,221.79741,102.68199,67.3232,31.555914585683222
24.617191,6.3920183,7.987718,7.503124,4.7591124,229.26575,98.48358,39.395775,31.926124327866457
61.777325,2.3568254,9.451898,5.480331,3.6747348,236.44064,98.55297,57.54116,53.73823903178904
40.392498,7.136603,6.0850463,3.8187175,8.11601,223.88208,100.93274,50.603207,41.24336879517955
63.486008,8.73678,2.5462687,8.098764,3.851846,221.82428,97.11854,43.01735,54.42028702900153
23.921381,1.268018,9.24148,5.8446994,11.684658,226.5887,105.85474,41.30558,31.539888671302492
38.91742,8.6659565,7.7531576,3.905621,4.379189,227.77795,102.672775,67.1504,40.90609437316897
52.369476,5.9357524,5.7442846,1.0959787,10.897554,226.12515,103.79511,66.477036,48.60747968869557
67.44339,1.2711049,6.9564023,8.954453,9.098593,222.70482,94.6207,50.525394,57.045198465878144
39.12515,4.2754188,9.243163,0.35469586,14.807498,225.0168,109.3915,40.33981,41.351294036049495
57.553482,1.6086029,7.1239405,8.631873,14.998613,233.64565,103.20352,34.09368,51.5835700773661
73.15867,7.003479,3.6837451,3.5996153,13.173366,227.71857,93.94392,36.263054,61.51746941543162
56.95179,7.588681,7.130282,6.393388,11.639768,232.65099,105.0098,50.890068,51.94148914802384
33.97757,1.0579652,0.40278164,9.221997,6.41039,230.72607,93.47428,42.313198,35.84419498407937
21.464046,5.0613985,3.8641555,1.5170661,11.545875,230.98106,91.2677,31.682726,30.720172355899237
72.20593,8.146251,4.0632305,5.6695046,14.393457,224.971,100.55107,48.206696,61.25674817113825
21.276165,9.36163,1.6683823,7.6443286,1.327286,230.43086,101.07048,59.847572,29.36668584792088
72.4821,5.1351786,0.23085481,7.575838,8.530806,220.4719,93.77931,65.6678,59.694956831239935
51.73623,9.502792,1.3338124,5.256319,4.051976,228.63487,96.967575,53.41136,46.96007447666486
76.34406,5.3568897,6.546215,6.2473946,8.810268,231.45245,108.91538,58.931686,63.76944210513067
67.926994,3.941905,8.022888,7.57527,7.530259,223.63991,95.700066,44.56282,57.574194012803645
79.876045,8.482031,9.882035,8.410276,9.0607605,225.13116,93.11136,49.849525,66.51832271881159
41.04271,4.929827,3.463635,7.618131,8.713471,224.39062,109.85124,59.185074,41.28067141411143
66.031296,4.719025,5.993792,3.5400493,14.441499,221.41116,96.04611,59.10633,57.18356167299797
44.115856,4.903125,9.371449,9.967264,8.730605,226.95715,103.60507,46.981052,44.11119654191624
48.792538,8.46785,1.6704178,4.345027,12.847249,239.57932,94.6312,51.746693,47.37859517172887
57.65033,8.319415,7.176456,0.24464703,5.477484,227.0776,101.002426,66.954216,51.31857628750718
72.42062,4.0352,7.5497875,3.6261694,7.1334095,229.21074,97.72564,55.279903,59.78369277200659
79.045006,3.3329985,0.88975537,1.2778295,7.5857887,233.06175,109.23158,55.702984,64.08504280477085
66.096405,4.91928,8.6124935,1.2144262,4.9021926,232.96996,98.65612,61.38481,57.18291731193765
45.066006,5.727725,8.13105,2.8153503,6.317064,238.9979,101.68349,34.608917,44.48277801810227
45.28142,2.383372,0.33403006,0.53375494,9.379183,237.15128,108.895325,50.91537,43.754493469049955
64.25494,7.939551,0.91084415,6.885122,9.122628,235.87901,109.78468,68.377266,54.83202379057988
34.32663,4.8648276,0.49126893,0.73988885,9.910095,239.03255,92.033165,44.466415,39.03212290819196
26.628447,3.3404555,3.3474352,2.0328956,5.925451,224.61531,106.68642,41.797047,32.88855928851953
41.27733,1.0682099,5.09289,0.92899716,5.421641,232.34108,97.64233,54.048317,41.334110318056915
37.23434,2.3884516,5.3234773,0.6316773,9.562651,237.74394,101.896576,38.844776,39.54118790670312
37.77849,9.492812,2.6766677,2.6775167,2.8600645,232.48276,97.50096,52.237804,39.104736576135274
34.016464,3.0509968,9.115969,5.71899,4.542442,239.54842,98.02232,36.22608,37.024785664194475
22.52559,1.6885929,3.682628,9.646855,1.5897883,222.00705,93.17715,53.19174,28.99326627616102
21.072435,4.606728,0.45550156,8.755567,2.016552,228.7866,101.45533,54.09517,27.780695462436952
79.26334,3.0708776,3.0022712,8.759339,4.407366,239.54726,100.93432,46.73602,63.78893838929251
45.66639,0.3515925,5.3110943,1.7606703,1.27341,227.59135,93.78712,45.309856,42.128530480545905
43.059597,3.2314522,4.082218,2.649072,4.435748,234.79112,100.83461,39.818333,42.58333151969578
60.778835,5.4410863,2.7384253,0.7639332,10.169668,220.60806,109.462036,43.236893,52.901852642513994
33.095234,5.5171237,1.3132325,7.784683,1.8554991,233.89674,104.28817,49.933838,36.17772164721038
76.99767,3.5655892,8.191645,0.69816303,7.1143136,238.69254,99.61965,39.906357,63.90244845975485
67.1807,4.4730277,9.9614525,5.5669565,13.783523,227.65413,108.32168,61.313377,58.333912432041096
25.36466,9.655179,3.2954214,2.4787557,12.077988,220.426,101.50629,58.36141,33.89750078939097
45.054848,3.7734847,3.8162105,2.4344563,5.276125,220.5582,92.70096,40.772236,43.65632348415796
72.7471,2.5822682,6.180375,9.90725,13.947277,237.84047,100.950195,33.897408,60.68413026513207
76.68392,2.4346704,7.184415,7.567798,5.615051,234.45032,93.61946,30.007202,63.21015533209414
48.04409,4.5776463,3.9202952,8.369393,2.015217,222.13373,105.3501,53.868755,44.78475761819809
56.804684,7.5952015,9.049295,5.7198267,14.916783,221.09181,109.34348,38.45455,51.648260187427894
30.022038,2.059882,5.60004,8.710143,13.180315,236.09651,97.21637,30.5033,34.72947938924001
79.470116,7.0929613,4.5039005,6.4549055,7.523059,236.19722,98.69836,44.36341,65.41802198568594
33.900303,0.21149823,6.4667277,9.461737,10.329271,222.41043,98.42993,68.479935,36.735545327551634
76.5639,4.1893296,9.528038,2.813386,10.397193,226.03041,95.706,57.597713,62.90946991661852
58.978798,7.758651,7.945523,5.9531956,3.7227511,235.60052,105.8836,64.31055,53.56188099779872
56.464207,3.3873296,0.40013131,6.9013133,3.8006809,230.50824,102.35457,35.789562,49.81895070819094
50.76131,5.637371,3.3230991,3.929373,7.57413,239.1317,91.28103,32.931526,48.44725870783174
33.840187,2.0497923,4.7054467,8.79708,13.762024,229.62125,106.77612,30.461191,37.95554957542527
30.591682,7.419954,3.1451757,9.798032,1.1399128,233.53915,93.74177,68.226494,34.910741725533725
33.22917,0.522791,7.0018754,4.937695,11.955079,230.19566,109.58302,42.00811,37.31491309103736
31.186296,8.525427,8.2626915,3.9064066,1.805375,238.85931,97.533264,48.3802,35.858413835564185
66.77507,1.9819639,7.313451,4.7193794,7.69511,227.97318,102.328995,45.780945,57.89808937882184
41.007515,8.74398,9.8933325,8.527368,9.93022,224.59593,91.55647,59.218277,42.42777945642102
23.47056,3.5252924,2.7254765,6.4546843,10.61463,226.53268,96.893265,42.398594,30.766359008609495
78.14616,7.2268357,8.749895,0.44772372,1.8187097,237.05551,106.04708,51.418114,64.09702640341811
73.02715,3.1922529,7.666227,5.421699,6.8604507,229.95877,99.54417,69.82329,60.69954007409572
75.66514,9.059116,3.6217875,0.17300123,9.173721,227.08505,108.09207,47.762543,64.17818441924352
79.694466,1.2663713,7.3412457,7.7853537,1.9246376,230.8852,101.50277,52.05086,63.609216483070625
30.433716,1.7851979,1.0407596,3.2831228,2.8913238,222.6646,108.57144,50.101124,34.04466569746787
43.77452,4.930301,7.893335,4.7200747,10.291086,220.1072,109.6522,62.127445,43.37491026200854
65.49431,0.8193844,5.323306,7.986781,8.302935,225.6117,99.07789,40.673588,55.94353073871763
61.76124,1.9598018,2.9229016,0.46448818,3.2656012,232.10011,101.30313,36.81752,52.88612524025558
29.233755,9.437664,6.557773,1.5854154,8.493351,234.23361,106.69841,60.163727,35.77888193067109
68.94999,9.764896,6.4162,3.9796038,13.777693,236.53223,94.43066,46.62473,60.41907580014275
33.466434,3.7625933,2.0948622,2.2992516,1.2182262,238.53326,107.23259,66.54904,35.98099465750945
33.429058,9.232861,0.30397415,3.3790143,9.996873,228.24225,101.8384,55.766373,37.89116799101848
52.218464,5.448247,4.336226,9.981748,2.031106,234.81033,104.51,52.573723,48.324859082085105
55.576397,2.6974247,5.695119,8.254145,1.0902922,221.49345,91.597084,32.818283,49.14073993038218
54.805172,7.0239873,8.766053,8.839018,3.1091628,221.1506,105.32375,59.216476,49.53835676849237
25.48921,6.589018,9.282168,9.370546,6.920693,222.49596,96.21574,57.441616,32.797426902444556
72.64765,9.891253,5.288052,3.4093587,12.232816,228.97137,106.104645,55.60288,61.06460531957883
35.936,2.6504729,7.538035,2.9707696,4.944997,224.22563,100.18305,40.71638,38.902131229978814
27.770895,6.720595,4.3930326,2.3406248,9.759425,225.7385,95.49229,67.869576,34.21504400734066
73.32488,0.52023757,7.4608216,8.301169,6.756193,232.95761,109.05519,42.866203,60.22586991511746
77.33909,1.1364604,2.0480154,6.7955184,4.280645,227.17044,105.30125,36.089237,62.69782810035642
71.72765,0.03918375,3.7106473,2.3617198,8.19946,231.14743,109.71372,69.488045,58.689110970851445
68.57096,9.994607,6.34228,3.7699382,12.164503,228.24808,97.2894,59.84985,58.84928457037937
59.314518,8.022737,0.18157965,5.0671177,12.654893,223.37938,102.98439,46.591476,51.87137655894402
53.05144,7.86723,7.224613,5.2814007,12.851274,221.4804,102.23177,67.43666,49.85300268938669
25.219206,5.097261,8.355355,8.887278,5.7398095,224.72462,103.75114,33.644695,32.52242756111181
44.507195,3.000671,3.9914167,3.8056614,12.108385,221.154,90.766335,33.506447,42.751826177549276
42.361313,1.5126429,4.479424,9.08524,3.9704983,232.37224,95.83439,57.298042,41.40639598247448
35.585228,2.8467474,8.512822,4.413676,11.337952,235.91435,108.18675,37.11888,37.38823612328479
63.40521,3.7597122,7.7565465,7.4637265,14.277382,226.79482,98.4764,66.68558,55.10253404485128
49.752544,7.563101,2.881495,9.302544,1.1924137,227.74222,109.212875,63.61437,46.48237761405347
24.862774,5.396618,3.239761,9.075757,7.165095,236.32382,94.270065,42.25469,32.51657357149993
33.21099,0.77483624,6.788782,0.5695287,10.068794,224.45226,109.94848,65.55358,35.69687988633096
60.995525,0.18029009,5.631981,2.0570428,10.824861,222.38321,103.951614,31.715508,52.45359413251355
24.567852,1.0233217,1.6222957,4.7690544,3.4652286,230.02237,105.52787,51.945515,30.444966692031873
71.07242,4.104987,3.0992992,4.3155427,14.610566,232.9238,97.937225,67.42251,60.66597197895454
49.70879,9.331929,8.999833,6.4089165,9.613715,231.99309,108.14016,64.21532,49.06858731529667
48.835194,6.374025,6.8817444,9.44709,3.3007684,234.27747,100.909256,44.24293,46.61556204088435
55.544468,8.018259,9.859743,1.1240472,1.2873151,221.13503,103.61877,37.314816,50.27684851353485
69.48086,4.663746,7.6701255,4.5185866,11.965699,228.56403,91.896164,38.421623,58.66049017339964
40.868553,3.6166608,9.4197445,1.9241104,2.1158664,224.77141,102.63361,50.580315,41.07663959122933
60.68097,1.0840037,2.1618857,8.941076,2.9747128,235.18242,107.58158,53.87092,53.35719419115434
53.943916,8.75933,7.7148485,9.645802,9.047621,237.4546,93.56567,31.312572,51.5050491709917
36.021698,7.8316,0.2021752,4.787017,9.449077,225.62671,104.75452,46.54206,37.85278408269703
72.7178,1.681181,6.7076,1.040103,10.61642,221.90436,90.50802,63.215485,60.39724672712544
67.84556,5.122606,4.692823,7.8529468,6.5091963,225.06856,108.52406,47.77316,57.081554670440816
59.50711,4.8737483,3.4676008,6.9714136,11.834581,222.08017,109.65834,36.767017,52.43752783003758
71.034904,6.2509155,8.624043,3.5467083,14.641021,226.44844,97.0836,68.19441,60.94054549298506
72.03765,9.461869,8.542677,8.874075,4.795329,230.76398,92.14148,40.65102,61.22923069707166
62.501778,5.797714,0.22301705,9.758319,10.842401,239.47362,103.171524,61.93713,54.80890197979767
70.2208,5.4021726,6.0950513,5.5785384,13.998561,227.98741,90.59669,37.751766,60.42033867290899
61.84829,0.5032293,3.6783223,5.657279,10.608015,224.4008,99.64973,46.92691,53.465413252638875
60.808445,0.62907475,4.15661,2.975135,10.535533,223.33603,95.435585,49.6169,52.11734153941525
57.116684,1.8734679,8.320408,5.8450603,4.132816,223.4608,99.46678,50.025414,49.97208856340901
65.163,0.32470772,3.0983977,4.3964233,8.491823,223.85196,90.36551,50.658955,54.51367077897649
29.516306,7.433529,9.430488,3.0219102,8.8753195,235.24535,91.03224,38.997902,36.17487118976023
72.85225,7.233303,1.7963383,0.671852,10.801814,221.22055,90.31952,50.63662,59.43037065718507
72.31061,1.3605623,6.6272244,2.5270786,14.955501,239.94806,102.38264,49.26851,60.84233772338998
21.754837,8.360789,6.7210507,1.9785465,1.4710135,230.45374,101.20186,38.34878,30.88697580514041
69.549,1.5478604,2.5219517,5.4204197,1.9132572,230.88544,94.66316,69.527664,57.962482617481136
27.732193,3.011756,3.2475061,6.0167003,2.091301,227.15128,102.93286,64.622536,32.44108960395811
40.107132,2.489769,8.347985,6.085717,11.401708,233.80511,107.68414,65.50305,41.13842651245489
64.6105,3.723071,7.6180525,3.88181,2.9089532,229.42912,95.54644,57.42284,55.86188378171784
29.645594,2.5466378,3.290959,4.2122974,9.714326,226.58122,106.63988,36.39588,34.50984344798495
69.07802,4.889509,5.3395653,8.342384,5.5453644,225.30276,103.25018,52.723682,58.02090442653674
69.92805,4.074079,0.616803,4.762328,7.402479,238.51303,90.67641,62.857586,58.27056537210938
50.448063,9.865695,2.0874588,9.877733,4.0192842,225.8198,97.503,31.54946,46.89625375118013
20.383152,0.5592635,4.858206,4.3961725,13.125492,228.72786,100.15514,49.833725,28.60289067248865
37.222286,1.4218137,0.85973734,6.4958096,9.206104,227.00682,104.63399,45.844913,38.756345818607976
57.015614,0.5282589,8.433324,0.50363,14.223886,221.72357,95.742615,38.48499,51.32852892382123
78.87117,6.258412,7.1800623,6.533399,9.044348,223.71869,109.6546,45.13,64.00738276708574
57.908813,0.54509276,9.4363365,8.514264,2.7347124,223.79004,103.690796,69.3399,49.86110169499228
35.588215,8.364397,6.934669,9.424579,3.3921862,233.87299,97.456276,58.929733,39.54933434122996
58.04034,5.119386,9.404014,9.9732065,14.847035,228.13171,91.9405,41.981483,53.048130485990725
52.399124,5.2700763,5.5451255,2.8217864,11.157913,235.63936,93.62736,54.214203,48.609855771407624
66.790726,5.615945,6.0021863,5.7537007,1.6899025,234.17902,99.75215,39.86625,57.43655419817002
26.418839,1.708137,9.769711,4.5071797,10.852934,223.84099,99.893906,54.433758,32.823761791629366
65.661674,1.9769031,6.4212914,5.638175,6.7704225,231.25833,105.35438,65.846664,57.18975253861204
52.475994,3.1881733,0.30786568,1.5745295,5.3009176,234.85817,104.52353,52.27507,47.372107081299085
77.77952,5.934964,7.2380276,8.561496,3.156851,232.66086,94.02546,59.3336,64.40803006664645
40.51233,2.1011777,9.054687,9.09569,12.758656,232.00034,101.89913,48.13356,40.92357855791931
57.957314,1.1633173,7.9558024,4.496617,1.8937793,234.79222,90.41244,50.96496,51.69805043754206
75.921684,9.701169,5.8383327,2.8042986,5.0576963,221.13562,97.97095,57.803,63.19878831466233
26.150583,0.21981815,6.713035,1.4083343,5.2893605,234.62843,105.282104,62.4962,32.55449503759619
76.23371,8.026974,9.901917,6.8376484,3.2526739,225.45311,97.99017,56.378056,63.773982044966615
61.273144,7.8803515,0.90662086,3.1223185,8.114589,231.43744,106.71192,69.09968,53.430791633683185
24.070223,2.972141,6.672448,9.095386,1.1638367,224.8461,109.52311,62.792904,29.939148136861146
38.057816,1.3562661,2.833977,6.710125,5.2136574,236.77635,102.14425,61.086407,38.872443972694825
62.490326,1.4562864,6.400904,6.4568534,14.070812,229.61119,92.90008,63.80406,53.71000249709179
24.041037,6.974316,6.076236,5.5940213,5.347414,232.85883,97.593544,41.248436,31.36072075782257
54.93023,6.428066,1.5345683,0.4577634,6.0464315,235.88164,90.18967,47.281887,49.92404368870286
40.752983,7.827457,2.0674665,9.319224,7.6243105,237.90631,102.05452,52.578518,41.59785194169417
57.254932,9.374812,6.2162957,6.279375,8.863708,234.64124,106.43137,48.495453,52.314611363125806
22.744522,6.919274,1.2822995,9.940619,12.321921,222.97537,102.5988,63.89831,30.023741595842786
72.292206,1.5585153,2.6518087,5.3735642,3.6644971,237.09065,105.721725,31.08274,58.778123593230234
78.40934,2.434426,8.352455,7.101109,13.20445,232.37155,105.99808,38.367016,64.59971154070548
78.13267,8.421937,3.270915,0.5620956,11.605691,232.189,107.02025,65.268265,64.75261764726432
64.97911,2.0930607,4.8806014,6.317362,11.117105,238.4268,95.333275,32.364006,55.79233653781219
27.805174,0.7252232,9.411404,7.6464963,2.215264,224.97662,107.42537,39.079533,32.14258791373312
65.49579,7.0328007,2.2714908,7.785143,1.3029697,224.79175,103.08188,44.050014,56.035100596534726
21.475216,4.025264,3.8962603,7.7011166,9.316177,230.26387,95.79451,60.02962,30.45726363271301
21.327414,9.2004,6.0645776,2.2628262,13.083876,235.01726,109.745895,52.407227,30.488349031401434
39.416615,6.5025506,7.553389,9.753984,9.18218,228.94481,109.00365,68.18419,41.370349965318944
49.318592,0.90418977,9.016534,9.951821,3.9852881,232.67783,101.48882,39.115,46.60257247596004
66.22444,9.478565,9.15473,0.75595874,2.2672787,229.05049,106.86417,64.88482,57.267837559858535
60.997723,2.5855727,7.766401,9.364464,10.794351,232.20775,95.22989,41.31654,53.75241027238513
46.75416,3.372125,2.2833083,2.894492,11.104784,236.44525,98.32074,39.81993,45.665756120513414
36.4176,4.022604,0.2480933,6.892841,3.415444,223.60953,93.679436,49.93501,37.76927023724766
79.82747,0.512243,3.8377392,3.3811092,1.3946644,233.90758,100.402054,32.84818,64.12751213993292
45.570877,4.965154,1.4154885,9.677544,6.715969,235.74852,99.92003,45.37228,43.838792486731094
47.08322,1.2331849,7.1038766,1.0150386,9.158062,228.94223,94.25626,44.22704,45.193691011519384
29.817429,4.009703,6.6113057,4.977468,10.884034,226.46468,103.45603,36.40406,35.899330609088466
67.688576,3.507098,0.43971643,4.280478,12.339231,220.27089,92.355804,64.43179,56.78768649002895
61.620934,7.7284007,8.365938,3.2602346,9.547524,235.9421,91.233826,45.435585,55.099438579902355
33.246178,8.031705,2.4874327,6.45534,2.5523286,226.55878,97.6981,69.27681,36.99551221899588
24.942863,1.5341288,4.322271,1.3105575,10.556144,227.1462,98.196495,65.98832,32.596207046337554
60.82996,3.6655118,6.6793375,7.166624,14.778473,226.72012,96.39481,37.792427,55.097275255472134
59.27067,3.7335317,4.294188,9.805922,13.6781845,229.9748,95.158936,50.204887,52.68869834134926
36.395573,1.5141045,4.412878,8.045588,13.203364,234.04999,96.77553,54.072166,38.723051453569305
77.05181,7.984535,0.65628,8.600167,5.230382,235.43726,93.26751,62.75842,62.207060924627605
29.063473,7.0722833,4.0144353,3.5963674,11.511034,227.85141,98.069046,65.42571,35.01802350473709
45.940086,1.9038179,7.648479,3.248866,12.915448,233.26204,108.092064,54.96072,44.280274941591784
76.61696,3.6672192,9.151763,5.1704836,10.496567,234.41368,94.48854,31.405369,63.4950727452936
45.18364,1.0580503,4.134971,0.45726615,4.5078645,225.93834,103.689026,49.251057,43.290746462531345
58.311558,6.282066,4.2358584,9.453582,14.353676,221.93243,92.83569,65.39214,52.67104621524491
43.855663,1.2137192,7.026271,1.4378518,7.311472,237.89331,97.07813,58.563583,42.21632792390178
36.45291,9.859342,9.42772,9.03013,2.817278,233.54231,96.42349,64.80568,40.66290998128046
79.03866,7.806821,2.6706095,0.8358222,2.5368905,232.9622,108.740585,56.963192,63.460114640996366
44.56004,3.9023855,4.401442,8.22625,10.065266,221.17805,98.55964,31.7614,43.047609468081475
73.64595,5.7856393,7.9597325,1.5196253,7.127935,236.35747,103.80932,68.72027,61.387592150909555
33.797276,9.113419,6.0969357,0.38131616,2.3227742,231.32109,102.049255,66.72074,37.24951260811224
32.78628,5.5409927,1.1058635,7.1948943,11.365104,236.95769,92.8206,35.063183,36.368970132893786
21.868046,1.7449849,6.2773275,2.802653,12.190553,239.49123,108.79081,34.50765,30.06550624554845
59.10001,3.7870336,1.8674629,7.1449614,11.155819,239.14201,96.91739,51.56314,51.3634066443271
42.11158,8.431449,5.1021595,5.5508523,3.8316524,237.12178,90.895164,60.282032,42.80861658958488
71.861496,6.44213,5.291033,1.0880738,10.656857,220.21895,96.00887,45.28693,60.432318668489394
48.392593,6.5072436,8.762033,9.3213005,1.1501192,237.71454,96.71268,35.455288,47.58806834495582
78.091606,8.668215,4.624943,4.523142,5.2715697,221.50125,91.854904,50.422245,64.01147309243383
31.13153,8.939731,2.7944243,7.344473,6.5835013,237.02388,102.39955,43.502644,35.73251405182503
72.11739,9.197926,2.3096635,5.0102057,12.693458,225.60349,96.93529,44.070877,60.02267096136636
66.59581,0.94849193,8.742518,6.043615,6.4655213,232.20137,102.582695,55.799423,56.37033764517429
66.25531,5.44126,1.7101085,3.027736,1.1577723,220.76137,90.13481,65.424324,55.64322449754392
70.687,7.405095,4.2586856,2.003603,5.93285,235.42363,109.64097,52.34367,59.44423586706198
65.66144,7.569268,1.8717312,5.425702,7.984937,222.23412,93.410324,57.5041,55.990202679380914
57.57322,6.067162,7.7330403,4.4021897,14.286067,228.21376,103.18662,56.39788,53.5392134717807
27.874693,1.6678734,4.7437263,3.901132,14.17448,236.34892,104.31569,52.04585,33.74731773373026
21.95157,7.9742055,3.511437,6.725672,3.5322366,233.90698,93.43217,42.430325,29.19598116203876
75.25087,7.201113,3.6109965,6.9050665,3.5920515,220.12085,92.234245,45.111767,61.95305520657487
56.99902,0.8613577,8.522142,0.45920056,3.2873404,228.06065,93.051544,42.62815,50.37292781830329
67.79224,4.6380982,5.5377398,3.387445,12.044907,220.83855,94.93636,66.69992,57.011677326093505
48.891342,1.739774,7.1786785,4.1176457,1.0843086,233.47,93.36464,63.064747,45.790354321416125
27.038492,3.3747704,8.970386,0.9689216,2.7804809,239.37897,103.47999,53.173897,32.796684039745486
27.511148,0.18081093,9.017417,2.3590086,8.531435,233.10522,98.416664,66.48974,33.068700266733195
61.13392,4.0032988,3.2850904,0.516418,4.465869,224.48744,100.75583,65.456345,53.89383989312106
45.818356,5.4987693,9.524512,9.962421,2.2929904,227.10466,90.94674,67.10777,44.51652127161534
32.031483,6.195826,0.24875882,7.365572,6.0382924,239.533,107.224976,38.870953,36.14820291557921
49.495674,6.6349034,3.7683556,0.8745016,4.8389063,224.48105,93.41143,58.700123,45.73309283739662
23.852537,8.362913,8.957989,0.2024938,8.15546,231.23058,97.20305,54.36898,31.696429881306237
54.918285,2.154629,2.746369,7.192878,14.7092705,228.00908,91.438034,59.353226,50.880393829832045
36.139603,1.2048182,2.7308145,4.3919215,2.740265,235.3663,92.73586,40.535175,37.88278846343189
67.853546,8.515371,3.026223,7.867967,6.218174,237.34778,103.31599,57.792362,58.325377255116614
38.62172,1.5661281,6.1231337,9.23476,14.047791,226.81674,103.85174,46.39314,40.64498252067693
47.31321,9.747601,4.383328,5.993004,13.276222,233.20793,103.53931,63.36367,46.34609810765529
20.697233,8.425383,7.2673483,1.8710842,6.5197945,230.98096,101.04273,61.81463,30.61886677247202
24.346813,5.008766,8.949106,7.8219404,10.785346,225.5689,109.05043,38.454304,32.54506715792798
43.549614,9.814215,6.741994,9.558118,2.229998,225.43881,100.14354,37.35421,42.68237501197315
48.79633,0.9737673,2.0446672,5.802313,10.9755745,230.77263,98.98824,58.70927,46.458869538642595
56.001232,3.0306575,9.326819,6.8199744,14.620008,223.08006,94.95091,52.018997,51.675328970816935
37.499756,6.382244,2.6449287,3.374747,8.524834,236.2162,91.97699,52.288235,39.088424732751534
61.698914,3.5000687,1.498943,3.8152769,7.9788632,221.3801,100.9631,60.100613,53.192702149142484
71.607346,9.283726,0.8996728,7.3465447,3.6224606,221.8915,96.297806,64.19883,58.784642196546315
66.79106,0.6562609,5.633837,9.277711,9.8730345,226.84453,100.48051,39.558556,57.09156886133912
22.377129,5.494118,1.1376246,6.289884,9.266122,222.36183,94.12238,52.22158,29.034833537919262
48.830418,5.908663,1.3877589,7.898479,10.127063,229.514,106.76345,63.158188,47.876086593668056
26.29581,6.5272813,3.0003047,1.7163502,1.3651661,227.99352,109.99394,64.911766,31.943271236804403
34.5227,2.5566623,2.81653,2.119591,8.682129,234.4362,96.44807,41.496376,37.83159293354851
79.19975,3.6456642,6.042395,5.320347,9.329088,239.06009,106.84655,34.166153,65.74028991679344
28.549732,8.436806,8.167453,1.7655419,3.905422,235.07117,107.459724,39.31293,34.80775118450923
49.93329,1.9494277,7.613497,6.349951,3.91666,223.58897,109.92148,67.81998,46.11684930912704
57.089344,8.268679,2.6248446,2.9165318,4.8670545,238.71042,96.8544,48.499187,51.11556553341846
62.1479,5.626554,2.453105,7.915326,10.964103,227.84267,105.12083,46.74295,53.789555527470334
53.578922,7.6218753,9.657915,8.081103,9.487725,229.48378,94.57618,30.523375,50.571795948608795
20.58625,7.1360736,0.08236241,4.6378746,12.840677,228.43152,102.49592,32.04059,28.81235448400606
39.587677,2.075115,8.797205,1.8081063,5.13922,225.61095,104.096855,56.747837,39.93949834829104
51.0627,5.6881275,1.9972852,6.4677496,13.768952,237.90088,104.82241,53.593082,47.910170480781574
25.27199,8.677232,9.472843,9.92787,11.411886,226.64478,94.14344,53.021133,33.836894016351074
41.037617,4.321162,3.4230728,6.2259088,6.5301633,231.57193,106.97451,34.412914,41.00271530608714
21.992186,9.665908,4.4035177,0.3577469,2.333669,224.80067,98.41943,44.082447,29.82572065008224
24.71471,4.522151,7.071206,0.17293976,4.597771,235.94751,94.32739,62.494324,32.526095113695256
43.815395,1.4278563,5.8766904,3.2036197,14.394755,235.48398,100.850624,36.99645,43.68420544211565
27.962946,3.8943467,3.1793933,1.957838,5.345087,225.92624,107.26714,65.30749,32.60684668944545
54.052452,9.517024,5.538309,8.130512,5.6186132,233.63109,109.34176,34.85913,50.10235486168435
61.367897,3.1972084,7.307069,8.448056,3.6542451,234.07747,104.96416,36.765972,53.865709238471474
68.0352,8.680982,0.42334947,2.5861876,12.295908,231.25023,90.11246,49.109997,58.19544596249231
32.009014,8.812507,0.11199305,3.2564478,4.8590193,232.01196,92.694016,67.812,34.87640646392298
30.048954,3.5018651,4.5806694,2.3624697,5.6236153,231.48909,91.52548,43.181908,34.474902850211464
26.27407,0.8325766,1.3183662,9.083825,6.8008738,221.63728,92.02428,56.32872,31.073894346114702
58.185814,7.2455792,6.643443,5.0264935,7.072196,233.4053,97.6607,53.546852,52.26631563441553
62.388542,3.115123,2.1405246,6.5613704,6.758771,229.39551,96.76987,35.984905,54.03737644891048
21.895168,7.829236,4.328511,4.154821,8.052412,228.76915,92.2737,39.926678,30.802654635483943
76.17274,4.4265485,1.9767094,6.310142,12.40318,237.19998,107.64471,67.20611,63.53094476768534
23.118277,4.8526673,5.4848356,3.858554,12.469991,220.46454,102.30855,37.393185,30.995590273297353
52.47778,7.779094,1.1605346,3.3967843,12.176384,225.02629,105.92927,57.800396,47.60582911625585
62.543633,3.8236332,0.23106852,6.344801,2.4157476,222.42807,97.430984,68.587776,53.20326439741678
72.25815,4.4312735,0.51131636,5.9106207,12.195503,220.70682,98.20472,34.78024,59.70665434890728
62.845215,3.7619047,9.542584,2.9352796,2.6835248,225.51353,96.352425,45.96728,54.40057092921917
68.10368,3.6734052,1.4228622,1.4934845,2.7461329,239.76953,98.76853,38.957287,56.554323142201305
40.367012,5.2594657,7.0847826,3.685767,14.270079,225.40459,102.20754,38.86246,41.87399324865372
68.8895,8.087995,0.67926204,4.1519766,12.47157,233.27411,99.85968,34.759434,57.82797806964744
24.80689,3.6176832,1.0816035,6.2868433,8.733747,222.36598,106.75834,55.982048,31.190025378677344
73.689,5.242547,5.0887623,9.1452875,13.249583,232.03696,108.002785,59.85374,61.675571338465026
52.85554,6.7072735,4.6487093,0.36184797,14.851105,239.68964,99.39368,57.07176,49.72540682633667
69.037865,2.6943944,9.515803,2.4366102,9.548989,225.83675,94.79496,66.98626,57.800908024055786
47.139095,2.775228,9.448355,1.9371594,9.580578,236.96152,108.90385,35.827152,46.33389394103949
58.614662,9.334131,7.7960863,5.022944,11.561978,239.95143,104.700775,42.793816,53.821327872167664
51.58416,7.235346,6.0210185,4.297008,4.249945,231.77109,102.80254,43.782913,48.227566307067235
63.89537,5.771867,4.549603,7.290376,3.3397481,226.18802,104.90827,39.283283,54.52095335969124
24.897799,6.4772005,3.5617855,2.424159,11.6341305,233.47063,91.51964,35.688198,31.746905356410707
23.621124,0.29299444,9.470876,5.9449835,5.828667,236.89696,91.35252,49.46814,30.23150292406142
34.826195,6.18103,6.029088,8.8385725,2.890985,223.427,93.062416,63.377586,37.41920559189671
29.572681,5.095089,5.790725,9.106777,5.408288,229.05031,92.94902,68.18159,34.94951883590654
72.307014,5.4574966,2.3190112,9.587846,6.020916,226.38376,98.41341,35.173626,59.693555536248574
33.15284,3.5942383,0.4669782,7.7326117,14.513187,225.66718,93.14808,62.92629,36.11801828440292
78.55192,0.814739,9.451886,9.059879,10.771436,237.21643,107.090515,62.983246,63.386462838712255
40.21375,1.9333923,3.1373527,2.3453088,8.431989,228.43307,101.561935,45.559124,40.536365765536985
30.927074,9.507447,4.4258904,1.9758095,14.564224,226.78152,97.365234,34.401184,36.26409067352585
67.38191,4.0869956,1.1463994,0.06488084,13.643956,232.0702,91.39245,69.60032,58.1678697298521
59.522465,4.6668315,8.369244,7.068444,8.168012,224.38803,101.82056,56.22372,52.98497071975937
49.891743,0.5270979,0.27631834,9.374672,13.679515,224.59787,92.33066,69.28783,46.44701511773388
53.32181,0.3756623,8.339908,1.8693534,6.6602654,230.40578,104.8644,49.346222,47.972634407195386
63.152107,7.1718144,1.4028502,6.369436,4.225889,228.18546,106.05516,45.80772,54.20708593098037
33.707283,5.3809466,8.865642,7.4645977,4.2574944,225.89964,100.879524,39.88742,36.865431100197696
79.78004,5.08706,7.297726,9.276142,10.272417,221.07903,92.99206,69.34288,64.63533406553765
78.48759,2.4312453,1.6467026,6.468602,8.014984,230.41548,105.73725,40.13029,63.43243015816563
59.019543,7.4475074,5.6581798,9.702937,10.225312,236.33218,96.156555,30.95051,53.78822079721201
31.972548,1.6823658,3.126563,3.4467313,10.605063,237.02754,94.453064,50.498737,35.09180170396139
60.813694,1.8993474,1.782331,3.4992852,1.3125203,224.7088,99.41113,45.08202,51.66100712797655
24.331905,4.607122,8.591822,5.430125,1.7565542,231.99283,108.45293,40.4553,32.402290493585184
21.83915,2.8627987,4.035228,3.8350189,8.457488,237.11763,95.947464,55.384323,30.353902016065103
35.46097,2.4746299,3.9854372,0.014257283,3.6744967,228.17451,108.11157,44.570744,38.16024299061911
47.757378,6.4523764,1.6988667,7.3177204,9.855473,238.64273,91.07307,46.090034,45.593680220273995
72.09635,6.5097175,3.8306568,7.5171704,8.7306,238.05957,91.67047,30.921824,60.684293173518064
63.630146,8.245171,8.716168,7.469746,9.200645,224.16267,103.97122,53.562836,56.54694254507056
64.56239,4.177086,3.631287,3.4502068,5.2343755,225.17929,93.81185,34.882843,55.50836781105712
45.5296,0.73085093,9.516036,5.2228947,9.957809,223.60884,96.33241,38.552193,43.66098374715251
40.7561,2.7366638,9.463089,3.5997353,12.612897,223.92108,92.72746,58.68471,41.09028962011459
42.262325,9.800055,1.4489866,0.160364,14.972998,238.15724,96.644966,42.52971,43.809719333840505
79.25897,5.962586,1.7731125,5.6244893,12.738221,238.62276,95.6092,36.528408,66.31647649462144
22.406551,7.0973706,8.62674,1.2376066,8.804982,221.03795,104.72675,53.096966,30.19507237867012
72.02189,0.0735783,3.9276092,0.80041325,3.7080142,231.87207,104.04047,38.59618,59.55023633097075
54.720524,5.1820574,0.04373982,7.554991,10.540242,231.28464,109.09854,40.83913,48.84029642545099
46.316925,0.37528658,2.7387183,0.095062025,14.127153,227.81096,104.488434,54.853573,44.012041012674345
63.51546,5.692302,5.9762897,9.590084,3.9661314,232.63396,103.896355,59.59447,55.29089842584708
49.200138,9.207708,7.9926596,5.1525536,4.5839386,238.94736,103.88408,59.586388,46.99789750133132
72.405396,9.684192,1.3338861,9.830164,3.0861197,223.40509,107.65935,49.289738,59.440141166947306
74.042114,5.4055266,1.1054137,0.5799757,11.314103,222.40822,95.924736,48.171875,60.08674615809143
45.303257,4.582048,9.220926,5.8352957,6.691861,220.66782,96.00184,61.505806,44.450358983369014
36.60967,9.4501705,7.5114837,3.4932704,1.877739,227.27667,104.82428,37.72139,40.365512355651276
55.54102,6.7360983,5.897796,8.434825,13.2493,226.75256,94.574104,36.088097,50.87098072836024
74.7418,0.6489928,7.691868,3.6122274,8.807406,228.6164,108.2404,56.587803,61.0941247548799
32.639732,4.6572556,4.2885437,2.6048758,5.63532,230.06621,100.69563,46.380276,36.26856414326492
57.377995,2.40245,7.5845575,8.575531,5.8157616,235.15648,96.002495,58.399937,51.84728684213945
57.893612,4.6980433,3.71803,3.746531,5.063517,227.84227,105.521996,40.264008,51.47744795039985
63.986782,4.5546556,2.4409456,0.1683332,7.3767223,226.61226,96.246414,42.994877,55.36426567988656
27.894062,5.821448,7.2901344,3.902891,5.7185836,236.53758,109.265564,65.8671,34.070916900529745
62.949497,3.567705,4.196723,6.5452228,8.671248,236.99593,109.65978,46.86626,55.09294099525932
74.541954,1.6427045,9.813771,2.5435953,11.829242,224.65532,103.33592,53.638138,59.917226596943955
30.780987,5.0371943,3.4948518,4.3198757,10.442458,226.29344,92.272675,34.26729,35.872055352974016
34.252598,8.302029,9.217275,0.56715137,5.1223965,236.50233,95.264175,37.153168,38.073374743737034
78.28371,6.6401224,9.329625,5.880928,8.402374,221.58817,100.30834,31.435509,64.44755875614896
30.858618,3.3836787,2.4185295,7.562949,12.761766,226.51694,107.028946,46.97483,35.65520330385406
71.26311,9.35523,7.9822116,4.133126,1.9548873,228.967,93.69773,69.5568,59.51938011236915
49.53667,9.122076,4.330745,4.2023263,2.0961618,223.74144,92.088066,64.954926,46.974925092657486
34.833866,2.093484,9.175247,0.88282496,8.786381,223.59828,91.48955,55.316357,37.590035684213994
72.244995,0.39417586,4.5012426,2.0194087,9.947612,228.49724,100.13935,64.44386,60.33156328689404
46.718315,7.413087,7.443037,1.546753,3.9597821,235.09044,107.69402,53.766773,45.10548839454979
50.88904,8.276103,4.669674,4.816878,11.433082,236.80466,90.84718,44.750755,47.72103465445504
41.554,9.678646,2.2780075,5.2925553,10.047688,239.5847,94.24643,36.941856,42.670901432478345
55.57705,8.898364,1.9935013,9.489401,13.92605,221.47968,103.86514,56.12195,50.80350863000193
29.811432,6.0053477,4.254312,0.73231506,3.3653588,224.33365,106.517265,37.72205,34.69390555578256
43.464893,5.3005233,7.5549464,5.9986796,11.519239,235.1326,106.14799,46.697136,43.43731191467302
78.16474,0.27841052,6.050715,5.264985,2.1710033,230.81198,105.70136,63.032074,61.72898261727954
35.488007,2.4665644,6.886293,5.162331,8.914094,226.55359,92.59599,35.16917,38.010586163845296
59.4042,4.5961475,2.8232634,8.731593,8.726532,224.11179,97.94475,35.16086,52.54270431912881
39.511402,6.285039,4.8143535,2.0553846,6.437391,225.60956,109.69489,38.976097,40.872065839659506
66.40839,5.5725183,0.44395265,0.40773275,12.823997,228.58578,109.77775,52.07669,57.216779575187786
27.852419,7.42636,8.175324,6.722715,1.061189,223.54303,102.048546,40.06894,33.38188867937417
78.18926,2.7976694,9.898922,3.4515746,8.282512,239.28452,104.18534,50.12792,63.49655298013226
47.22737,5.649526,4.0687904,0.17589916,4.0401497,222.15176,109.02567,42.079304,45.29248949138601
34.16303,0.88142246,0.10963653,2.51374,11.40898,239.71155,98.99856,50.249687,37.11054513684553
24.409805,4.1366553,1.6979264,3.0932677,1.602944,236.83786,92.737335,41.10526,30.98635913127345
30.185474,7.5016084,6.5252686,6.1683836,12.641766,228.46303,103.378975,69.20049,36.58481403625835
51.186436,6.9340086,6.1207933,1.725858,12.733292,234.79633,109.20205,49.708717,49.43924038582215
40.220192,9.906427,7.8786473,4.1305437,12.660124,233.4303,103.94412,59.74574,42.84753463777233
69.733,2.7789114,2.53884,4.824754,3.1359594,224.26573,106.06642,58.021862,58.2274884064522
45.853252,4.981893,7.636319,4.592374,9.825691,226.7814,98.45498,49.622375,45.21199490819981
34.922855,3.295304,6.8798404,9.739408,1.201143,230.26245,91.92926,39.55448,37.05260166794887
57.028698,4.406031,3.228145,0.4550424,12.871476,232.75688,93.37764,50.42873,51.42977292780241
62.40663,8.569501,5.4548817,9.509682,11.121653,230.8579,109.6531,57.238865,55.68274371339837
30.022514,6.8420906,1.472738,5.819372,8.436152,229.45975,99.863686,48.39677,34.3467152270613
30.057154,8.824412,4.5256453,7.9572773,11.22828,228.86305,90.24041,33.277004,36.35183342090274
22.200285,2.0351112,8.811974,4.303926,2.3205373,229.96529,109.107346,30.71933,29.821862872254297
64.18412,8.733611,4.2119136,4.5383787,8.401181,228.68703,99.9556,43.115074,56.12229512145635
59.82827,0.59762275,8.395667,8.793265,5.077871,230.8266,106.725365,36.008957,52.7779981600295
48.47785,8.885993,5.9025335,8.959345,14.6166725,237.7597,100.96916,66.24761,47.97601222054076
70.65023,3.2907379,1.9187671,2.3868887,12.999651,232.65659,92.03404,37.033306,59.47472675488514
68.34021,3.1458764,5.8110623,1.9924188,11.26586,234.45242,102.31139,45.77131,58.29111426570386
55.12126,5.120886,5.0598335,4.962352,14.072467,231.94966,109.948006,58.4831,50.715603719038654
72.096275,9.406902,3.9864132,9.00277,5.8558064,232.86035,90.694756,62.616867,60.85139928232956
32.35047,0.47781366,1.1963044,3.223551,13.612319,231.567,106.835884,49.108524,36.52055646513645
26.715178,3.5223098,4.1670866,6.5201464,5.553335,220.53732,94.70962,37.2454,31.97931747463045
36.18498,8.56572,0.72762376,7.0815167,11.259154,239.99197,97.87733,40.835808,38.63202382938251
23.42521,3.9605448,0.9876905,7.7867465,11.309836,220.67218,97.45419,46.75874,30.940344337204
51.87017,1.9915689,4.1591654,5.6392446,1.2568983,227.90295,107.975945,44.583782,46.61955551961435
76.19634,4.247942,3.053815,4.024552,6.054836,222.10231,100.08972,43.94691,62.07877178757166
22.360613,3.855525,9.255444,9.67016,1.2720574,221.93857,98.94349,35.27415,29.525507981415323
27.326595,9.154162,3.7570581,6.1133075,14.959289,235.87054,106.360504,66.53241,33.8724723685814
47.131943,7.6193438,7.5785813,7.285652,2.7107546,228.51851,90.97814,31.190264,45.715352079452074
76.0325,5.0511556,5.3024755,3.4498284,8.599353,236.02278,91.729126,47.600086,63.651690327214816
38.969368,9.883706,7.040857,6.699492,12.067787,225.45573,90.43378,69.21286,41.72223527182127
50.43409,4.6527753,2.6011598,2.5779767,3.8176904,225.12926,103.75966,56.388958,45.63963855048289
22.494371,0.5823783,9.419049,2.4509692,7.790737,225.02463,100.51232,44.216427,29.702558228262443
28.900593,2.6227431,5.300885,7.147222,9.504003,232.3229,107.52044,35.843903,33.95759808825898
79.19781,4.360705,8.313241,5.2139473,3.2428665,236.29999,99.97066,68.5549,63.45509884239787
77.90712,1.5690262,3.650457,6.832766,11.899776,229.04523,94.43639,30.559454,63.501465969130386
20.296398,9.475651,1.0021135,2.6943848,5.1907105,227.58498,106.10295,57.255505,28.73839491090483
77.1087,7.668489,6.7371163,5.9872336,3.954323,239.47159,95.886475,65.2055,64.60228273477374
58.347195,2.682872,0.077596486,4.4393363,8.816043,222.33508,108.7138,31.00642,51.655809854940046
72.075096,5.9080453,4.7529297,5.969603,6.744391,229.73265,95.00848,59.006996,60.67546938598369
47.28439,7.2144914,1.928019,2.9087973,13.884004,228.16975,93.354416,69.953514,46.25139706129135
50.93576,9.412789,6.273755,7.1545095,13.320878,221.96252,99.86648,55.585697,47.94279524776566
49.330795,8.816354,9.794199,8.059294,7.766909,225.36401,91.0103,46.58716,48.47660414827935
60.011856,5.151922,4.644029,2.5991647,6.0296926,220.56882,90.72823,64.97603,53.26447664016213
28.379076,7.7465262,8.174983,3.0062056,5.557252,237.5391,99.92029,52.16717,34.787094153759284
21.798416,5.6214476,5.0778418,6.6115427,4.7458906,232.157,94.30214,59.977634,30.44616377996682
38.475796,5.527039,4.9584002,6.9558516,8.62367,236.30037,90.18705,53.511158,40.89626088329697
62.280846,1.1474196,9.3042345,7.040997,12.2697,230.43109,95.921135,31.531643,55.17456053043003
32.111206,1.2613766,8.899659,6.826985,5.3505926,231.9902,99.54735,38.5258,35.70999176497624
60.405945,5.2953362,7.8580046,3.9280772,3.6613173,234.01709,97.88577,33.150543,53.17359502516904
78.194725,2.6886156,2.9625576,3.9485366,7.656773,238.16023,92.70939,34.26751,63.591309893509184
25.634043,0.21036902,5.450084,2.5481763,1.9664818,221.83504,101.5935,30.61622,31.107606430229282
60.35613,7.228392,2.2389724,1.568337,10.817906,226.61897,104.20666,46.8466,52.2495248421968
46.62501,0.32486597,4.439167,6.9257736,8.257016,234.18053,103.51078,37.146065,42.770864426420864
72.08853,5.9527683,4.8421307,0.93188787,7.9492474,239.167,97.87524,64.22786,61.33443931937191
30.628988,5.3919377,8.316401,9.377923,5.2062354,239.61615,92.75192,60.001503,36.228589079615176
61.557556,9.688147,8.960283,8.266863,13.665428,232.76205,99.98974,52.92708,55.8387616205586
70.28692,4.8421316,4.1462007,8.575057,2.266808,223.87196,107.80863,49.560852,57.65626718651422
76.67685,0.63601434,0.17704445,9.066689,13.177536,222.38419,99.37446,40.234745,61.13147828906341
60.99488,5.5168796,8.617739,4.0860496,6.273873,238.92087,93.91362,48.99806,54.08328992919781
49.830486,8.410962,1.7427868,8.467008,13.32873,228.67856,91.86107,55.64917,47.42008031442094
57.070835,9.9684925,6.2188196,1.580613,11.202661,223.89632,108.87853,61.289154,51.92217491123911
72.1343,4.3034315,0.24970901,0.21641795,2.4583902,238.67786,104.86019,33.267284,59.70645102983745
54.236584,3.2029874,3.9950647,7.848914,12.641508,222.09048,96.25934,58.33859,48.876326833944226
21.823223,9.066533,9.859603,0.74796647,10.550476,234.59142,95.90705,59.709194,31.580832926666044
75.85692,1.9124213,1.006936,9.885246,1.4522268,232.50526,107.90437,52.358887,61.47332986911274
61.371605,6.1542892,4.2369313,6.7479644,2.8718376,221.7547,93.55136,38.57277,53.00812905559804
60.590805,4.057144,3.0714996,7.5344973,9.898793,226.77498,100.700745,51.567383,52.93408000824115
32.94051,0.41082364,9.050881,2.4580386,10.276407,222.99861,104.27009,50.108196,35.57819951753655
59.533127,3.4728847,8.693401,6.738654,11.45312,232.08997,97.92781,49.028404,52.879460457719745
43.631863,2.6522853,2.3769877,0.43219936,11.083436,229.54227,90.79805,48.4256,43.06967514131497
59.07398,6.8609114,0.81187785,8.378257,10.233279,220.0855,94.555176,34.43302,52.05533303293326
26.395582,9.487905,6.271384,1.6962409,11.7273445,239.5142,108.03616,37.3157,34.55676202417272
59.47072,2.680472,3.363687,6.973581,9.0512,226.9917,100.46238,33.893284,51.97581298954806
79.96482,8.114659,6.720844,2.244805,4.651079,225.1641,106.30882,39.699112,65.1045716399718
22.892723,0.55359817,0.32119757,0.6845317,13.7732725,224.44885,101.11371,40.53907,30.650085420088995
78.63045,5.3812103,1.3339924,4.8149366,1.2549964,223.17632,108.87204,39.803036,62.03948222413411
44.41448,0.70550066,6.8637223,1.6928622,6.131864,239.98274,108.18268,38.437164,44.180600036999294
72.24521,9.34033,2.1237066,7.29444,11.204185,225.90219,99.65776,59.41688,60.59323333812887
66.94313,7.6635127,8.575877,2.3756585,6.9801846,228.11028,96.36548,62.742615,57.88201048365174
54.020977,6.5794992,0.5859089,3.4247255,1.3476818,237.42712,102.03338,43.08437,48.864622801934644
64.30695,8.238964,2.1548197,5.6743927,1.9237326,232.83775,103.49776,42.205154,53.98058355392725
72.71093,6.475198,9.985602,2.8496828,10.080923,227.37389,99.9671,63.761295,62.33480136820346
44.24842,9.689444,4.330761,3.7798812,14.508104,237.96657,106.44566,54.956955,45.93223045318742
39.62199,7.1395793,7.0296564,8.156218,8.72609,234.99449,93.66657,41.737534,42.28473299894521
60.055603,9.246586,1.8266305,1.7920985,8.094609,224.55801,96.68824,58.54449,51.75068084605153
68.47076,5.171319,6.098687,0.8220159,5.456553,232.87479,103.72752,43.783714,58.59386117845371
65.73711,1.1706442,7.2610607,3.283578,4.5936694,238.44797,94.93368,53.462223,56.8509291438997
67.86882,5.2817774,3.1447663,4.2437677,1.2937897,229.92921,98.7969,69.70536,57.80122967502704
46.135,1.2687283,8.288971,5.426593,4.821368,234.67224,109.27467,42.063774,43.4838088408638
69.07005,5.924935,6.034176,3.724237,7.287546,239.42207,102.51752,67.22104,59.6952293819697
27.212543,4.8249307,3.89123,7.899117,3.771297,233.80829,108.98115,42.826096,33.89675679766746
52.669346,6.225754,5.576424,0.39319488,2.2228718,222.04877,104.44883,51.61147,48.041377265607075
20.34552,0.10046981,5.7676086,4.3176756,11.04819,224.89119,104.49333,48.399353,27.452181404393265
39.47515,1.9484049,1.655353,3.822559,13.524684,231.90193,101.83714,61.32638,40.886269262965975
41.987694,4.9133043,4.0273237,6.475785,14.114809,225.51112,92.84417,32.443707,43.13712823327248
43.770363,9.505035,3.434306,9.662763,9.651982,239.15083,100.39429,55.084892,44.069402808627785
61.72803,3.8360903,4.009027,5.103754,1.7388442,228.10704,95.05332,60.426678,52.62157973166128
43.313484,4.24372,7.611106,9.868769,11.372077,229.1446,109.97345,48.885796,43.96148851953943
46.921616,7.1469607,4.825384,3.0224938,2.5413344,234.03204,95.33924,34.211704,44.819975374408536
34.252647,6.0379276,9.403162,0.30868134,10.376473,230.485,94.613716,39.792202,38.78297183976194
42.395107,2.9892614,2.9367642,1.6566317,11.911121,227.64291,102.47766,57.186893,43.00119842411942
33.636177,4.108164,4.157036,3.951249,11.162106,221.53276,100.21898,65.8175,36.21885297673768
24.391756,2.176998,7.869568,3.1633391,14.326373,231.92891,90.427055,46.864346,32.546660446040036
56.206917,9.660214,5.460246,0.9705413,11.334048,237.3516,92.59066,52.41648,52.005744210699184
60.09277,1.3063438,5.4702816,4.326601,10.704937,233.71526,106.220856,39.135403,52.79851902516757
57.169422,3.7183678,0.5334016,3.3811576,4.6644044,227.6299,99.673836,46.488533,50.34285233094841
47.809643,0.2583897,3.9859967,1.2261922,13.946762,222.55452,92.9203,43.471592,44.51760925389512
42.787148,2.217795,2.7073374,2.9611714,3.5136142,236.32677,99.30485,56.221024,41.36333150630053
71.80002,7.8047113,9.993351,8.864361,13.668552,238.83496,95.06298,69.387955,61.28650009008656
51.14491,2.0117524,3.0835507,3.0204887,5.3772755,227.76546,94.47183,62.53214,47.479895677208724
48.75091,0.800634,8.844965,7.139554,2.8222904,234.57285,109.1545,37.686584,45.257083160260805
21.538525,4.7445316,6.762337,6.120471,12.573563,228.21527,97.24049,53.107143,30.7969646209973
40.47487,0.099692345,3.4091642,4.2718115,1.0349363,230.04533,90.92862,32.656467,39.450881145461146
42.811737,0.84766155,5.4353437,2.3902564,12.649237,236.72952,109.40653,39.87662,42.05642677121862
43.929367,8.076259,8.405359,3.690147,4.6723657,221.66849,105.89679,36.888706,44.006309564021436
54.81034,7.7147336,8.833683,5.921072,13.386098,230.6067,95.088264,43.42182,51.548725451124135
52.01615,9.151388,1.6039387,3.5075321,10.680709,224.2924,98.17783,57.152557,48.01006413284378
56.474304,8.545155,3.3957314,2.1489644,10.326567,226.79611,107.24579,49.97573,51.35345441588127
65.893,6.8317556,3.3522317,1.1646274,6.114474,232.88858,97.14827,67.31637,56.16521749568013
68.779144,0.5233286,0.42044798,8.797669,1.8316417,220.54457,101.34808,38.509953,56.78919301884146
63.087383,7.828486,5.9823775,4.4031296,12.621023,231.8765,100.697136,44.568367,56.601116808171156
77.33142,8.455108,8.548201,6.2520833,3.3926532,225.66884,98.025894,43.194103,64.18204980260109
21.093954,7.9908214,3.815744,4.9041038,6.211621,233.3897,102.79004,39.438545,29.728093497252186
31.74668,5.08479,7.4003596,8.725665,9.404965,222.83163,99.46581,69.72683,36.41308869335328
20.453772,2.3290184,6.2770042,5.4693484,7.751552,234.71623,90.42461,45.48902,30.034047885497557
58.848484,8.4532995,3.7564874,4.807814,3.7812488,232.9128,106.28766,67.62036,53.02007479222471
73.881836,7.271628,1.410598,9.24601,2.968629,239.42484,92.263115,45.61894,61.92070352406946
34.608936,9.807611,7.0932384,7.196896,2.725448,238.2247,99.2818,38.163666,38.19517781493875
75.62207,1.556926,8.545651,1.115499,13.08211,225.66606,101.598015,34.768253,61.92685180576077
23.616043,2.256646,6.858545,1.7770447,1.4418337,220.54633,104.11012,64.22253,30.068701131126765
76.06616,2.1179814,0.17878485,7.8712287,14.6782,233.10738,98.21593,31.283905,62.55577687039411
41.097363,7.925398,2.162329,8.358513,3.7794018,232.05775,104.71097,68.57578,41.25919822098856
26.085249,1.8690729,0.69479984,5.451908,2.5445123,220.54857,92.627,46.72765,30.700583760840672
49.152306,0.6665983,5.7038608,5.5445523,9.077603,222.45355,103.06891,39.894974,46.190761813764524
35.406593,9.985608,7.564777,6.3193297,2.1198034,231.69403,106.52678,54.697845,38.71465370677345
37.092373,0.24817212,1.1057919,4.3911576,9.434345,238.23654,107.78888,35.31652,38.03213790211351
38.437397,8.352441,8.383378,6.8019915,12.908773,238.13,101.59133,32.885822,41.36068261460588
68.18156,3.6536684,5.55509,1.0848125,1.6705723,223.0297,96.257904,63.111336,57.159881892867595
52.349678,8.416155,6.89969,9.612792,12.19816,227.69148,93.26713,46.98683,51.04630539104702
38.678463,5.546205,9.714019,7.5015483,6.522684,220.86406,96.91118,50.730198,39.920432656163214
56.620026,9.016313,0.8368099,6.311742,3.232869,229.38544,100.799484,37.06784,49.93819935224938
62.96904,9.2619295,9.01224,3.1632206,3.4653506,235.06168,93.926605,32.45697,57.03388101515506
36.35744,0.09098181,1.261027,1.6095549,13.862703,235.79945,109.0503,44.711044,38.07915096797836
44.812946,0.7541218,3.929588,4.0934296,2.5484805,229.97978,107.94271,50.24585,42.81696515525703
27.313166,2.5035872,8.514387,6.6157675,13.134959,221.91739,90.65914,60.617226,34.45109942247952
30.868961,6.6931543,9.062542,6.3370976,8.619425,227.62727,101.239235,50.04208,35.82137448817376
60.867073,8.882722,5.063717,3.8264115,1.5467865,238.64204,105.78618,61.30028,53.62067214698989
30.886301,4.5994196,5.941046,6.132864,7.502666,224.59225,94.90784,34.61731,35.26891486985865
51.509804,6.069731,7.0814734,8.137483,12.444293,226.3951,100.47793,32.55851,47.982293275717765
62.542774,1.8849986,8.327587,0.26284772,11.166839,234.93654,98.119835,36.35444,55.61118823685721
26.412615,8.049668,1.2151117,4.5062103,7.8429537,234.67162,93.93092,60.880486,32.46621886355049
54.038734,9.673281,8.100693,7.585552,13.040698,238.24405,102.29475,60.37321,50.94684876742976
35.39377,2.6859894,4.8127613,5.461445,2.6851068,227.76237,109.87384,35.654713,37.18012251964449
77.77561,4.9482594,4.506234,6.514761,13.739175,230.29198,97.30575,31.239546,64.76876612488384
49.012737,0.8611611,4.2389975,5.166764,12.850177,229.34785,101.04758,57.411278,46.07952397489182
68.35955,5.591367,5.092116,9.918745,10.915875,238.55504,96.55709,64.21127,58.482458369784794
53.01359,5.0278344,9.450505,0.54621536,12.450428,235.38661,107.53897,60.164307,50.18694508416047
22.604752,1.4443648,5.4820375,4.910448,8.613417,236.62883,107.29205,38.111958,30.796728945296376
57.989082,4.420662,9.531775,0.9141655,10.452274,222.66197,93.57547,53.350716,52.19053356751218
77.0842,3.3410466,1.8029013,1.5978556,8.848373,235.83693,107.99898,60.29463,62.880252407557755
56.09671,5.218309,7.2413597,3.8303835,5.9759994,228.65958,93.030174,40.233147,51.37312859835217
69.15133,5.8565435,8.1223955,1.555401,8.964051,220.46677,91.9088,51.108833,58.72824236363934
73.05239,0.08495579,6.7912884,9.636871,4.6045146,221.20177,103.05869,42.578415,59.96113525286441
33.684788,7.6100597,6.069223,9.467897,7.1639085,233.55815,97.71808,39.023018,37.52637583110929
32.72269,7.1301427,5.648128,3.3610964,4.9308558,227.44025,100.614815,68.78357,36.41126969627922
56.65886,3.662864,8.609304,6.397477,2.720429,237.3623,103.051414,66.50328,50.63893420101359
44.66171,0.52935934,8.216466,5.337533,5.506066,234.68546,91.05675,47.82671,42.996507176736195
70.39168,7.5493255,1.2228872,8.1558695,12.927821,220.4336,95.85906,35.471123,59.0259865837609
74.00139,9.551751,8.485877,6.274456,6.3351307,233.73776,99.218124,59.11629,61.91729751457353
41.205284,2.401516,4.140686,0.002524545,11.472051,223.84705,95.33175,40.228046,41.44845964121469
34.212234,3.2352462,2.5369682,7.631744,3.45277,228.45164,90.97943,36.74071,36.95967425827728
66.83153,1.8381289,8.697685,7.468481,6.9418683,232.4947,91.73353,45.26116,56.217026133223186
36.48836,5.769361,4.320248,5.097227,2.607985,237.45436,106.03496,51.193993,38.485995903614516
69.35686,1.548414,8.083647,9.02919,2.9406948,229.12196,108.22774,33.897614,58.14036205366416
45.424294,3.5619395,2.634036,9.084462,9.64411,236.16982,93.04466,52.869858,43.71899030015556
60.052994,6.97013,0.039293215,5.2391167,9.5047455,235.65932,94.98524,30.613935,52.3813221322949
25.732119,5.60116,4.9545918,6.079882,3.9872067,228.29077,103.04499,65.67476,32.765383790675
57.43156,3.8646257,1.0022826,9.96522,7.641925,230.0196,109.085434,66.829666,51.70679150916483
47.10606,4.202496,7.5437593,2.9882023,13.086287,234.0097,95.99179,59.32283,46.352663429363126
55.196507,5.621109,2.7607512,3.2461724,3.438821,220.62297,107.10427,48.661976,49.03717059846337
30.080853,0.05864728,4.4364567,1.827739,1.2689475,237.81622,100.12049,40.19585,33.42075063601737
64.212425,0.7850987,0.87033564,8.95867,10.127932,235.39632,109.13117,59.764484,55.356125924525045
71.76782,8.812581,2.8665924,7.444884,1.7489749,224.98831,92.725174,67.27189,60.04596526389647
33.004387,0.7787899,7.8149023,1.0564284,14.719163,239.6236,109.47345,36.341347,36.54449482874963
25.742874,7.068036,1.5158792,9.817674,9.534684,223.58781,98.81957,48.63288,32.48707721105182
21.418316,9.200381,6.471596,7.309617,7.585549,238.28174,109.05877,42.610466,30.672689386007352
58.51829,2.706836,9.174258,8.505221,7.0198956,226.48947,99.173805,44.269672,51.52391541772384
56.425644,3.7049143,6.7983675,0.4815079,9.022989,235.26294,100.60165,46.230312,51.15691277413772
52.801846,5.689214,8.110217,5.049609,2.268742,229.12753,106.0955,68.07185,49.20654239051882
33.916824,8.81709,1.0897163,6.985983,14.020267,234.72935,104.45257,40.345486,37.94169034093203
43.45436,9.419056,2.5073183,5.429466,9.758989,223.11566,102.39207,49.707035,43.22897368543524
55.66858,7.3956323,8.945389,6.666475,3.5756989,225.39014,98.3396,68.0595,50.97293471559526
49.80601,0.8661976,7.1510563,8.1787405,8.876135,221.99716,105.84877,49.042274,46.2496778437684
79.26713,6.6915417,6.3955383,3.7433705,2.865591,237.30289,108.96457,64.54398,64.8310660081116
28.186384,4.1030374,6.637667,8.486687,1.245738,225.92586,90.19622,32.35059,33.671687313331404
61.70867,4.70701,4.1420054,1.629161,9.827238,233.88953,101.756905,68.121216,54.04505842579739
44.259125,0.4914839,0.44556633,2.7088606,10.078767,236.40442,107.31962,37.501247,43.215042161226506
45.69198,1.9106214,7.844415,0.4334562,9.171752,238.02837,103.06225,69.1974,45.12287687735709
63.055866,7.905136,6.7871323,3.644268,3.568765,222.12595,106.01659,37.023075,55.175161871498
61.54617,4.5395885,4.7280445,3.7990954,9.448018,237.8603,107.90122,47.77464,54.71856666643006
79.47536,3.0166223,8.997596,8.052706,1.7911532,223.94505,105.01902,42.344578,64.20137684077243
27.703657,3.8401906,3.3615966,6.5313067,9.529337,234.73804,104.34035,47.329258,34.24030674338719
26.246578,8.543995,2.9432175,4.3672256,8.756238,234.57698,109.294914,40.02099,32.029525929655826
63.460327,7.48999,8.727963,6.5211396,10.173568,220.17006,107.2737,68.61269,56.298874476791816
54.703217,2.723154,7.969877,0.5278335,13.536658,224.41248,106.307556,42.229,51.00182603325786
36.44964,1.1750184,5.149798,1.8027153,12.905013,229.83817,91.728065,56.130997,38.38204903329269
24.765162,2.519982,1.3073474,6.2694783,14.729158,228.4007,94.780594,35.4979,31.30682381034221
25.139496,9.207564,2.1507146,6.413668,14.667375,238.37148,101.135124,62.9755,33.74885683798872
73.65145,5.8158884,6.5622797,7.7413464,11.812476,227.19482,104.1912,51.700317,61.33744175839356
31.51204,5.334802,3.8504124,4.029998,14.389874,238.73967,96.0643,69.17784,36.577647420566755
39.402294,5.963936,8.364732,7.225541,13.141974,229.18858,91.86656,46.93609,41.8086828218912
33.599384,3.6602826,9.49955,6.839803,11.186154,239.28706,96.221985,37.817917,37.75764215766669
41.299778,8.071071,8.056369,9.633934,2.0553796,234.7471,105.420586,43.84076,42.689740298399435
24.16543,5.2328625,3.7754543,2.1513023,1.6866984,236.58669,107.54802,59.478622,30.702466158956707
51.14359,1.167479,7.886864,5.5167956,12.726394,222.09753,108.25807,56.36426,47.44933479656612
24.056753,1.2906512,3.5144167,6.0176444,7.855182,231.72282,97.57733,61.133896,30.99898952621457
68.02139,5.3685913,1.6710008,9.986479,12.404493,222.854,97.450775,32.938812,58.4369851679583
34.022724,9.365703,0.33393204,2.0118415,5.3808556,225.95242,98.13415,53.214752,36.937910939566244
52.400715,3.0835211,3.8571672,5.23218,6.567098,232.47131,97.51619,67.28675,47.92686092528805
72.80475,8.695412,9.035593,3.461853,10.802614,234.52452,103.32393,34.31608,61.67654234902786
59.052643,7.640956,2.3898659,5.2589297,13.814574,220.78368,97.166466,33.77341,53.05158687776377
51.977467,2.4781244,2.0651317,2.321286,2.2286606,230.61888,90.406876,58.664173,46.787188706748914
39.460026,0.3634075,9.698208,0.47612378,13.060694,231.30627,98.780495,42.6073,40.20558459392775
39.980114,1.0184727,0.25004113,5.7256546,12.102179,221.57655,94.48304,56.34317,39.38543193747311
60.169216,7.2849393,7.8578215,3.3585432,5.4175496,230.01376,90.57614,51.81538,54.01055397784751
79.64836,1.9966974,3.2136996,1.819414,5.9730325,234.27684,99.41686,69.442665,64.00935870027672
59.71035,3.7127092,0.37487957,3.2393556,1.6504607,221.06454,94.119095,65.562256,51.055726732929124
53.467007,5.0169916,9.178025,0.49280202,1.2203685,235.20535,99.05484,57.12291,49.155350255534664
63.83903,7.2546816,1.3964233,9.504422,7.678086,231.52853,95.555,40.466984,55.15031977585408
47.91234,1.1323122,5.5177927,5.811479,2.337555,236.66455,102.07418,40.476326,45.2628122432989
23.608541,4.063664,2.7405422,8.147687,3.7160254,224.36125,109.81755,65.28975,30.131494202734043
53.73781,4.850729,0.651928,4.231182,12.854741,236.66547,100.94464,53.413643,48.83735522651107
77.45752,5.408271,0.49922487,9.033147,8.994397,221.89122,102.93792,61.57127,61.59994489625052
30.518177,8.183606,1.1555669,4.8331823,9.870854,228.0766,108.38551,47.994568,35.104103508266235
61.400295,1.716782,0.71367013,5.7394533,3.6247106,223.9897,97.48001,34.122944,52.290428935968464
32.056023,8.078315,7.6055813,4.9179397,12.601265,237.52042,93.33097,43.307457,37.49913265648889
52.149662,6.9287844,4.855662,7.3327827,13.151717,234.0984,95.655945,36.44597,49.34379603802451
25.800587,5.558708,3.428921,5.6665606,8.326587,220.50723,98.0559,61.27331,32.54965710915168
47.022255,6.995279,4.183689,2.7159894,13.775808,220.19046,102.90035,58.02048,46.12621922209864
65.3698,4.1201773,9.289468,1.4553953,12.8276005,225.82498,90.09176,33.53652,56.19623829994971
40.85429,1.3839759,9.107518,6.061244,11.238539,222.86566,107.067665,54.855415,40.963699448058875
59.894703,6.6576524,7.156765,4.8917994,11.277062,232.6061,91.52188,64.96542,54.5200138362947
67.727,5.246723,8.846824,0.959757,2.4755087,233.27594,108.0131,57.894573,58.57387678003276
75.63067,6.393748,3.1964803,3.9561746,4.7917047,238.83902,108.98869,50.444477,61.99048501392357
34.078526,3.3799877,3.8110933,5.147764,1.9358611,239.0408,109.802055,42.474533,37.62970187366378
43.958954,9.0686655,6.1371217,8.268932,1.121537,233.17793,106.1902,65.48387,42.90269279828961
29.14496,5.8736987,6.2362595,0.7610106,3.2163334,220.1135,92.83711,46.912197,34.608325712940214
79.54901,0.8540248,4.8169985,3.4849534,13.32682,227.17996,104.123344,64.215744,64.21533838349929
75.620056,4.4980397,4.0065784,8.226562,4.358237,230.26283,94.06643,61.319992,62.79082921046336
52.397427,7.5635605,9.861803,6.484239,14.582155,229.9836,107.94256,62.64908,49.86434229137645
70.521996,7.9413457,8.211236,2.899583,9.362074,232.06682,96.332115,69.5919,60.411037165835864
51.257477,4.9459705,4.349802,8.453351,4.321619,239.21103,96.53592,59.95034,47.76065838536299
57.415142,8.947475,7.272925,4.9329357,7.959831,237.70386,108.353065,31.361637,51.991251298362144
25.347466,2.6766844,2.695617,4.983519,4.0673275,222.17816,90.26462,38.217358,30.2295472711092
65.31622,4.105987,1.0016932,9.765873,14.77563,225.31961,93.879326,31.407806,56.28487170398711
27.66281,8.98597,3.5243104,9.471165,12.86171,236.66219,98.438644,37.596542,35.17977400337299
69.56406,8.962567,4.029728,3.585327,1.3673431,236.48615,104.014435,32.45758,59.07215815828369
66.921684,6.8571277,0.16537124,1.4057913,14.268865,225.50742,102.951324,50.064682,56.02777494708184
62.52468,8.589806,8.14792,3.2566674,11.094912,234.61176,103.38824,31.128248,56.31717742751519
22.169622,0.8877327,3.591934,0.3048326,2.1533375,233.44075,107.60044,48.903164,28.623352397109
38.187702,8.64995,5.8041816,0.20767887,10.388928,229.47047,92.42061,65.953636,41.10760800961197
35.786755,3.2061992,0.7396319,3.9552214,10.056973,224.0291,100.44324,59.94304,38.19971299341439
41.608185,1.7833152,1.7499683,9.410198,4.0630426,237.77286,104.50955,67.75824,41.4279702791632
25.258564,2.3936985,8.896937,8.713573,11.618254,233.55702,102.72237,39.065872,33.30649715250951
76.21747,4.179685,6.0868754,5.1144285,2.218906,223.37985,98.966286,51.24343,61.93174371254263
53.228134,2.51192,9.50284,5.6522636,7.8522325,234.09605,90.34229,42.74318,49.06809659211011
38.33146,3.2056758,9.9875,0.059334967,1.138925,234.82867,91.209045,49.752792,39.82901275049284
43.81889,1.3497849,3.7186012,2.1550117,14.562325,237.73761,92.37883,52.28303,42.81820664013072
46.832153,2.9617677,2.9880307,0.24774127,11.521891,224.45679,96.864555,31.447445,44.63839004936093
56.03566,5.722838,8.583561,7.5453954,3.2239292,239.77509,92.353065,39.330246,51.07013405292764
50.940765,4.418537,9.9861145,1.456458,5.783437,223.06787,98.521645,58.19091,47.467050243435345
75.16352,3.4671876,6.2964125,8.690471,3.2478733,232.01378,93.57284,60.91712,61.927464128781125
49.81781,7.4645214,7.9514074,6.4332433,11.732644,233.14352,105.58332,52.778053,47.40996202828232
79.52948,8.9351,7.8174586,2.2941868,1.8245486,228.37906,107.42975,40.83316,64.42151900488125
71.085495,7.567892,3.5533972,1.5772032,12.765693,229.50075,97.79295,46.203365,60.82458689486492
32.51063,3.320007,5.742704,6.276247,14.190749,237.8182,100.22664,33.841473,36.30376726718835
75.83572,7.444422,8.330569,9.008369,10.472792,232.90549,109.06992,68.12718,64.08136236234427
26.981983,1.5198019,6.881139,7.1836023,3.9815164,229.94002,100.71015,64.7471,32.30874995513555
69.04698,1.3031799,0.21163814,3.4854665,6.041261,222.56699,109.90147,32.624092,57.03094791756242
42.8374,3.4562705,3.3670566,5.873836,7.6813583,220.14676,92.84262,36.659626,42.82006671653986
72.67846,8.0770235,1.444757,3.107617,9.464746,222.49937,107.24453,53.24378,60.109034009506686
72.083405,2.4634824,2.3297222,9.991496,10.361283,239.12369,99.94406,39.297203,60.55874153692085
68.35552,0.6325341,9.054894,7.488392,8.759006,235.28174,90.454285,67.37603,57.82359429572566
67.401825,1.3170954,0.3689329,6.1438165,5.918395,239.34233,109.44446,60.22362,56.55347451859109
38.280746,8.58745,2.198007,4.2325916,13.472842,220.71417,109.30096,40.93166,39.974062527721934
24.855158,6.337833,3.0956936,6.181523,2.1394887,233.6044,97.66542,30.244057,31.91825036823989
44.17881,2.5320117,6.168841,3.4161606,7.5275846,220.88586,109.08284,61.977894,42.550388950891
30.41147,5.5529585,5.341017,0.2886484,11.857907,235.64113,92.82019,46.96359,35.49424807915512
61.697063,5.2757964,2.182695,3.9508853,1.8522173,227.619,103.6022,55.69511,53.04323783155667
40.765984,6.55436,1.6424106,9.304809,10.874693,221.91531,93.83858,41.478992,41.23132839645039
78.53661,2.3318756,2.3679802,6.263011,12.475963,231.36093,94.932945,35.71493,63.097437901620566
58.458324,8.64403,5.025296,0.83955705,10.251638,225.6024,105.58675,57.012463,52.653671615694606
69.34883,3.0936856,2.711778,8.8499365,1.1811165,233.19148,97.547165,48.012985,57.01129155576728
27.95148,6.9413166,9.476025,2.6887486,3.5219183,233.1635,90.14255,39.406788,34.751614381321204
71.72087,0.16124646,4.6386523,2.437695,5.789583,234.10014,98.28477,35.50512,58.167390191903365
75.36543,3.7265713,0.5879602,2.9709096,4.2716603,239.8493,94.561386,53.219185,62.45846153908405
49.223717,3.5170982,7.292664,5.7720222,14.47713,227.73395,103.666595,59.022,46.89886982161759
56.375175,5.4348445,3.2884529,5.446881,10.122314,229.3063,93.88898,41.35548,50.51169032632379
65.88859,0.72736263,6.534889,4.9141374,5.1575933,236.09224,106.84507,59.4057,55.72409500924557
30.490318,7.901314,2.7959437,7.175369,14.015765,231.5674,95.34186,37.324886,36.31418370983689
50.153965,2.177808,5.7074375,3.1653774,11.368319,220.74515,97.860565,43.53663,47.141881944016
43.91978,6.770378,7.721525,7.8206453,4.984501,236.86157,95.96074,59.79529,43.926749778567306
28.78244,8.032122,9.280087,1.7532167,6.304342,221.02997,102.87846,56.405743,34.07964553793566
42.052067,5.6187696,2.6112714,7.826208,3.792004,223.4164,92.02327,40.820946,40.83397131152684
24.090338,7.408832,3.3485694,6.638101,14.595036,222.0416,99.56199,34.8854,32.06446182799691
21.548714,6.618603,4.6426644,6.832083,8.242151,221.55855,96.689095,31.698936,30.47936853624
28.109978,3.555298,9.271749,4.815534,13.544794,220.5137,107.68276,63.516605,34.7894820813719
77.7869,8.088586,9.013868,6.6700153,5.850997,221.10056,91.46824,33.005676,64.34632003895437
52.97177,2.9470136,0.8987828,0.7979705,13.051783,228.84879,106.5939,34.593807,48.899658198212535
77.94933,5.712129,1.3192983,8.5155115,1.7544159,225.05705,93.35361,39.508427,63.507056783821845
45.94987,7.4539776,4.955092,0.5554723,14.749265,222.53073,91.77155,47.82679,45.91077649256563
38.70897,3.7895591,1.0661927,1.4874151,13.768481,233.17412,94.046455,61.591484,40.683913781318175
50.36851,3.027676,3.4558086,5.767897,6.0848413,224.52223,92.05306,39.89921,46.12177317020746
46.3707,4.59346,1.4838538,7.3941145,11.84611,220.37898,100.41968,51.74033,44.736185206054785
26.339882,8.179635,6.3604035,0.76251566,11.531611,228.3684,109.7643,33.614902,34.05242856332199
58.449577,9.299217,9.494954,9.207648,13.617567,226.20866,90.68655,48.58044,54.075495176088005
32.96229,5.4508343,9.967338,9.736076,5.30157,226.37209,99.222565,37.10556,37.759012792445766
57.175278,6.614662,3.7524114,6.0595016,7.51728,228.9054,97.721405,38.447662,51.561892344073776
59.012066,9.032736,5.990126,4.8124347,13.109995,233.37828,96.79213,44.673138,53.73817010162608
29.12149,0.9854685,8.562676,7.4139495,11.900112,232.32959,96.637276,60.453907,33.88952476705979
23.680977,2.3207858,1.1746207,3.2835736,6.508534,238.74524,107.90025,59.759457,30.503982467594383
66.845695,7.089,6.895644,4.9326444,12.840154,230.35434,90.379524,46.59892,58.336282711552364
47.588024,8.237445,4.0884366,9.16151,1.6573565,229.4514,105.49833,34.746845,45.39720406033253
23.489828,8.570291,2.0614617,9.556554,11.948648,224.2683,95.05866,41.227665,31.352527533678714
79.69198,4.1510715,4.0275364,9.270691,3.894722,235.10762,97.66591,50.21423,64.98216047097043
23.466833,0.893399,0.75960284,2.6244807,5.0056925,222.81552,98.403,64.776474,30.029694265278135
61.702114,4.377815,6.9540715,2.3246903,7.905008,229.82266,96.094635,68.73019,54.31197683766954
79.02074,2.3073459,2.5274267,2.976645,7.2962832,228.42644,91.87118,55.498837,63.31958378102842
34.350807,2.9119647,3.1140563,4.413111,8.287981,233.16602,92.28661,44.02746,37.56476886528391
28.534962,7.722676,1.2108129,3.141674,8.626859,238.35243,95.96262,57.738136,35.326349195813016
27.283096,0.75527084,8.646591,3.742128,5.6413875,238.93192,106.43618,43.449207,33.09977532654791
38.19651,8.275812,4.934443,6.2063694,3.453185,223.35599,92.69255,55.01894,39.57849275523108
26.062748,4.276691,5.721469,7.6252565,11.758738,225.23634,104.8528,39.750664,33.11754225986266
61.529682,5.9606395,5.694327,7.3555818,6.599666,236.23271,95.7774,40.679546,54.69734291801841
23.737509,0.8965223,4.1049314,8.144236,8.081772,230.3656,107.6693,33.00902,30.879619899642034
50.565327,3.3735907,1.9252992,0.32184404,10.025754,229.06068,98.56657,46.805645,47.62336835557958
79.80181,0.8970092,7.4513273,0.4773379,13.734931,234.21251,93.43446,54.726982,65.14435036974791
68.83822,9.6154375,1.2705626,7.89383,10.90574,232.0385,109.71689,61.551796,59.13518564088207
56.913166,8.072617,1.0387379,5.330788,1.6364292,239.41428,93.53269,62.41394,50.6621867893508
38.375217,4.596328,7.1014504,5.781407,12.739845,231.67949,101.352394,69.69778,41.6265045924103
57.43375,2.2360256,2.0883703,0.5258686,14.85097,229.31947,101.38573,33.510227,51.990542711777714
51.622486,9.334551,3.0677276,2.553138,7.6147904,230.85635,97.45627,49.72547,48.693931444589005
45.565002,3.445966,4.7522745,6.383543,14.574265,236.17079,109.02977,50.854984,45.32225729752702
27.842623,1.6098443,4.493513,8.591819,8.662602,232.2535,106.877495,62.181335,34.48736740339125
73.19625,5.631644,7.085791,9.169834,7.4346237,232.94096,106.59639,40.65434,61.9623058655527
46.98708,9.437741,6.234318,5.0041947,5.6396666,239.42877,109.48304,32.77489,45.80644601278527
31.677351,0.038302906,6.4439616,5.4547424,10.205769,232.3679,99.14219,42.550354,35.304188478873535
42.06556,2.3812485,7.1405435,8.330496,4.217486,227.6057,91.94372,69.35712,41.66038844561021
44.847786,9.384477,2.9261272,5.376246,2.469079,233.82652,105.30912,65.977646,44.791374800569024
69.652275,1.7108597,3.2233331,5.1685853,1.3813194,233.1892,97.61625,45.80988,58.31943648406717
64.01686,1.1324345,4.3799777,9.05084,5.093322,220.27695,93.8069,65.05088,55.22733416389199
66.158295,5.7018723,3.0746217,7.8993273,6.5407915,229.34659,99.66495,31.310179,56.163098291875706
20.661877,8.618438,9.849379,9.090725,8.729074,234.85808,108.51438,42.568165,31.41209746168451
44.96924,4.771098,8.140519,2.1824706,5.0984974,229.98083,93.42714,59.072475,43.48611761974242
48.88065,9.945642,1.6465468,5.243755,14.7768345,235.59242,106.973976,38.85809,46.34455016486217
21.151537,6.791717,0.05594156,8.424722,5.084432,229.01767,98.3641,37.93564,28.25088812406475
35.58879,0.74074906,0.4278327,1.1114783,7.1736555,239.66643,92.73604,64.472305,38.44342796705522
65.617386,9.928321,2.4406345,7.9466214,2.4458663,225.85783,106.96764,54.638157,55.2530978817785
28.226582,4.0789423,1.1429129,1.8297338,4.6487713,221.84245,109.39241,69.560905,32.7566344692344
52.118607,2.8740253,5.333381,8.081187,1.6766499,228.60023,95.82542,35.386787,48.08102594078678
32.912113,5.5787916,8.579952,6.1200094,8.833121,230.83418,96.070724,44.245136,37.88989945645365
20.727247,3.0430758,7.367502,1.9323599,11.514906,226.98187,97.81092,42.448536,30.73670108692266
34.472088,0.8645751,2.1560907,4.733542,3.7399373,224.84563,106.28261,65.20529,36.28016229175713
78.55242,0.014283431,3.9929926,6.8190517,6.150753,233.44118,90.20834,40.21186,62.798117035914906
68.092224,4.4958334,5.0789423,6.338529,1.2326272,227.5425,94.47913,44.13844,56.6019746304563
77.5746,8.368634,8.102058,4.272472,12.753309,232.62737,104.118,35.713356,64.90710289025958
49.271244,5.7231517,8.391216,8.993666,11.919489,235.58144,98.112785,61.01604,47.20985752631022
26.584171,9.992073,9.097183,5.192634,1.8855565,235.22005,96.60591,39.508133,32.95277920753971
52.87757,2.8684664,5.0924525,5.058673,6.1081467,227.50618,107.445656,32.73281,49.27803319546104
47.26264,2.8045506,6.9427476,0.6225059,14.374013,231.35797,108.34668,47.40435,45.837989402241796
70.66142,1.5974946,1.1180037,9.221204,6.488379,228.99316,108.959724,45.658325,59.63262839974352
25.884954,1.6406358,5.6528897,1.7711657,8.366921,237.4161,95.45101,37.104366,32.06128258586994
49.294468,2.851866,2.4869182,5.283447,5.9734,237.57516,108.25025,35.343903,46.00701961238023
29.00292,7.9284005,4.3171687,8.035676,9.3458395,226.87483,104.73931,65.86229,34.42858563203846
39.480556,9.057568,6.340505,2.1545327,14.694197,221.83475,93.0843,32.71378,41.585218180822096
64.241425,9.750872,2.5698593,5.2737327,14.965035,223.35165,102.2054,33.97244,56.60700274116372
48.56109,2.3228965,0.5218506,2.4068491,11.846009,227.34004,90.526695,39.80189,45.77687947656201
42.5533,8.812976,0.10233857,7.59695,6.6603556,231.285,104.167564,68.11357,42.11621209526386
43.668575,3.2825508,0.22159536,5.6434116,7.922051,233.13574,104.67135,33.41537,43.0878022551705
47.566807,1.1284055,0.083497375,8.559758,5.9942384,226.62743,105.78677,62.640594,44.67980273054187
67.10099,8.70025,1.1035506,8.9455805,14.798045,233.34998,93.4505,65.68208,57.29520270197479
73.52508,6.3610563,2.3948872,6.4873347,10.908645,238.7548,102.565,45.114708,61.30271745365361
77.32008,1.647309,2.2122152,7.2539124,7.2850404,233.04028,93.57713,41.755775,62.83396469472632
67.2142,4.2983127,9.867966,5.492201,1.1696138,223.17131,108.933,57.095108,58.69292035467966
38.924416,2.872577,3.060061,3.8442874,8.286768,231.59338,103.50021,58.105385,40.387500419819986
61.288082,7.3679457,1.2742078,6.481179,14.774995,230.8379,91.90652,61.199085,54.18600780738793
46.256187,4.5341625,5.4556255,9.082887,8.322853,237.414,93.74065,63.22267,45.577934026756814
35.28024,9.892799,8.579575,4.166804,3.5539737,227.00606,103.2692,40.735817,38.520542602301795
70.45229,0.5474498,6.780604,3.1441002,1.3093125,228.45891,99.53341,57.478462,58.00170087322649
22.30558,3.5501528,2.960821,3.8843694,5.9658527,231.97318,104.72595,35.39623,30.439240682829663
74.10572,4.8190017,5.616162,4.3539762,13.855193,230.48851,95.615776,50.429253,62.1243483576335
47.68865,5.0313354,7.1485596,0.7356103,14.951757,234.38033,103.15835,54.515476,46.3328232115069
58.23209,3.1593583,7.281045,4.9844184,14.235151,220.80779,93.5392,36.469276,52.13548309673648
59.561234,7.2924023,6.665385,4.9431424,11.21188,231.27032,100.87421,33.06026,53.62670907968694
73.70706,8.747471,8.708104,5.8844385,8.813998,222.43344,109.15599,37.789852,61.429559242847624
58.20018,9.387193,8.701055,3.6282003,9.269606,226.30418,102.564445,46.82355,52.77672680689006
56.836014,8.050934,5.789366,6.131076,8.545888,233.23254,90.99987,65.51364,51.3016863909019
23.999123,8.505802,4.2985635,8.782163,10.89869,223.14828,109.775246,51.276577,31.168476422704604
51.10448,5.505453,6.415703,9.554709,6.8642254,226.17683,93.13733,59.939716,47.236275388296384
29.01014,8.2588825,8.18212,5.836122,10.368856,234.06013,104.36138,36.965782,36.25443999109821
64.246025,3.0350392,0.056521047,0.42590955,2.7025697,233.0161,100.650604,34.23913,54.90972875868342
50.733315,3.9847877,9.9199705,9.69236,4.719734,221.8208,95.887215,39.584694,46.49764944063826
60.813667,3.16913,1.8289378,7.0586205,12.704042,231.54536,93.54621,42.555218,54.18879890113814
22.500374,4.6738734,4.70249,3.3596365,13.652485,222.94508,93.55405,51.92408,30.173084566452577
25.08752,2.855796,8.720298,1.471577,8.546115,225.04543,107.16799,65.24973,32.38051432654151
62.979404,9.616115,2.250404,1.4341861,1.4428986,229.18422,107.45825,47.043705,54.23031919604156
24.32506,3.1284463,4.7679524,1.6774441,13.97763,222.18694,99.30291,50.751926,31.86658755154846
24.275404,0.9804454,1.3258218,0.45572522,10.828899,239.87294,92.072426,30.184542,30.82083420193117
20.72651,5.268172,3.9507632,9.021542,6.796391,223.30739,107.683304,31.332483,28.22488601033531
77.39008,0.5709908,1.7713546,5.4076824,9.377305,235.62625,99.740326,33.35077,62.47582335605727
64.2505,1.1054317,3.6362774,6.999594,7.0168476,236.59677,98.775246,57.959763,55.254343198931316
41.195084,2.193894,3.7346423,8.281085,7.514749,239.88928,98.14714,49.447655,42.57378375627689
37.792133,4.6435027,9.931708,7.91541,13.4153385,228.57306,97.300285,37.71845,40.153124718244605
40.982193,4.3325095,9.948131,8.8260565,3.2551794,237.48189,100.52011,53.703976,41.869034182008875
66.47921,7.9969187,1.1478628,9.672546,2.4513679,239.15079,102.09083,51.784485,55.948640473620934
59.682236,7.3947463,7.259688,4.390706,1.0382024,223.45789,99.32864,33.55197,52.59752821572052
31.111734,4.263183,0.5174548,9.503355,5.396005,229.58871,107.93296,55.616512,33.64076577335819
30.44656,3.337042,0.30192015,7.2328997,3.0637927,221.20021,96.353226,60.686195,34.32752731958118
25.90374,3.1646879,1.0533389,0.7066819,4.079797,232.41447,101.56624,41.462177,31.58352303801313
59.618164,7.7399507,9.654857,6.817831,1.1573458,231.62813,95.99908,57.499554,53.65041971704801
65.86236,0.52072406,9.408635,6.8671665,4.1807356,224.08252,105.067,37.98878,55.1925454782398
35.902786,0.12821649,1.9392782,9.058605,5.6579623,235.95805,92.04242,60.269154,37.6440882346285
21.256699,7.955444,1.6167233,3.7293212,1.441945,220.74538,93.77398,66.47097,29.152575564059205
24.9303,4.771464,2.405351,5.849115,9.510657,236.12454,106.024025,47.674686,32.0713622598518
78.0716,1.3088114,5.15547,0.12187551,8.963205,220.53291,93.663956,39.78488,63.12230106895819
37.72669,2.3556592,5.6970463,3.3207524,2.358501,233.13658,102.51493,45.967068,38.557542127464345
66.15339,9.32504,2.2159343,0.62243724,9.330137,221.5754,109.40487,40.003098,56.27370328844295
57.479813,8.59503,7.566228,5.2187295,14.981154,225.0245,100.45781,30.049576,52.45411941021508
42.916378,7.0978503,3.0955317,8.174477,14.222566,234.43826,93.74793,56.018265,43.19996816342493
32.341236,4.8222523,9.221313,2.064427,1.0373939,225.6081,96.41382,31.701065,36.775964186225316
27.283186,5.203236,6.567227,5.2744102,12.135297,230.22348,106.46916,38.41563,34.969025583047014
56.90078,9.752445,4.363512,2.0400863,5.950474,238.30496,97.03322,58.897984,51.23073668435963
66.47803,9.657704,7.89912,1.2068846,1.8911192,220.99269,104.47023,56.629,57.164449767257345
58.634254,2.1526904,8.179146,5.1099677,5.143765,236.2216,105.547005,32.933155,51.93995675117701
51.818127,8.111046,2.9048162,0.7914862,5.504311,221.30544,100.02366,56.40219,48.3163816349672
22.517073,1.9724267,3.3971455,5.873546,8.325419,222.5359,105.66427,67.22299,29.819980145709152
78.10933,2.1353748,9.359551,0.3133746,10.255173,222.38638,96.33806,32.9801,63.76099274709083
67.92285,6.7609305,1.6474104,1.0671498,11.486778,239.88205,100.3232,46.62753,57.79856798895751
37.56932,4.050011,0.42150417,5.4999747,4.4426427,223.60373,103.73116,59.177357,37.36166572091457
78.79822,9.315444,4.540553,5.914074,5.504788,237.93524,93.361465,56.70892,65.31026879259538
56.112896,0.8900973,8.012099,0.2898693,5.3173437,239.81865,95.47244,39.06042,50.51487081931825
54.94536,5.1152563,7.716681,5.733768,6.078316,227.67569,103.04073,36.52269,50.347314769501516
64.88439,9.185215,9.195306,8.385025,14.995189,232.62097,103.1072,61.36988,57.61763760525677
68.706184,9.041137,5.3320065,7.2231617,11.891206,235.58182,99.86605,68.24979,59.48529589697208
59.388718,1.5652921,1.0006467,1.311851,14.649866,227.8529,105.911705,60.70334,52.574597087977956
27.685745,3.666377,5.88689,5.9247465,10.703555,223.23628,99.6411,68.52818,34.14854456076133
40.29605,6.191214,7.783956,6.722525,6.68779,228.67526,107.62644,54.199818,40.996360760315326
75.68502,1.5939488,0.9332812,0.372312,6.4564185,235.43776,104.71807,67.163956,61.34936783548853
33.476936,9.680222,1.7265741,8.553476,7.840136,235.61525,96.2939,57.617428,36.57594732794181
42.33002,9.147493,0.12290661,9.062674,6.836177,224.61078,97.90508,66.35539,41.43373198493627
45.924614,1.6695018,5.936526,8.504522,12.596567,223.49931,103.35374,36.46356,44.719886820965876
46.3643,1.2115546,8.867344,8.246315,7.5100284,238.41121,107.88905,62.62261,44.604824220900795
56.776375,0.85408485,6.706633,7.449652,5.138601,220.87997,93.57417,37.86983,49.57982034348343
76.58455,9.094437,9.820401,6.3343205,11.848043,234.69476,100.293274,31.097164,64.71170911836474
34.441563,1.936238,0.6303365,6.78627,12.961885,220.92842,92.37569,50.703445,37.955800303509285
27.290083,4.1628494,9.030011,8.063953,6.8860054,236.758,95.5891,42.730072,34.54181927505632
31.848228,4.4885135,8.140683,6.6249847,10.34932,238.10829,103.71963,31.741255,37.43509277375814
73.21549,5.9901104,3.1424153,3.2772696,1.8232635,225.94838,91.554695,69.21217,60.40032626012696
58.74865,0.71735346,9.735266,3.7596111,8.412508,221.47871,103.24717,56.658646,51.37303528572263
37.154408,2.2675862,2.8793774,8.970574,1.629736,229.6137,108.01622,66.07249,37.72022118798091
68.95682,9.314904,8.893047,0.17122085,1.4086717,225.96925,109.387405,69.9633,58.25058747782907
71.6822,9.084101,8.807486,6.988206,9.580948,228.34273,94.33264,45.67867,60.98907324157287
70.79086,7.8129063,7.576576,9.547775,5.2466955,233.29971,104.97796,40.18948,59.684935487894585
75.13559,0.19401246,5.6347046,7.0622816,11.39552,224.19652,108.52741,37.355377,60.86029693447369
35.13446,3.2700677,1.2000275,9.93912,13.545156,227.13904,91.827385,50.607483,37.717685583949
65.30251,6.2795873,5.3197174,6.875449,2.9514763,235.65125,98.28047,54.243233,56.219248827757085
47.63237,2.751902,3.5679626,0.34363028,11.14332,232.87524,108.3882,48.896908,45.2119742503574
70.51991,9.095867,7.92217,8.270099,8.20328,226.52551,94.05575,45.49008,60.50681432124673
63.709442,6.338895,7.581292,2.8462992,2.5696695,233.28603,108.67522,36.730904,55.35063807455168
66.586845,0.71906716,9.106125,4.4605722,10.122296,235.30626,100.54384,47.674385,56.85385296466898
59.36971,9.090055,0.14830163,3.1209192,9.532536,231.84972,91.99786,33.409725,51.79168746108198
30.645725,9.577666,8.091032,2.6855412,8.2189865,224.78993,98.99754,64.60191,36.733756421849534
52.701614,0.77712417,9.384621,4.314057,13.970597,220.00491,96.52522,31.876106,47.97454602930205
79.080185,5.323602,7.8930044,3.7875144,8.295115,236.05698,95.64408,45.22584,66.01840579148237
76.243286,3.0336428,1.3019446,6.333386,14.867211,236.45267,100.82951,34.005516,62.824585870186404
22.590424,3.9283907,0.81279105,8.131512,8.129204,233.95209,99.67185,60.99922,29.987989192778507
29.88889,1.7965121,0.2084524,2.9708865,2.6219285,221.53162,99.63934,42.50948,33.36929379115157
27.903727,5.780721,6.287452,2.1372116,7.5865974,231.70445,91.76283,34.524223,34.654191913150804
63.558796,9.579794,6.2967267,6.668953,3.5526028,236.42041,106.046364,51.25965,56.22942581942275
69.06712,5.030726,9.869137,6.703201,9.359869,227.79337,99.628784,66.65108,60.05072655780971
32.81068,0.8291458,3.9804318,9.0113125,10.703851,223.96002,106.41811,66.345795,36.28028960314808
50.351162,6.200013,3.319063,0.15945686,7.558094,231.75255,106.49189,39.986042,47.21468173549619
70.442184,3.40223,6.2442493,8.530407,2.3678415,236.52614,96.342705,58.78639,58.741628322900894
63.968094,8.559252,8.256086,5.2100215,7.5609794,220.9774,90.08693,31.211369,56.06691097242325
52.534233,4.3467813,9.36774,6.213021,2.140359,231.93903,108.224915,35.27407,49.245542870575875
55.42086,1.9283961,8.031241,0.9137144,10.549764,232.86348,105.21389,49.978893,49.6414665194966
50.501633,1.9110563,4.26674,4.3261495,12.065155,232.04735,92.14504,39.150257,46.87892427136436
37.852905,7.6876416,6.3491426,2.273024,14.473325,233.00067,104.03454,61.930473,40.96479703007254
53.90132,2.655876,8.562993,2.5422504,3.0832295,232.6275,90.40047,67.24289,48.7155222069578
61.33312,7.6723337,4.906097,5.0409513,8.453885,222.60808,90.55518,30.173332,53.92675584362504
72.399376,2.0588732,2.1668665,8.124559,8.945523,224.69873,100.516464,39.31663,60.566198515387455
58.177483,3.2168636,1.6972344,7.4378095,13.914672,232.37988,91.920746,47.582134,51.77233345355046
65.66729,4.6548696,0.0015774458,5.9099994,9.781873,220.35387,109.28673,52.52317,55.214749357911344
29.604298,9.431958,7.1823797,5.3941817,3.0371351,232.69489,107.876625,66.63611,34.555146853328935
47.693447,9.317314,1.110972,4.2730603,7.1089187,233.30774,102.99624,65.67534,44.88964370536707
20.559896,2.0687187,2.438391,9.727099,10.166676,224.7835,91.27418,55.486805,29.179890694420667
34.80073,3.5821905,2.9787633,5.6019254,10.803982,231.96266,96.496704,40.29552,38.710944712833054
63.587704,1.4939939,5.6037984,2.539664,13.083036,230.68181,97.43446,61.331512,55.24934130989221
79.5086,5.0998507,3.9795728,2.3009079,3.5270996,225.21384,99.6176,38.10607,63.95097057103737
25.950686,4.6058254,6.74674,6.11353,14.32159,229.25948,93.37806,68.606895,33.68410476989572
44.08966,9.007602,0.5563866,5.2282753,1.8279518,238.19249,101.55023,30.233597,41.402272168159605
68.00426,9.300054,1.2393919,0.07697803,14.77267,228.53206,98.715416,52.79082,58.25584785306769
32.242138,3.8356738,4.992115,8.300653,13.008739,232.59688,108.94594,33.53589,36.31953490934094
53.305096,4.9173794,3.369648,7.0412235,10.243819,220.70702,108.72391,46.30398,49.046111639700875
63.98428,8.962362,2.9581337,6.618293,11.289937,221.556,101.30948,55.397343,54.46546567898524
56.959126,8.067078,0.6702808,0.6878066,2.017688,221.62616,102.886986,57.58394,49.382469897896655
31.281485,0.036563113,8.957191,3.6205585,1.580718,235.56482,92.75593,61.42278,34.377114875728914
41.323074,3.2005956,6.9181857,9.353823,2.4247212,227.00514,94.46646,53.73311,40.79281722983248
67.027504,4.2177424,1.2161815,8.625893,2.2230375,224.55223,108.014305,40.052773,55.660655645320865
53.25359,2.2971628,0.6504596,2.8554294,8.663338,234.94649,103.98332,65.57013,48.82281244159043
20.313776,1.9957162,9.748725,1.5705888,4.016216,223.3992,93.788605,62.444298,28.535673976220778
65.65945,0.37784508,6.8117256,4.4908795,13.042879,224.92986,101.404205,36.402092,55.331718186541764
22.118681,6.433697,4.1745605,3.5583038,7.240481,228.61862,108.69523,63.060448,30.807483075654208
64.744026,2.625103,7.0173106,6.8222637,10.737146,226.62877,96.90342,68.90578,56.062381426072555
32.148834,0.5234718,7.563318,9.664348,10.1402235,231.70784,93.71641,55.488766,35.9806481179685
77.484406,2.309793,7.799622,3.6300144,5.4779425,226.7568,108.84051,41.27221,62.559018353130504
42.076447,8.019139,4.778773,0.62224174,4.404346,227.85904,99.2253,54.263752,40.977386381593305
39.6159,8.514892,4.2988276,8.97614,5.794388,237.25774,98.34484,43.701405,40.82161783021478
28.933283,4.8306623,0.11028084,0.3794973,12.153217,237.69063,95.35134,57.037857,33.57912750438442
38.336254,4.1607065,9.265572,9.527659,9.207876,236.55423,107.8317,51.792,40.424194220969305
72.599045,9.778537,6.0330787,6.6457944,4.5495415,237.29662,106.91234,67.17963,60.984419986257
79.78006,2.0056467,2.0315394,9.416892,12.44985,231.39458,98.05981,54.716343,64.65059276404982
42.09857,2.1535928,9.196034,1.9965968,1.7666314,232.92467,90.61227,38.55927,42.230268468625354
46.916637,2.9186718,9.149319,0.40699795,10.788568,231.14346,98.93303,59.004395,46.09610386847794
63.324257,1.7275732,9.891842,4.8820996,7.1474113,235.71176,93.61716,42.035133,55.445428665361376
73.171745,3.7936559,8.740565,4.506234,11.238066,231.02,92.85468,40.895638,61.090771551194656
55.58266,9.108342,9.977844,3.3149228,13.984458,222.22154,97.86187,45.671066,51.931575258861606
43.491543,6.1534786,2.446862,9.576565,11.500478,236.1916,91.98154,30.479868,44.420762060329615
44.75731,4.1194654,8.422496,8.225838,7.187515,235.2117,109.14929,68.765625,43.58479691840601
61.737087,9.344108,8.230283,6.6158204,3.1136596,236.406,90.95078,51.293243,55.612011205467525
20.193096,0.48464233,2.3094037,1.628583,12.288914,223.8086,98.02739,60.939754,27.78009501884017
57.17536,2.1027617,0.9843755,7.343234,7.4498773,225.43234,93.25405,40.31409,50.44135110020152
41.329582,5.658886,9.794205,7.2701244,2.0543725,225.91504,103.77623,59.864727,41.98045098753367
67.65184,6.155526,2.9602456,4.250682,11.066775,230.1616,91.576225,52.68682,57.93769058682589
25.57944,0.39557508,8.708918,9.247859,5.0859275,222.67754,100.93611,46.965767,32.159848568257395
55.292137,4.0303874,0.041271545,1.6697788,1.6844352,227.70764,105.46203,68.82677,48.33765238406088
48.85837,6.4915395,0.21024807,2.6733756,13.6385145,223.64316,109.0012,49.75375,44.87351078775147
58.53953,6.9807053,4.658713,0.6322434,7.7634153,225.29526,103.97055,56.298344,52.391333168049876
23.891216,6.381399,2.387147,7.9545097,4.9334545,234.12775,91.98984,30.613688,31.115263975077738
54.799026,3.2056322,6.8984127,6.2175937,11.029412,237.09622,91.77041,42.05821,50.74179938017564
53.689075,0.9352012,5.6556435,3.149403,13.402634,220.45811,104.63196,65.54766,49.09858821019131
53.639606,4.2711244,0.774858,1.6381366,1.004299,231.31793,94.30659,60.358364,47.86542723295685
56.20926,1.2875444,1.6262829,0.4014777,10.6299305,220.72119,98.944786,51.47016,49.93354634186326
60.588078,9.476236,3.8804927,1.6674557,11.738164,221.70499,109.532425,66.006386,53.9344438294178
68.29934,4.7517085,1.8560406,4.5328465,3.938984,234.10168,106.39813,49.448822,58.221863636871205
36.189243,3.1725917,7.9222236,2.4717696,7.8547335,234.71216,106.93187,52.660282,38.75451092784119
69.50297,7.6630406,4.160702,2.5898218,2.2500026,236.27962,107.2154,45.286114,58.301054391571434
49.89534,4.979486,0.93431866,8.755764,11.454498,229.48483,102.39091,54.8016,47.03587703178108
24.623497,3.1003401,4.843429,5.1513767,12.864385,237.19615,104.87868,42.76006,31.775642182257098
23.513056,8.119678,0.9083818,7.2925196,2.5146132,223.33676,97.17922,45.419685,30.062689945199573
40.0543,8.671521,1.289373,0.3571095,12.430444,224.99432,109.968925,68.65305,40.97983289967315
67.09382,6.7300816,2.3960984,3.6516335,11.801982,222.69005,95.592445,34.452347,57.2224085465671
62.460857,0.46964422,8.595277,4.7916937,5.8567863,235.95074,101.80015,34.210213,55.09841471075323
67.316895,5.663229,9.246125,1.8641685,10.664053,224.5735,95.641235,31.732641,58.80951749540342
51.036144,7.6329494,8.262577,1.2019154,1.0006738,223.11023,92.241425,42.80178,48.033132201320285
46.41194,1.3650302,3.3407722,8.703038,14.045167,232.46222,101.351715,45.92917,44.99749046658928
28.84715,2.2867074,2.7244644,9.394317,8.705365,221.54164,97.06697,33.780624,33.20009811545863
39.691566,8.824951,5.491557,0.788067,9.684744,220.89801,101.66438,51.96524,41.38278749010889
46.04116,0.20121722,7.2185316,3.4901872,10.305232,222.13435,101.17357,53.33206,43.84806065616024
25.316027,7.5272713,9.933728,9.582856,8.859166,220.00482,100.84513,60.04107,33.04309466183019
33.236717,4.737733,1.3157071,0.83161736,12.994695,233.9398,92.46602,69.03873,37.17899427910641
55.893517,4.4677215,0.49291998,6.436414,9.535826,231.2447,98.80361,54.77409,49.73934189826624
64.139786,0.07096533,6.9435587,9.722214,13.70864,224.19751,106.24008,34.466034,54.80985187014121
79.90085,8.193982,8.322258,9.782237,9.152642,224.6601,96.30287,33.54097,65.63137173778772
75.9868,3.598249,8.463488,4.7122335,3.3957138,236.21938,98.87663,61.101875,63.01014953859378
58.553913,5.407656,6.7846355,1.6274911,13.789876,230.0364,99.87663,56.013367,51.99739388105974
45.274883,6.773007,9.540158,2.0208433,10.542785,233.97057,107.25462,36.476574,46.14952453988068
58.170643,7.0262957,5.110048,8.896014,10.789346,229.05511,103.11199,40.1344,51.85459028091346
67.1391,9.5598,9.138148,9.11683,14.796744,224.75436,92.00405,60.009617,58.49560882082305
27.100172,5.3133993,9.678122,6.0787964,2.0527518,239.40805,107.30342,52.646233,33.87593556794696
44.59429,3.9971955,8.471575,7.661764,7.0002966,231.31296,106.64132,53.4,44.25752118801016
70.38814,9.537036,3.0975857,7.3993125,4.3473353,222.61964,105.07292,38.40035,59.90078319470249
43.029976,6.4211025,1.9621565,6.618216,9.825971,228.1218,99.32116,55.16232,42.82151030900338
54.312336,2.9815035,5.4812007,8.27277,12.295363,226.58675,105.15091,60.825146,49.621981864261194
55.266163,1.2646425,4.5301476,6.8540664,14.52835,224.28175,99.574844,65.41009,49.98363505531824
31.068575,8.425545,8.777583,5.340023,7.3643456,238.6688,104.73247,59.468693,37.78170932899594
41.734127,3.621816,1.0003167,2.3695636,12.007055,237.6184,107.6022,53.055027,43.1699878574855
40.07068,6.604697,2.5774007,7.4388814,13.838722,223.98294,107.81083,56.930374,41.11650076821843
21.571802,4.708164,7.5179896,4.734379,10.566556,227.04295,99.09157,49.404457,30.648964627177072
21.451506,1.9892977,0.9498665,2.9479167,4.398256,235.2463,107.18685,39.07593,28.883005548612022
69.901825,6.016866,3.2076442,8.019463,9.509958,224.17012,92.029144,65.28828,58.863767558291066
36.384247,0.6068307,3.871554,6.967136,14.579329,231.8313,92.036385,51.304905,39.53531138957263
51.084724,4.1334248,6.225938,9.373396,14.825753,233.99588,100.96534,53.77273,48.00864195032407
37.923534,5.4661493,1.5813265,1.6544164,9.993037,233.07945,103.036896,69.604355,38.57711768258441
76.44076,4.36047,8.606045,6.491893,13.417829,234.12817,93.059875,69.40063,64.15302262508847
35.557804,7.4867215,4.4754224,2.4423947,3.804891,234.13399,99.4436,53.45244,39.020265813193426
45.779408,8.279249,9.1702175,9.03583,4.4451003,239.29611,91.88725,31.35829,45.812090225393746
72.363815,7.712431,4.678699,0.99499416,14.340426,226.92998,102.04199,45.8459,61.50239297210448
70.516014,0.38812947,2.7504027,6.561618,2.8932953,237.57181,107.10188,67.49173,58.64395300169312
31.166084,1.9412878,1.4182882,7.910857,3.6754901,220.43614,104.75278,41.532265,34.20473247648112
68.1586,5.366075,0.037450947,3.5491784,6.8876805,225.76405,97.565834,69.97075,56.995572985939845
47.491215,9.348221,5.3215747,9.541381,9.25418,220.97311,109.87588,33.3727,46.2622458630124
48.978134,8.349567,1.0715669,8.507307,9.453441,233.02408,103.2587,52.724567,45.302046831195796
28.008799,8.425345,3.9172776,2.946183,5.087664,222.01581,106.30497,50.617973,33.569417843733014
24.83609,3.0320818,5.892718,0.075410925,13.888595,236.91414,103.39395,40.214115,31.752790433954456
63.676357,4.294479,2.756859,2.9665718,13.8113985,232.93184,109.78832,67.94428,55.55485041100332
49.78767,4.7070594,1.7522429,2.8131046,6.4889526,220.57631,106.42719,54.76685,45.65660180213184
46.21104,1.5737158,7.747216,8.899646,7.080085,234.29555,100.388466,39.209133,45.03477901664018
63.770493,0.3106813,9.467912,9.671212,10.83496,237.24069,97.33759,45.361927,55.110026278685325
65.93077,9.469029,1.0044042,0.7043999,10.281942,233.22243,103.6431,58.84918,56.84051653113745
29.53449,2.407126,1.5559032,4.7129483,6.352158,220.61049,101.804436,41.907867,33.40744832329343
56.61351,2.399489,9.600126,5.4833198,6.7994194,237.15839,102.58701,65.18425,51.74031614461105
28.121244,0.83379054,0.37784222,0.9291166,5.8725452,234.64928,96.86024,36.626957,32.06914024250997
65.082504,9.285077,9.776323,3.7749772,4.29539,227.56903,98.57457,40.580204,56.453203127935254
59.41731,5.7973714,0.04644483,3.1708243,7.413937,226.5726,101.161934,35.795944,52.14573198905806
77.39687,6.6703687,8.736687,5.3605638,10.610078,229.5964,106.78567,34.167152,64.27423545984547
24.137482,9.115768,3.0732517,6.611909,11.387534,237.34204,105.25818,42.012615,31.258763513514864
23.423283,3.4562018,9.385889,7.034851,11.904231,225.04118,92.373116,69.96715,32.3051009249371
36.931225,6.215073,3.169453,1.3675503,6.2462482,222.01927,94.91109,33.77318,39.29037706829004
35.70234,0.38799456,6.543063,8.129477,11.704904,237.29272,90.53316,38.52009,38.607156268756384
34.81873,1.8677253,0.8003257,6.7854204,1.0912284,220.5258,90.15921,40.864674,36.074967049486865
74.375275,8.312458,2.4232981,8.890749,7.678699,238.21994,94.48751,54.765186,62.805810232229874
34.97277,7.6676836,7.7367935,4.4933605,12.114661,226.1149,105.98642,59.813828,39.655090972213145
36.316982,3.5064268,5.2868586,8.938898,9.820626,230.16446,108.094955,60.077347,39.63012012546831
65.563896,3.7681062,9.279691,8.657742,7.6368837,222.6459,97.835365,30.34544,56.78895552142253
46.98439,5.335544,4.287514,4.3840933,10.024988,238.0451,101.26397,56.074017,45.80366395365581
66.60263,0.0024100468,8.698124,3.811433,13.697244,234.99672,104.121056,55.229477,56.18190596630474
23.92197,2.4124434,4.4895544,9.32812,8.929345,238.48311,109.05873,50.70619,30.738696359961715
49.254272,2.082318,9.792482,7.1516476,12.197006,233.66458,108.258644,45.168343,47.19701312211121
22.016815,2.5048294,9.598344,9.282454,14.730398,223.69388,91.143845,61.897766,30.89809507293956
23.759192,8.059058,3.291367,7.969748,10.8779545,226.16534,94.96332,43.75523,31.410609549593374
74.386246,2.7967386,8.859237,6.092974,9.026561,229.73697,90.98289,39.20049,62.14597925602791
28.354723,1.9152132,8.476113,1.1585277,1.5248033,232.14516,102.33085,42.40381,33.13703315359037
51.94524,5.0426345,2.106804,2.9148068,6.2426906,238.52919,104.20987,47.58592,48.4288338448511
44.665737,8.65645,6.242904,9.688424,8.916199,227.67903,96.165665,38.562294,44.15089694862868
40.8406,2.413497,0.72682315,3.194221,12.160892,234.06145,107.07704,54.30285,40.59347401121097
73.99,0.7853624,8.367107,0.9325487,7.133467,239.22018,99.05625,65.36837,61.06463529371323
21.309404,3.5640473,1.7454588,7.0755334,14.440816,223.04749,109.96763,53.818405,29.872672766392597
59.82738,7.476518,0.708147,7.3400426,4.8051124,237.2542,90.007996,47.866734,51.80280009007789
77.803665,5.5069056,4.002191,2.8545773,11.423941,228.41412,92.1898,61.874752,64.5484060882871
53.610092,8.167933,5.7692213,2.9767199,6.86644,234.64844,96.035866,59.921543,49.08026372160942
76.20935,9.5959215,8.54917,4.68893,7.8038387,225.87077,90.510155,44.682323,63.65407107117035
23.135473,7.926625,9.742425,0.2178895,12.235028,226.67969,105.64679,54.166138,31.504793245563135
45.127598,6.0380306,4.394925,7.89323,5.1470137,220.54266,91.055435,59.193714,42.340699678676145
35.609467,4.933416,0.60446924,3.170888,2.3553689,239.42809,104.97959,39.81853,37.66582333949052
63.84926,0.40069085,7.4911556,8.537631,8.283578,236.26906,91.05137,44.650955,54.74955269322778
78.87782,9.84322,5.6517324,8.026304,8.403125,221.87836,95.05454,34.23104,64.22739786390213
35.391804,3.8348112,4.4789133,6.6140203,12.160349,239.99017,106.82554,69.50721,38.67907499813911
59.250477,1.5222821,3.0926888,3.2487488,14.556469,232.1005,109.021904,33.435104,52.752533001325396
31.885859,6.6670885,5.0239854,5.1631656,1.7742096,237.07457,98.29053,36.744244,35.971305291387715
53.919815,2.8428829,3.386796,4.4482927,9.283652,221.33322,109.39878,49.19328,48.576468521844795
47.83595,5.857783,7.570119,3.388819,10.537899,227.78902,102.53762,64.61087,46.21627350712525
78.32032,5.867679,5.438937,8.481363,14.801219,233.39302,98.3167,44.23528,64.70812893030481
56.511635,4.4572983,8.768477,4.8350706,14.196263,222.12868,106.05603,60.743847,51.22497367985561
40.970383,8.361186,5.435439,8.327231,10.974311,229.77806,95.90657,57.041363,42.156005981511875
26.845747,2.6496706,2.3826241,1.0521847,8.305052,228.85356,95.315926,55.546562,32.17684479141374
29.07481,4.4863257,8.510919,1.4102479,3.261335,224.3208,103.13095,63.80069,33.68767141707018
33.519016,5.376921,5.5721903,9.773203,6.378472,226.0054,97.809746,30.566813,36.955130043986316
35.058,6.636247,2.0684104,5.8776846,9.191712,239.34236,92.71836,67.16612,38.11750447448853
71.036964,7.8397183,6.2350783,5.097697,11.152805,225.77296,91.33929,63.16905,59.93911901173662
53.673367,3.948073,3.5771677,5.2315607,9.895594,224.26852,105.75685,67.51469,49.36031266708682
51.403454,6.4604692,8.4440565,2.1526878,10.997719,230.72418,103.51821,61.743515,49.49858535834267
26.886133,1.5061095,4.5329976,7.1870394,7.008135,233.41916,98.23596,65.143654,32.70426227140995
71.60838,9.326481,7.2644134,0.8478062,11.186782,234.50186,107.92455,38.123123,61.47340794712606
63.36886,3.830588,0.9553621,5.7332373,3.0123775,235.08495,98.21713,42.76916,53.738542303342946
24.060102,7.295214,3.9602435,5.707688,3.2762084,220.73665,104.20591,42.60884,31.352631521882962
62.470104,0.20341082,9.832415,9.141884,3.27965,227.87521,108.182304,34.36667,54.03308614333265
52.612293,2.0518715,8.084603,5.261828,13.47211,235.47916,106.81431,59.18317,48.9571716672146
24.90352,4.8708253,1.599408,1.3706269,2.064477,238.09705,100.2221,35.446835,31.026457861251064
47.49804,8.782525,2.7776406,5.7275324,12.221117,232.044,103.612724,32.10037,46.36777347255276
49.081776,5.2725515,3.2981582,0.91327643,4.2699924,221.04614,98.273315,61.017876,45.73886618372108
29.946472,9.298705,6.5036554,2.0379384,7.558019,227.93292,102.94395,66.18652,35.5167452000977
76.74189,4.837969,7.5699477,0.31108585,13.823392,221.48454,95.15105,60.564934,63.84203050904126
70.99852,4.904491,7.495266,5.132936,9.203121,234.97076,98.69484,63.014088,60.78795985151186
60.14134,1.1974679,5.0987406,0.8453261,3.9416475,221.27011,94.19092,53.824867,51.423949657803355
47.737732,8.026563,8.108206,4.693944,4.977261,223.71461,90.7637,65.50986,47.389805692039914
44.705933,2.469654,4.370781,9.329451,13.886252,228.33917,101.7708,49.86814,43.07717059512759
59.058407,8.996125,1.2388057,7.197614,6.980015,229.25296,107.28859,69.532906,51.71558110662709
52.725914,9.108242,5.6444182,0.77411675,9.217796,228.12964,90.511566,34.1366,49.61864130543605
23.736387,9.433101,9.523014,2.242098,7.4390507,229.26793,93.92059,62.36723,33.64031381286236
50.75016,5.202305,7.9299364,6.7366242,6.2981334,234.26479,99.203705,55.655575,47.65029369358066
68.38422,6.770938,5.7870064,8.947019,4.125908,227.38538,103.31794,53.22584,57.443730198125174
47.554394,7.7851586,6.4680567,0.32918587,10.606681,230.955,93.42458,59.03242,46.80532022329332
23.117395,1.3101462,9.30562,8.124512,11.055388,226.06738,91.133896,63.61166,30.587156699317504
67.17669,6.009572,4.2834277,5.618139,4.848391,227.07256,100.380974,64.515366,57.413010059272935
32.081825,0.342979,3.3139415,5.460913,12.046152,232.27599,106.37419,37.01524,35.681715984347
35.51725,4.975661,9.772416,9.578132,12.963492,229.80989,90.7047,37.881435,38.97269516795711
29.882381,1.5484269,8.634431,7.476446,13.889451,234.46072,96.98739,30.64666,36.56921238215535
39.812904,1.8292292,3.2304358,8.501188,3.2569737,231.21077,103.270294,35.273697,38.49022055723593
65.40509,3.6504757,4.637806,3.5399556,5.2549314,236.07149,92.61484,40.555298,57.0635923073391
51.16315,4.324372,4.150781,5.5436406,13.044947,228.86816,94.71893,58.841434,48.483037741846445
32.292877,6.2317243,1.4909568,6.1540565,3.779563,229.82068,100.709854,49.0307,35.209631032663154
72.66981,0.7442842,9.578194,3.2158394,1.0485585,233.39943,109.06464,60.316143,60.481055161659754
72.77491,5.0369177,4.043124,5.7024813,13.191583,224.42488,95.74685,49.461433,60.191143075205446
72.2347,1.8262513,8.753291,2.3665538,5.570292,227.7186,99.75055,52.2239,60.341502428650045
34.327774,5.739752,1.8935623,1.4337567,6.802965,232.49683,97.99862,34.442665,36.3072128504034
47.07436,6.3740463,5.4787083,3.7397027,7.2486763,220.57753,107.94794,61.062332,44.583904631086014
79.09938,5.5670924,0.23961385,7.392896,12.875844,228.73943,91.4378,60.32506,63.471517993491524
66.32075,7.382955,7.6422048,9.161872,5.73049,231.977,101.32295,42.302464,57.05020034982494
21.630045,3.3560925,5.809139,4.5771403,13.491919,239.3475,106.92239,43.143124,30.721203602636432
23.912275,7.651066,6.2558956,6.428237,9.637148,237.54033,109.76235,38.78726,32.01964806888694
47.835884,4.327671,0.5172088,1.0303713,8.382014,225.61484,103.97451,62.55359,43.78225670043202
74.553215,4.841845,2.1103833,9.044638,5.5586033,230.1442,97.59871,59.880272,61.426886264874426
52.32211,6.4810214,0.7433087,5.6860423,4.411964,221.12828,98.23649,54.36591,47.14688296479692
49.86875,0.18358384,2.8891432,7.8033824,9.736818,224.8151,97.033646,39.552883,46.04941300823522
26.328423,6.5399423,6.27439,7.944412,7.2565184,235.49712,102.072266,36.874134,33.54796891749342
59.406807,6.1858516,5.66186,2.5648053,13.747224,222.46628,104.78812,32.010754,53.74390942183587
69.32619,3.0984712,6.121498,5.2917447,7.882942,225.15381,106.38935,31.82446,58.33643622873992
42.8252,0.8579428,5.4925127,9.604797,8.165129,238.88084,98.33186,37.485447,42.94519672773581
66.53671,0.9093545,2.730288,0.89634544,6.834126,236.47711,104.33417,34.0213,55.93187649306484
77.8686,9.232238,2.445075,6.830499,12.049682,235.63655,108.324455,52.24431,64.04842350795845
32.225986,6.892793,1.3705969,9.622641,6.9477487,237.29115,108.4165,44.323605,36.84694325078385
51.399776,1.2710261,8.490708,3.0057712,4.770788,234.99211,104.08058,47.797832,48.03418448563884
37.22828,3.5672317,6.1647935,8.614479,13.068432,222.41173,102.738045,53.762688,39.72501336127768
67.571266,5.92483,1.8651102,9.3365755,9.355595,230.33122,100.63052,56.36407,56.93305268708969
54.6556,8.355717,1.7720938,7.470862,9.281143,228.88487,93.663956,55.92807,49.286106584077565
58.074944,0.4366093,8.730356,2.3132832,9.551511,226.22304,92.472595,40.434265,51.802957714596396
67.87485,2.3663313,7.4273086,3.3400073,11.063757,236.6808,99.71422,62.385082,58.77509516122798
43.75823,8.89749,6.593991,0.35809293,5.3829517,229.28279,93.18888,66.70839,43.87083577470927
74.9054,0.0916555,4.068641,8.314532,1.4738212,221.20595,101.54,42.637535,61.10287947021475
51.98173,2.013991,2.6197557,8.496112,12.348304,225.49931,102.914055,30.682617,48.05669929743625
29.47729,9.590241,9.794508,6.327103,2.8046708,224.57242,100.512314,65.96617,34.78187867235212
61.75395,6.1340184,7.972396,3.5252786,11.105476,237.74957,90.72853,66.94195,55.24163650346458
67.59568,2.6167138,3.0177922,0.7681103,2.152414,232.94876,91.15456,32.037857,56.78086720281628
39.0057,0.66991097,8.475648,7.530576,6.2543097,231.20752,92.26682,30.198263,39.87666501411854
71.430756,0.2819134,7.5893197,7.265262,1.882365,230.13298,93.072914,62.656193,59.158230796131086
74.3686,2.4474509,2.9708054,9.126025,8.310991,233.00226,109.79765,42.058533,60.76305794533294
36.61427,8.814858,4.2655287,7.3053203,10.143901,235.0975,96.8899,66.58329,39.24527153768707
79.01129,4.159137,1.8595345,8.286949,3.400064,231.08769,95.83947,38.669743,63.90485027223202
28.442692,7.203334,1.1105244,7.459546,6.2027864,238.7657,91.045334,64.44618,33.68343713829111
32.12094,9.18285,7.22762,6.306872,14.023353,239.53668,102.706406,32.74577,39.452346925950444
31.05349,4.0804048,2.6751187,4.269664,7.1934476,239.90685,103.043816,40.425472,36.10080594084864
73.63938,1.9127737,8.200594,9.0211735,12.23561,233.38782,93.50897,68.925156,61.31674904810732
59.257553,5.1711793,9.956087,6.5096855,13.980586,238.6524,108.384834,39.247868,54.668170903473175
29.126257,9.080837,0.76619816,3.9835532,14.6408415,228.0896,106.00987,35.32052,34.99230930579777
46.419407,8.043744,4.7303514,0.83469296,13.5765085,237.19185,94.606384,64.28219,46.4847996809059
56.91788,0.65829843,8.020626,2.9070485,5.4436746,238.18349,99.716995,34.712032,50.6245233452581
25.007845,6.925728,7.889509,5.4372673,14.476021,238.08281,99.167816,33.898243,33.913262789939026
72.944984,5.718975,7.599972,2.7563536,12.373533,236.61693,96.970406,42.937004,60.893658429795465
68.21621,9.074632,3.4899495,2.2123535,12.720458,228.13199,106.35269,55.41314,59.26066566229022
50.312405,1.2248142,4.5385327,5.2739353,1.2124218,223.17815,92.18529,58.429855,43.99548807333825
78.027596,5.340361,5.9496837,1.6982034,14.3593445,226.67912,98.30628,65.24955,64.33940422109676
45.06566,8.794627,9.739406,8.004101,11.893263,235.34576,98.56062,51.63646,45.04546474882677
79.046616,4.100238,3.2754726,4.8436813,11.751545,224.65771,99.37451,45.73671,64.03421116685698
60.0752,4.819949,9.231439,5.738628,2.1413462,229.56544,107.227,44.35335,52.916181809636605
58.080276,0.7046068,2.6935692,1.4738327,4.2559595,231.30798,94.363335,63.87611,50.187531188366954
29.957294,2.7814364,9.890744,3.2457633,14.471663,232.07716,92.058464,58.952614,34.36894876317634
72.915665,3.2450664,6.7026367,4.100897,8.0094795,238.71451,102.35617,66.21716,61.25454176661033
45.64938,9.451224,4.6351147,8.082129,6.570012,233.22986,93.47669,68.56142,46.12443045708619
29.734005,2.8266735,6.1339045,7.7015953,12.7591715,235.72598,91.49864,42.002033,35.18982262188073
20.75645,4.6086874,2.7253118,2.2297747,2.2227657,231.63757,98.53298,51.186966,29.169367770084122
53.585342,6.713044,2.7417386,6.161791,6.8371882,236.6716,94.39293,55.27283,50.04043293806177
51.64398,1.6218337,1.1355455,2.4345636,6.259811,225.27327,97.224335,36.55396,45.89708709464719
63.161217,4.8644238,1.1405029,9.882471,5.8979197,224.19756,95.19422,32.13388,53.79362755666567
73.41548,7.3853903,3.4767175,9.521238,5.3076916,238.5264,91.85273,64.710556,60.74432798196589
24.764395,8.668552,7.628555,5.632647,3.9410493,233.86961,101.20695,51.42094,32.12949293766338
63.88979,6.262593,6.079712,6.9890256,3.4207513,233.43051,90.54037,52.830967,56.329309250329224
31.244717,6.690535,1.0258456,8.014304,9.965686,229.3459,109.32751,52.196575,35.51619556008247
71.49062,1.2628347,8.522366,7.2099843,13.871528,227.53395,96.82661,60.19843,60.29345517560262
69.143814,9.457765,6.013676,6.9982867,8.123923,231.11383,103.90315,35.820076,59.36866564436413
52.447624,1.3257408,9.608556,9.58554,5.1716437,222.41133,106.20726,54.56194,46.98391661670549
62.614567,7.7467294,6.7018547,5.964561,3.2282429,229.09425,95.58209,48.77918,55.09978251564124
38.861008,2.6481633,1.7517487,6.3630266,12.622007,229.10736,104.97478,65.87833,40.684435512552184
48.270073,9.335932,4.7378335,8.492687,14.600889,230.76672,106.648415,50.784836,47.32073568260208
69.29821,7.1995955,6.484976,6.698909,5.8881755,232.69371,94.82635,67.7174,59.43509135264505
47.555912,7.538137,0.282647,7.329326,5.073306,239.14636,109.84989,44.13012,44.233695341167795
41.467896,2.1905918,0.14910264,2.341687,9.420901,233.04338,90.41377,68.67579,41.56572569844505
49.65275,4.4304,1.29403,3.7126691,11.854606,237.6745,94.34001,65.00632,47.62679648338927
69.694954,6.178132,2.5166442,1.4730134,7.3756394,231.12608,105.60042,53.370533,58.8411744787795
40.112484,7.699736,4.295491,5.0576544,9.821024,232.53856,93.88262,44.148396,40.804590415535756
30.425695,1.0395938,4.874405,4.557274,11.031687,221.39674,103.965195,45.036934,35.304682627277366
62.72084,9.623653,1.3802761,9.971628,14.448292,222.66527,107.11061,60.910084,54.314081665395456
69.55869,8.902206,6.733916,6.1120863,3.3105226,231.59341,109.18429,53.225254,59.33153680011266
26.038248,2.703486,5.9613805,7.864448,14.963355,227.91426,99.48495,46.063503,33.386707182285136
34.39245,8.227602,2.9446409,3.3401468,6.4901934,235.97621,109.42218,55.4422,38.38033759136975
28.51832,5.1832395,0.13659884,8.315454,11.124802,230.86356,98.232445,59.329334,32.60858463850338
40.876484,4.618065,0.7764791,6.15085,9.013802,237.64583,94.362564,30.916021,41.42667674287903
47.021057,3.144341,3.9169478,6.9699235,7.8133607,239.44664,100.278435,33.594513,45.3717860570193
64.92958,5.8096857,1.5397435,2.9443078,10.773055,222.9527,102.99647,33.77942,56.31335710107196
59.068855,7.298891,3.768196,5.486384,6.540554,227.89656,99.15926,39.27735,52.67790382999684
57.255714,4.109329,6.281826,6.3403697,2.7655396,233.29962,101.33945,47.079617,51.81085492489246
41.142498,6.292192,5.4723744,5.890947,7.844507,226.10977,98.328186,62.145996,42.16934922746955
70.486855,6.9931293,2.3117588,9.1519375,8.306822,225.34065,100.49524,44.04396,58.98732546609031
48.27723,7.111218,3.438225,8.982727,3.82663,236.27477,109.05191,30.699112,46.10569532067593
78.7463,0.519661,6.140312,9.709841,14.098671,239.60757,99.99662,49.334473,65.07381228126857
58.048527,8.597478,8.60855,6.67428,4.184659,235.47607,95.06359,69.86514,52.208146777970775
27.575884,4.5825334,7.5321345,9.719141,6.7291865,230.47353,105.174934,43.96084,34.203817730691185
60.570652,2.6241608,5.5340004,8.32478,3.1690156,228.85022,96.751686,68.45018,52.41908098622424
39.50624,2.417645,3.62293,2.7083213,8.501153,230.79295,106.32414,34.053806,39.95590131864177
61.17963,4.830141,3.6505127,4.274357,5.3069267,229.25679,91.13684,36.923985,53.927525876285245
24.178469,8.868316,8.794173,2.3839245,7.8498154,230.05775,96.64356,58.96488,32.20690719974717
30.492886,3.7834759,0.39243576,0.04197161,4.1446366,224.06906,91.8872,50.048496,34.062537863958994
71.34424,7.497257,9.879827,1.8804876,1.7528518,238.07484,91.70636,60.604874,60.34428919377701
33.63077,0.96818733,6.643754,0.04060586,11.909173,235.0907,103.16779,64.542336,35.97368609818314
70.222466,4.760567,6.811377,7.198385,9.975208,233.61955,97.706696,40.043396,59.99303873268358
36.756565,9.916862,0.37997836,4.255343,5.770351,238.9985,107.42958,57.313168,38.65402616190381
58.572914,7.704378,6.0552926,3.1257472,1.6649191,225.68788,100.3281,54.30405,50.95196540843897
61.649033,2.105285,4.8477807,7.617209,13.118051,221.62318,95.90687,64.4614,53.38938344688371
50.759285,5.014415,1.0577891,8.324868,3.37713,236.52277,104.41778,47.204155,45.77957088307883
38.31864,2.3362477,2.77922,9.7529955,14.030391,239.96834,102.48034,32.074818,40.75900624557767
32.758663,4.095609,8.903145,6.420136,7.7003355,231.56865,105.99189,52.967445,37.70905534402156
21.991362,7.8008404,5.499884,4.6152897,5.7654138,221.1762,102.871765,68.35513,30.666380016103542
38.236786,7.7122483,4.134166,3.052643,11.384633,235.60936,93.34027,30.585247,41.41576137424883
59.189766,2.2810037,0.72682154,2.2231822,13.275752,221.47498,103.406204,39.61032,51.476375505177884
76.29829,9.222233,7.1412153,2.1292596,6.18999,230.80028,97.830986,42.64271,63.870973349007514
72.27227,5.9256816,7.028508,4.0918937,6.7028127,225.55064,99.26286,60.633556,60.570791773856996
65.96389,3.799243,6.140436,9.917864,7.064215,238.30054,108.43129,42.931076,56.946469768350966
67.30684,5.019356,5.1026263,0.008536974,13.912523,229.02663,97.19928,39.563354,58.47946915395981
59.899094,6.0507126,4.337844,1.972059,10.695896,237.96927,102.23918,55.94232,54.22972766530525
35.61721,5.598905,5.932711,1.8839298,4.467046,225.98163,97.26964,31.85621,38.08617675066937
74.4317,4.8640504,2.3339546,7.171195,3.5899959,227.74725,91.89455,36.823875,60.22311844434519
60.24394,5.049328,9.412591,3.5248473,4.2251472,238.94238,99.0705,46.32121,53.63247317977389
53.62644,1.7641191,5.887945,4.572608,4.6898947,224.02629,101.94123,44.224,48.141215453753546
26.659369,8.127329,3.1119244,1.4862413,4.222569,231.57002,98.15006,43.88663,32.993664716194814
46.823334,5.417603,4.4967985,4.0499706,10.21909,227.7702,97.813324,34.3422,45.78506139293427
47.6215,1.3107986,8.056848,1.0319982,2.623069,235.48334,106.40757,44.4336,43.941108993918526
71.87382,7.661571,1.6161606,5.330433,6.423019,222.58592,90.593704,61.919712,59.195069939571844
52.798893,9.32444,2.9283562,0.97938365,9.75075,228.7443,95.911705,46.55377,48.55816398009227
42.82403,9.473069,6.79508,7.9050837,5.0720396,233.97865,106.235146,53.446846,44.087711866142214
78.60802,3.6901774,3.154892,5.666017,1.9138414,228.14032,108.41061,36.543175,63.11042421393414
26.643236,1.3551687,7.925017,7.239679,2.145535,221.17064,98.245995,32.788456,31.547098064677815
45.352905,5.183996,1.3045349,4.185164,2.7635348,234.10225,107.77589,65.19824,43.68251537267135
22.52148,1.1260923,7.6268616,3.814913,12.701802,230.06396,93.9786,43.254906,30.141198079320745
64.39425,9.339874,0.68351716,0.98208886,10.210089,220.22618,94.42854,44.01349,55.03253997759507
75.084595,1.8357962,0.12592612,5.238556,1.9033138,232.25311,106.92383,65.10751,61.44687257609103
36.80224,2.5276587,8.982235,5.1450214,6.474964,238.39761,108.065155,58.310852,40.17442617796011
71.5005,4.0663652,5.813392,4.6810203,4.9001923,222.22052,94.456116,60.250507,59.20615637526939
37.533092,3.8316448,3.518269,7.405184,9.092562,231.81343,91.186485,57.28014,39.39684583383624
74.64621,7.946629,2.3259463,8.325044,8.3192835,234.57338,91.80648,34.23169,61.77173698713318
65.23772,4.563168,6.168858,7.507897,7.7357364,221.41547,95.227615,68.31983,55.099823523628196
68.2944,1.7076826,5.0900216,1.4386574,5.403173,220.45232,105.22898,66.36545,57.48255266054917
21.080393,2.6720989,9.9159775,6.220595,2.9291968,229.28392,100.19984,39.448807,30.492547513828406
77.76862,5.091134,9.83216,0.80323106,11.39327,235.82373,99.11178,62.159767,64.62869758858561
63.600258,1.4745392,6.3502455,6.946223,13.317995,223.21439,101.6828,46.37586,54.44497188258387
38.285065,6.1165566,4.428705,3.818391,14.218113,236.73274,107.80446,57.350677,40.800577790031426
69.76368,5.657473,4.91141,1.3249896,1.8206656,233.13155,91.80861,36.62412,58.672414183319134
36.891273,7.147023,6.8247905,8.620508,11.358722,226.64346,103.894485,51.54217,39.34871587316092
72.36523,9.377047,1.0157454,6.1400833,11.171048,230.31651,108.53582,35.06465,60.235146794186456
26.754824,9.122545,3.2835207,3.5472498,14.259535,239.3115,94.267,51.446686,34.81887521411892
62.221157,9.460756,0.7527224,0.3072718,4.5408044,224.32874,106.75545,39.74376,53.40996087938307
52.44191,2.447156,0.7336076,5.3731027,11.390507,229.9907,103.960495,48.09866,48.50081687930763
25.792068,1.3156531,1.9583924,9.232259,1.764768,232.48973,90.28937,56.718773,31.432259421318673
34.51363,3.022767,4.8525324,5.9637985,9.8374405,222.7603,94.63223,65.082985,36.89151132056778
20.744242,8.950851,7.847743,9.716506,5.9118695,220.87044,102.1169,36.61156,29.63438987925476
48.12608,9.720534,4.854959,1.3645111,11.764732,220.2692,100.048004,65.73077,46.681446452833946
38.075916,8.593249,3.3547661,5.683051,13.08626,226.49385,100.55872,45.601505,39.86118315520383
55.901447,1.1001772,0.8235299,7.9812503,6.1074944,221.47894,94.63861,63.75186,48.517993183087135
37.834267,9.47428,5.5029554,5.2554073,8.358205,236.0754,103.50007,50.501915,40.09107053286193
37.995148,4.23358,2.7126858,0.91066355,2.643657,239.9464,95.32837,64.48834,39.70650539461058
64.59159,0.09310291,6.1493416,5.82886,6.8366976,221.22607,97.7887,56.512962,54.10488431670332
22.88857,4.4239373,9.771877,6.117379,6.0512056,228.65453,97.37832,50.348644,31.585698665537553
74.1737,0.4606917,1.1131432,7.2870927,3.5637283,220.51465,103.4405,42.501545,59.25060311648622
71.13583,5.4387794,2.121254,7.6121154,13.5227,222.67982,91.80505,68.75636,58.478749111990695
60.06828,3.3855402,4.7309456,7.707727,3.0732298,226.45845,94.11084,62.035908,52.26770261934687
55.593296,4.7343493,9.686138,6.6344438,9.900351,227.87396,94.00994,45.247486,51.82825988629464
73.53815,6.1317034,7.7180977,2.1581118,13.461997,238.79565,92.168495,36.668945,62.64110467712335
31.11981,8.688011,8.982292,4.0423574,13.76756,227.91673,94.1519,61.181416,36.61050013944645
24.73815,6.6190157,3.3371484,7.7612996,12.105356,229.92555,102.141205,69.59777,31.545456263537215
34.37061,4.340489,9.920384,9.53427,3.4659758,224.91167,104.643364,41.158997,38.074165193302576
67.6747,8.194279,1.0283282,0.78946966,12.444039,220.0025,103.20607,66.63452,56.90217647900529
22.080215,9.055821,0.52972907,5.3553667,4.871907,237.9867,99.50376,35.014828,30.548987281921974
54.96841,1.1975996,8.556026,3.1252227,13.913572,221.6343,91.04869,68.08825,50.1535880729807
79.72625,5.3193297,9.272649,2.253939,10.927214,239.28497,109.18014,59.813557,65.68945130505347
71.34177,2.8451197,0.90585357,5.058107,11.993746,222.61688,93.36153,43.86385,59.67321704886587
51.286743,0.470612,1.1342742,6.0608935,2.1904542,232.09756,103.36843,42.185272,45.8383763941797
23.818455,6.685467,0.33174157,0.097722314,9.158711,239.9882,108.25781,55.737415,30.3044817003854
69.88241,8.6277075,1.0450757,7.802066,12.49599,222.76929,103.95554,53.740284,58.26720901882711
55.93871,1.6290265,2.0941982,8.198821,13.062265,228.47887,94.36099,66.75747,50.64668267779042
26.895979,8.124137,9.700767,9.655108,1.4008439,235.60847,96.315926,60.649727,34.393237113444144
25.631437,8.5339575,6.678602,1.8064374,14.14823,220.6438,90.60412,51.614594,33.203315995209195
74.57761,9.143404,7.78553,5.9455256,1.6067423,233.79565,102.255165,67.10263,61.373977250579586
60.152016,2.6528509,7.761394,4.266254,9.603262,221.60747,102.25986,53.709225,52.04697069467078
69.75721,9.039531,5.3507376,3.3482785,10.707425,224.73041,104.51001,63.987392,59.057535538875264
72.73873,3.2066276,7.9748898,5.6563344,2.502834,223.20152,90.219925,63.637707,59.392471518607344
54.30634,5.5233803,5.9580755,7.823831,1.6721661,238.14673,106.35683,66.76779,49.75888066224226
51.04678,0.5050747,3.145461,0.23052783,11.9887705,223.60913,104.774216,32.704082,47.80925457368862
45.825645,0.43881088,5.611101,9.694001,6.385389,220.80869,92.81773,53.352787,43.59507086926122
39.016796,7.203732,5.335086,8.098816,2.4995751,231.75252,96.95253,48.735703,39.80120927200881
46.075756,4.4448,8.23453,7.511537,11.677349,226.92361,102.7705,49.621696,44.82532524266392
66.43278,2.5629237,9.817272,7.6038737,12.888283,228.11412,99.91594,48.396423,56.98802858616629
56.115406,1.904135,4.1104255,3.890607,9.223407,222.38126,92.30189,63.49867,50.24513399870284
73.5514,6.699535,7.633907,7.5162053,3.2573154,234.96469,91.74691,42.737316,62.36058106449936
46.602802,0.00401544,0.99763006,3.867702,1.2131146,232.03107,105.62913,48.510044,42.955399825330375
56.425373,8.058911,7.768314,8.987068,10.811234,227.28435,93.11934,38.0273,52.72431999103981
57.878452,0.7924961,3.714169,1.7722238,8.701956,223.4315,93.44186,40.068665,51.839415356087216
55.50183,1.9148961,0.39390162,2.9234743,10.11116,231.86903,106.61846,56.4168,49.3767071737129
62.158028,3.862364,3.6324618,5.5133753,12.384585,235.57195,102.24279,34.677437,54.51957822808978
34.24601,4.8485875,6.1064277,3.1921103,7.079189,226.24794,102.094315,37.51287,37.37555441390608
50.741825,3.549951,1.1925017,4.2423725,2.7432165,220.51721,99.586914,51.121384,45.94209248448821
26.253489,3.2071216,9.240345,4.9242268,14.159766,224.28688,101.3799,31.750921,33.11352211103222
43.07068,9.63916,0.77672416,8.563534,8.63367,233.64795,102.03539,35.07708,43.15409107934214
49.260025,6.4157968,9.300067,5.2319226,9.614118,239.78192,109.35652,64.53412,47.157922711938205
59.133457,0.23432955,7.0713754,3.6245985,14.06776,220.26753,94.459465,63.84587,51.45189757921988
77.03186,4.3017592,3.2971218,2.4773617,14.0421715,226.12308,94.29125,43.911045,63.54363044907634
56.039062,8.750087,3.9075034,4.0867596,9.009324,221.24042,91.14437,43.91965,51.22460199916184
64.61564,3.014562,7.4080935,5.157361,5.16656,226.32698,103.16398,67.46062,56.5432564349434
50.375965,0.94556344,6.014711,7.4611487,14.959591,228.11829,100.98084,31.033646,46.51327878805932
58.04624,7.5838475,6.716429,1.2104877,10.531439,238.41724,92.224785,53.21182,52.781999700115584
24.255934,6.060138,3.8916461,2.2160919,6.7181134,221.61122,97.29078,53.895622,30.058360340021064
35.263496,5.703125,4.8781347,3.7965403,8.837715,235.54268,93.573265,61.515484,38.14481807837635
41.711185,0.5357656,9.898675,3.603984,6.8216767,227.91069,96.62963,68.07002,40.42482679081418
48.3496,1.4049901,2.1392288,3.917481,13.436272,236.22525,109.02528,44.233105,45.62819819293129
22.738924,6.225494,4.1785617,7.9352126,7.754991,230.26805,103.666374,47.51334,30.645209118517503
28.401445,2.0782385,2.918232,3.241544,12.529397,220.78564,90.15138,56.85194,33.74230273351294
36.60886,5.040701,7.651115,5.018982,12.762468,238.92412,95.05016,68.690865,40.10537236239435
78.29196,5.448817,7.640126,6.2390704,12.540652,221.65468,90.20723,65.63169,64.85333538630825
39.88082,2.8350718,2.9244547,2.3217854,11.110641,231.95367,104.29737,56.68212,40.84735060266131
48.922462,9.484252,0.81390315,7.186954,12.968288,237.55336,99.388435,64.26894,46.281215157703045
31.765863,8.424641,0.11432677,5.471113,6.421214,221.5954,109.88037,33.408176,33.93035536749547
56.646805,7.223735,4.274505,4.4678116,2.605285,231.07787,104.67167,45.08508,51.03662398214753
36.840992,0.77993864,4.103376,8.09784,12.794359,236.4858,100.35826,30.5237,39.8922615111517
32.419556,1.0613002,9.883899,2.4349525,7.9743576,239.7265,106.09411,37.09889,37.728397403544534
50.994358,4.9278135,4.698021,8.831759,2.7832644,234.48654,104.09607,55.219704,47.78083619856468
20.330347,1.6071335,2.5641837,5.6104875,2.6143754,225.56668,94.87553,65.42246,28.65734444175146
20.459843,9.782655,8.912294,6.0917487,3.2293935,233.99141,100.60516,55.31121,30.425751143538015
33.144127,1.5852023,4.9106793,8.750589,11.513626,234.11534,101.11997,56.565525,36.97672714860622
22.203281,4.874678,5.9917564,8.175827,10.951993,233.99931,99.024635,34.152863,31.065533252512957
26.481544,3.6412106,0.9566871,6.0156207,3.8534615,237.0852,93.583855,56.59442,32.0717984492151
40.33164,6.393864,3.829164,7.531877,12.856928,221.7476,94.467384,48.17387,41.730930791871955
68.15514,1.2903641,9.442237,4.3331947,4.938127,222.1684,95.62095,56.05761,56.747263544128955
54.322918,4.3031645,5.895054,5.473778,12.101798,232.81235,90.2051,43.046925,50.13247885034715
50.760063,2.7470503,3.4450185,0.6207014,7.8432827,239.07762,108.338875,53.259438,46.775439558400564
37.60933,8.877515,6.256672,0.8985792,11.241681,229.31677,103.72192,46.962772,40.84002816004484
75.90522,0.40585712,9.104111,8.294254,6.3394275,239.21126,103.79234,52.34548,61.535840029837395
43.820904,9.137275,2.739906,0.5967166,5.859968,238.7617,101.44661,35.88358,43.661842957372954
25.225567,8.329942,5.051167,1.6939913,12.779035,238.0582,103.78622,45.832993,33.65845432343147
57.02399,2.975707,9.586906,7.958327,1.4942316,238.19702,109.63725,44.971146,51.3438479442021
26.830303,7.8929067,1.7239615,0.011459506,14.6463175,237.96637,97.70321,59.45578,34.25019985777227
40.71339,0.3121356,7.196639,2.8240433,10.074513,236.39778,104.25051,58.256382,40.88872498114976
50.444717,9.668655,6.14481,5.8403864,7.0547676,233.89958,97.19058,66.35435,48.510923588827225
72.453354,5.2659492,6.7967515,5.9544992,9.792764,220.48816,107.08578,55.282223,60.3381359576427
49.612793,3.0328102,3.5121963,7.771529,2.7183733,222.64507,107.160576,42.581886,44.6227490840213
62.135525,3.625832,3.1387937,5.0592628,8.196734,222.68465,108.04533,61.328987,53.95333540034649
79.56901,0.66405356,6.842097,5.0940185,14.791337,220.47081,90.10927,49.879906,64.37661204970998
27.889347,9.893496,2.155433,7.2531056,4.293772,222.33403,95.96383,37.739727,33.690857818555166
36.48389,0.39291945,4.1965475,4.9862447,11.111894,238.39493,92.67849,59.896458,38.61016646318986
43.674564,6.5490713,1.8817464,6.084911,7.089599,233.2761,99.07973,35.301254,42.26504215075213
45.309692,4.427359,0.08304841,8.97774,10.134414,226.24146,99.909,37.126133,43.21048981609406
44.661266,9.489162,9.700574,4.01451,3.8684213,235.8672,95.11808,60.35024,45.417225671538176
74.45666,2.4599974,4.31703,3.8512506,7.5865097,229.7674,104.46893,60.805786,61.505903275433845
62.841957,5.320868,9.693496,0.035489917,14.721298,222.84254,95.39539,61.631252,55.62204701362851
56.47431,4.823562,1.4032352,6.1342626,3.7340202,237.69005,107.07783,41.733006,49.449765250236865
38.562363,7.0286646,5.8736677,0.29771906,9.910231,226.77324,93.553185,64.6635,40.2485753498202
69.42742,0.68010235,2.0097404,5.041485,9.058369,233.97719,97.3447,58.906727,58.241763653027796
77.30363,1.9378912,7.900741,8.042337,8.910722,225.81189,102.444756,63.358696,62.27484680524955
69.2719,2.1456482,7.83703,5.499211,9.611726,230.00142,102.106705,58.34422,58.37292436888847
20.093906,7.3815074,1.1260715,2.6963615,8.031332,236.32506,91.560585,53.183857,28.97839203095594
58.184082,1.891387,9.120645,7.8616843,1.2370305,223.13554,106.92517,34.37579,51.45720675720826
23.068123,5.7349176,1.9462965,2.69717,13.601356,239.54503,101.961296,58.437447,31.71813950800841
35.456432,2.1524382,6.1297736,7.330318,12.577703,221.40431,107.397194,57.61843,38.479741855592785
23.571482,8.616249,9.856337,6.1025844,3.4383476,230.68018,107.352715,42.499645,32.05557532753058
56.227726,9.421855,8.823965,1.699963,6.7858243,238.32051,100.91837,59.432793,51.74390552539367
61.195396,5.18493,9.5656395,9.051339,11.787685,238.91388,108.21563,52.01818,54.681335292761226
26.869259,3.523089,3.4259877,2.0064368,14.720873,224.64218,106.968155,52.37625,32.656646546523206
43.030334,2.3405778,1.0557564,9.895871,14.315919,222.8797,109.16246,44.704185,42.50844750944673
47.37419,0.49781,1.8834687,0.07310489,13.591029,234.48807,107.00997,34.671402,44.74506927531024
42.14318,2.6850007,5.004949,2.6348338,3.2172346,220.83948,106.42408,38.67714,41.02978135896042
27.2615,6.542358,7.9322968,1.998603,13.802651,229.70477,99.38721,60.753265,34.57280930207787
45.136868,5.3361692,1.5015365,0.13993411,13.298229,235.92711,94.24062,40.857662,45.20339936221158
65.07069,9.4404125,6.5973153,7.323679,6.277299,231.2051,108.21417,30.090122,57.23243512014296
24.26046,3.9627726,3.235776,6.934258,6.5233164,223.76027,104.45098,69.8807,30.615596834673845
24.8108,6.9386334,3.4120207,7.9235096,7.438725,229.74089,95.63496,38.427288,32.05189895808397
41.286278,4.8932276,6.6191773,2.5669854,10.186459,238.42549,96.819916,56.215324,43.416315267698366
76.50354,5.125762,4.6699944,4.4433517,4.6516986,232.34425,103.72157,67.07688,63.13428228832132
60.114357,2.6777432,8.120333,6.591135,1.321278,234.42981,99.55634,53.98851,51.786433047523026
60.720196,4.5495076,1.5591851,4.397685,2.9772134,226.72528,91.629654,61.961224,51.95134121889448
41.7152,4.70785,7.8994827,6.9732575,7.1616225,223.76967,92.82896,69.05487,41.7165523160599
55.619648,7.0664253,0.64235246,6.339734,4.948036,225.11284,104.91297,64.414536,50.056846217444324
20.60787,9.4064,1.9405388,1.146478,11.703232,230.66356,96.57139,52.316162,30.371110402731865
58.165764,3.293213,6.561497,7.810431,2.493661,225.6044,100.15299,44.54812,50.88231189329725
74.79722,0.4220047,8.549256,7.2067637,13.844513,230.8393,105.33243,49.298576,61.25831035086672
56.75441,4.962951,2.5267963,6.558344,13.53458,234.15584,105.02351,63.673046,51.47864357963096
72.42191,5.4446135,3.2719162,1.5509361,13.722595,234.68791,93.3403,64.134186,61.16617066247686
63.438385,1.6844056,5.3712077,2.6799645,11.35454,223.2937,91.96788,63.834198,54.22022644830568
27.233505,7.604646,2.1157281,3.9317703,2.4979997,235.00862,101.823044,53.888977,32.73885234344405
74.1472,9.849291,8.111563,2.7992961,7.133926,233.45377,104.83266,49.078236,61.95380513204765
23.986631,9.457747,7.7363663,2.2781029,2.8396752,220.2401,92.9808,42.45352,32.199031035267886
52.038048,1.9710604,1.4529171,8.053576,14.827788,221.17744,97.4391,30.134434,46.87102471142507
28.528227,8.753633,4.638297,6.3823223,5.662538,232.92499,107.40556,60.57941,33.62601985162879
20.702396,7.044936,7.7482777,5.6547213,9.194628,227.67407,108.88446,41.07993,30.381639119267856
45.322056,4.5384655,3.3732953,2.2595272,11.911503,222.92207,99.0814,43.187115,43.457262065868
37.702442,5.40611,6.331068,9.180765,13.888625,220.88792,91.59032,63.73925,39.919901443439045
49.16003,8.496002,0.5021312,1.9118304,11.577668,223.18797,95.15393,32.090046,46.12403394303546
54.631992,4.801349,6.086888,7.949509,10.443053,239.15028,94.6594,67.10481,51.0001996700613
22.624344,3.7320738,1.5265298,9.666727,7.523745,234.55132,94.779274,30.054478,30.169452859112294
27.380198,4.932475,8.305833,7.2709274,9.475602,230.55411,99.87763,67.566765,35.00591784564861
53.518543,5.791298,3.5544946,9.928588,2.3182933,238.83081,101.66451,48.19034,48.88638639520206
40.590042,1.8907765,2.8155386,6.5105114,13.374915,232.3822,92.450195,34.084904,41.95136511669866
63.75041,9.009077,8.40889,2.1746035,8.612883,234.51291,107.78712,56.966454,56.706777473094654
59.1375,6.7418694,0.5014402,2.038195,1.5618907,225.65303,102.399475,65.83426,52.10806892055103
70.73626,6.3326893,3.966088,3.245643,13.87863,231.77963,101.94504,47.52291,60.66802260792133
61.54957,0.9949623,3.7000353,0.0713002,7.850228,222.86954,109.74558,57.654316,52.90896632402636
45.795864,6.0417395,2.8480036,6.8169847,13.160248,228.08966,102.56288,69.17451,45.163892556359755
60.378,1.2096066,9.117543,2.686678,12.996431,220.66481,108.579185,39.628033,52.73461927960581
36.52287,0.78697675,7.509284,8.151833,12.420523,224.33257,95.725136,62.817978,38.346447121218745
38.37881,5.273109,0.6392316,3.5917265,1.8596423,221.49738,94.80259,41.809483,37.777826266256945
67.33911,4.0278554,7.1468744,4.799565,4.458933,227.75557,100.330376,47.053505,56.756832067538454
46.78517,5.8881025,5.272991,9.656889,13.25767,236.8607,100.17218,41.270634,47.106045365884434
67.90282,0.8922217,9.008679,2.4217212,13.585875,227.55869,94.52967,47.84047,56.9844055190998
69.345345,4.3098307,3.1294563,7.212541,7.412964,236.6328,103.99311,30.203562,58.34787387629012
71.45374,1.7478671,5.74162,7.551178,7.1605806,233.12996,90.592674,42.137554,59.52852572592738
74.998116,9.871001,5.0075526,2.2099817,3.451969,230.19058,103.81261,47.811764,62.16682017249142
45.85911,5.611502,4.895609,5.0099683,14.557751,224.73784,99.143555,55.289608,45.23354948420962
39.132008,6.8743687,4.561054,3.5020192,3.9839387,238.44312,103.78015,55.494457,40.45856406941399
54.931923,3.2541828,2.0562947,7.7190623,3.673115,221.08401,99.54161,53.351425,48.8986662476153
42.270344,0.9473891,7.5570993,6.224833,10.250206,233.77826,109.54668,41.72127,42.708820334687175
56.06445,9.758709,4.5133605,4.7598305,4.3998203,232.4248,96.6937,67.89617,51.68870329978275
62.33515,2.8625903,9.585163,7.7936325,14.142802,228.82083,109.65146,45.67879,54.815182165046686
61.304302,4.238082,2.6080842,2.3515556,1.1526979,224.80641,91.29948,38.67576,52.94250137220627
42.473175,6.498639,6.8274384,7.5362186,1.0805457,228.61392,103.67522,52.18052,41.65524838150203
30.011612,0.24697298,9.407171,8.653743,8.068275,237.45546,99.08438,59.957146,34.13297129991396
45.83176,8.1025915,6.634583,8.786216,7.8328743,236.73532,106.44275,30.489344,44.987218919973635
28.555649,5.365782,8.712729,7.8367357,3.2870963,238.82762,105.79232,41.05376,34.575174069313015
73.40582,2.782172,8.27481,4.0801415,7.923274,226.15587,106.0042,62.999115,60.493906352560856
40.752647,0.61607987,3.6011772,9.81808,6.7632556,227.74208,91.894775,50.280846,39.68548915924764
29.267586,1.6249841,6.0012393,3.7959363,13.464613,220.37453,106.44731,46.33953,33.96478866625572
21.526865,8.950338,1.5626134,6.386254,1.1295549,238.859,94.2808,67.23605,28.615665320372077
58.749344,6.8602424,5.355259,1.6107417,14.667777,226.5878,90.5136,33.581406,53.87820677835338
58.214138,2.4990172,2.3042197,9.804489,9.741499,228.08328,94.354774,54.622807,51.15434059647195
40.43625,0.65600765,7.437368,7.0398593,3.1258082,238.1561,99.5857,43.68755,40.99677934197889
24.302713,6.906153,5.2805843,7.5337753,1.6546402,230.53197,104.842224,32.832935,31.15868112639356
44.577732,5.724077,4.1122737,0.65776706,8.53348,231.32349,94.37265,38.54978,43.38510205994194
38.67305,4.045195,2.6879709,7.634178,4.288462,223.52466,92.260155,55.11733,39.89013676085736
60.62724,3.6361146,9.986985,7.7472343,5.2163177,229.9732,102.91934,31.131077,53.59508571859434
56.346756,2.1681428,0.7171052,6.717727,4.4318504,238.36417,109.67796,53.689953,50.86470599286538
41.87562,6.6961126,0.4356068,2.9190962,10.102412,231.17436,102.0174,68.27402,41.52066064244873
33.073555,9.70668,2.172574,4.8969007,8.749406,225.10233,103.821144,61.80384,36.595085876537425
79.28216,1.7571524,9.710725,1.1043438,2.091642,220.62361,101.22335,43.823883,63.98669845980483
47.240097,5.971166,9.792381,4.715871,8.371371,226.72603,105.64697,35.528305,46.56899484528559
61.296455,4.2418504,6.5492773,2.4382386,12.076656,231.45181,109.51609,48.602577,54.38409122097531
28.433178,4.466887,8.801066,3.49097,2.1367242,220.85226,100.88258,45.718018,35.19829061052246
49.135384,2.541473,2.1396172,1.6260041,13.456346,232.19585,98.33581,68.869316,46.36723958964808
21.652203,8.2513485,9.720421,2.3005438,9.096293,230.46828,107.20686,69.59472,30.708821170347413
50.32731,4.852556,1.4278485,0.7656864,14.308743,235.66872,109.39457,46.423386,46.933286584224604
77.84104,5.4340587,1.0112519,9.199014,3.073977,220.57776,92.58363,35.95136,62.24565607512663
43.052402,3.047609,1.1221154,5.3041067,14.90991,235.61694,101.563416,66.424385,43.71900861096039
22.33976,1.8180846,5.7312794,3.9674196,10.01982,230.41754,105.8492,61.74169,30.11427223596128
21.857347,0.85910386,7.809744,5.350292,8.944919,227.41058,100.66679,50.45097,30.29258414533093
43.279205,7.1411915,3.6666718,6.2829323,8.213915,239.30766,98.18394,44.614185,43.75174531253333
29.601496,1.9623429,9.77896,9.218788,1.3311613,223.2024,103.1046,47.926632,34.28219653727782
21.401125,6.9007535,4.3442016,1.7869295,14.154948,230.8265,95.402565,66.07525,30.95298761312024
65.37282,3.9037645,1.5044855,2.955525,10.015923,226.41963,96.98267,37.38574,55.93603646322828
47.51138,4.157748,4.6596675,9.757894,2.2827709,230.54973,109.845535,62.27134,45.3100330710825
37.354687,4.691775,6.7903714,3.7119298,1.2933304,231.0455,102.72931,30.727625,38.852702181914594
74.00499,3.6770852,8.322258,0.22561651,1.710971,221.78897,107.45855,66.822876,60.459209500964214
26.968338,1.0061997,4.5876827,1.476435,9.531541,233.2227,106.15537,50.01189,32.90535952852074
77.35513,3.096318,5.936068,0.26338702,9.596216,232.68964,103.04545,39.069912,64.53548948504309
38.838,6.6373434,2.6734471,9.899231,7.9953423,235.38934,106.81458,30.11426,39.769658069493055
73.30422,6.657844,6.459165,2.7887084,5.2947216,221.81317,95.74317,52.38186,59.91373005784829
56.17657,2.8622432,9.859719,9.235428,8.444398,225.94518,102.74233,39.779514,50.60879051663676
69.60244,4.601026,0.49053574,9.958862,8.228226,233.00221,101.81207,55.250572,58.63195035340173
79.04079,1.9344723,8.865307,5.998412,1.2718178,222.73462,102.448395,41.246773,63.36801372172759
37.304325,2.103721,5.622825,0.33196315,4.9545693,233.55197,93.372635,33.52096,38.44615060222639
77.66813,0.23047088,2.5209866,0.8159163,1.7445948,221.18053,95.54486,50.202065,61.70667997653206
43.368916,8.967465,9.548897,4.815891,13.602166,226.69862,95.73317,52.57943,43.785297157519885
43.130714,2.1070666,4.833543,4.06172,11.153124,236.93422,102.038925,48.1036,43.31381767196689
40.423225,2.275339,3.3169024,6.061773,14.945612,235.48582,109.450935,48.321423,41.3298106453823
52.484455,2.7960143,1.8149763,4.3884783,5.2303977,232.89522,109.08135,53.586006,47.67547349981765
29.248703,1.2740808,2.4445221,9.340769,13.298801,237.40916,94.54379,51.054142,34.72201089755586
53.22269,6.3926287,8.32849,5.3473973,9.4427595,234.1854,96.09691,35.3027,50.108375827754905
52.50229,0.75142956,6.1441,6.9372606,7.3437557,230.3875,90.72124,37.883427,47.595073700967504
65.71411,1.3420242,9.132456,8.964852,4.1160235,239.59435,97.97631,35.671642,56.72391984147097
70.019,6.4475675,2.3196845,1.4687188,11.33749,233.89713,106.69348,57.731823,59.69577178478526
46.42648,3.3966062,1.2113857,2.2973466,13.65797,232.02734,108.31503,51.143936,43.81530522373669
38.139996,7.0794783,0.06087531,1.0731866,4.2943177,228.17741,94.72993,47.194206,38.402136689142885
35.560093,5.5742474,5.0786204,1.396384,3.4554646,238.04825,95.31589,61.93356,37.92840460720933
31.677431,2.5602117,9.983069,5.1258397,10.747107,225.91418,94.417,43.031788,35.544231563371696
23.458855,6.5082793,6.9496527,3.2117927,14.677625,220.18439,97.00207,52.724266,32.09779067666216
40.54688,1.1627368,3.083946,4.2317286,11.499372,223.93481,106.095184,32.976303,40.475011646673465
36.214863,5.364104,8.768586,9.824899,4.9841304,222.19035,102.93715,59.776165,38.64587251366701
77.98505,4.371481,7.8172226,1.5670434,6.879376,226.37988,105.71882,57.807697,63.50733837320904
53.46253,2.6787357,0.15415166,5.4081206,6.380447,236.51758,101.66062,62.095184,48.38891818464644
40.836624,6.04005,8.168605,0.98871154,12.92933,233.0306,95.15466,65.379036,43.103414272384825
54.828056,8.713336,3.0052676,3.1849632,11.7991905,223.37961,94.55988,60.32113,51.31283908224468
28.351803,9.989047,1.4967346,5.275259,9.245656,235.77643,90.180016,63.779594,34.26864589641321
46.642624,6.0776277,2.2633083,9.466317,4.8494277,230.0844,105.619644,43.826183,43.747410957542314
57.57406,4.0470586,4.685798,3.9122822,14.13184,230.25429,106.94242,43.733494,51.71786446664073
49.33387,2.252071,4.248679,0.649067,10.146413,227.24225,105.365654,67.77203,46.739994843136756
44.106728,2.570961,2.888873,3.8816144,14.586673,237.29233,91.488045,66.582985,43.501991374207385
79.630905,4.79455,1.7221832,1.4574118,9.121638,226.36655,105.24443,51.93989,63.53388872850969
72.818886,3.672777,7.622308,2.2998962,12.496698,221.8828,90.91535,44.66235,60.561359613717485
57.404358,9.138145,9.901098,6.1809063,12.383475,226.05458,92.11186,64.64006,52.82029308482795
54.162643,3.6829548,7.777916,0.6742387,5.722603,234.30707,98.80951,42.936447,49.10724232096504
57.239628,3.7344458,2.9593697,4.647238,14.49629,233.15164,99.52294,36.145405,51.824153519681985
32.078728,3.835345,2.4480896,6.094616,1.3071805,223.76035,106.32237,55.57971,34.88266619361598
43.708263,8.366202,2.1766589,4.218584,11.761952,222.23569,103.59054,31.704872,43.71073252669747
22.367573,6.507883,1.3669508,0.19126351,14.517799,233.21732,93.06641,45.164078,30.549125989686612
48.53276,6.1416883,5.5133057,9.855193,5.7447147,233.52754,94.522934,62.306553,46.716614417217336
52.581474,3.3414302,6.0540037,3.6711576,10.073548,227.323,95.7135,41.808647,48.352234524622496
33.664986,8.179042,7.0550265,7.785772,8.871125,236.85603,92.47345,67.25262,37.91068125638935
77.84173,0.38363862,6.8021336,3.256465,11.661102,239.5641,95.7529,68.23299,63.39137347857748
74.567276,8.707972,2.9233332,4.7501674,13.126491,224.1129,104.57196,62.632652,61.36721228059554
63.328594,5.127499,3.3031101,3.8846364,9.442624,231.54138,94.828026,69.50573,56.09384490044223
52.003197,3.9825025,6.8151455,3.4253924,12.422665,220.10693,106.70719,51.230564,48.35769988020887
72.19815,4.971673,3.4944763,0.21851377,5.371998,234.2611,99.39034,52.767982,59.740489590572736
27.83914,6.674155,2.126232,3.6002095,4.2002187,228.28564,96.45872,63.446674,32.96003400144089
67.43059,0.12765427,3.7433615,8.8949,7.0293474,223.86539,98.24836,49.71221,54.856776533742675
27.489248,8.715519,2.7208416,6.9039335,10.488313,235.04443,104.18993,46.2688,34.75823090779636
67.65264,4.4673953,0.8831272,1.4542286,3.6214573,236.21298,100.33585,54.590145,57.43497869271033
36.546055,3.429665,8.301389,5.91155,10.524931,222.22333,90.14558,56.30638,39.09433423950536
72.625435,1.3824557,8.531114,8.922309,6.517311,220.81992,108.44648,60.03583,59.89711196988816
76.642525,4.394654,2.197503,7.0003405,12.138054,226.68156,91.31992,56.728027,62.23566199273907
28.927757,4.9632277,0.647722,1.486844,1.5157014,232.5198,108.77243,59.828873,32.51179542234962
47.760536,4.036467,7.388274,8.678325,10.351757,235.8684,90.56306,56.982388,45.4968409900069
78.859245,6.786601,2.1152864,3.0154402,10.097512,230.92125,105.419586,49.217808,64.26518901225418
49.004448,4.2089653,3.9343548,4.5407615,14.173097,231.61497,100.6935,35.397385,47.419373328294824
71.81285,9.614176,0.64135253,5.2614274,10.987145,235.99716,100.114525,61.41773,59.99994149607879
55.32389,5.992775,2.2626958,8.505066,12.148227,230.57687,91.45557,31.231167,50.68277705457225
42.519794,8.0747795,7.929023,9.316075,13.664274,232.22308,94.7749,69.700005,44.64003008145737
37.147015,1.093559,8.043964,9.296529,10.4507265,230.32434,105.55095,63.13834,38.240432027735295
32.193386,3.972913,2.0708482,0.07954181,5.062151,237.60916,107.825195,56.836426,36.81462037398114
65.70789,3.368477,3.3591385,9.218884,13.176833,224.71033,100.582375,68.66427,56.97659874184365
43.19243,5.6948237,1.3423842,0.5438697,11.466094,225.27988,97.06687,54.49881,42.85348225699717
50.67653,8.6111355,0.7417263,2.6577365,6.9421263,222.55923,91.19887,32.257317,47.13794234864056
49.539528,0.7833822,9.921717,5.1498785,10.947409,236.38933,103.64357,52.375286,47.15780169801459
54.63674,0.725748,6.5559397,4.799257,13.147644,228.23555,95.56893,41.08817,49.617494933577404
71.93463,8.503177,5.420965,6.047098,14.65913,226.95789,91.10027,44.779102,62.00874733324901
78.84436,2.128501,7.654985,4.794462,14.332921,239.62697,103.31703,48.383408,64.75920805949578
44.45505,6.6875324,8.400771,9.343757,5.5545897,238.53607,99.71439,60.98403,44.79502251303355
69.65114,5.4287815,8.067147,2.4054885,6.903712,239.43976,90.23924,50.11717,60.281656330768406
65.871666,8.328936,0.1653945,2.740247,2.5335124,222.84598,92.21848,48.987213,53.55280244078452
54.411736,1.2508891,1.868079,9.207379,4.46562,237.82504,103.98404,42.078884,49.04642418383878
77.36283,1.2978296,6.549053,0.76739514,13.353897,226.57419,91.27343,51.59489,63.61472356622715
32.02847,5.5681834,3.7575934,6.095608,6.051899,220.25313,107.31926,39.935635,34.79933231787752
26.555853,9.463786,9.824826,6.8173594,9.687737,227.82597,96.226524,40.439754,34.52178838171909
71.23772,4.1499777,6.654048,5.055417,10.323519,230.18393,91.77333,60.29035,59.76741555659994
46.348988,3.269421,9.565489,6.942319,11.94561,222.16441,105.195145,43.70189,45.22909647744788
70.81813,6.066893,2.0144649,1.7275465,3.5592005,230.75356,100.48855,32.05599,58.87223456521866
73.58541,9.304486,8.63957,8.526322,5.267384,236.38927,96.1328,43.747093,61.842219946648655
23.747456,8.369278,3.2135231,1.4002569,7.2767086,227.55302,98.12196,55.54289,31.847965240317706
73.00789,9.954836,9.895648,4.0081244,6.1077747,227.0529,90.428246,62.559425,61.78449271234434
46.899143,0.22568583,1.5768868,0.752576,14.7606735,226.77621,103.25397,68.47747,44.65689587127913
50.62595,1.1285814,5.1633983,5.452111,12.689171,238.46188,97.315475,59.848816,48.16229243002085
57.59555,6.0946774,7.9284453,6.6974583,7.715615,220.97516,104.280754,47.154064,51.29925245711471
75.582954,8.205765,4.3264246,9.412216,13.309761,228.90152,102.56342,41.96477,63.189966613297784
21.146965,2.8524435,4.6808405,7.393362,5.8671412,225.29199,103.025085,35.1852,28.844327802128586
48.610607,2.3921108,9.863558,5.4110293,12.001596,237.87614,105.85786,55.107456,46.67423693616893
61.26332,7.869758,4.2530813,9.32617,4.1314583,221.92105,102.62316,50.395332,54.45378067323725
63.36242,0.5638185,6.040721,4.7843685,11.812509,228.22885,98.37452,57.10806,54.726138947270584
61.551945,3.6938264,0.5453966,5.6120567,7.3903475,228.13632,97.79855,39.485325,53.18169879540605
28.066109,5.058092,8.422101,5.960985,2.5049906,237.76788,92.39164,42.945766,34.40633923238591
37.963734,5.6034865,6.4816804,4.0997972,4.8256745,224.30988,105.58887,41.683815,39.830308311649596
41.52293,7.2861514,4.040201,8.384827,6.6318445,232.8979,105.22217,61.906075,41.249237440460035
68.266235,3.5484571,0.1616954,1.8517594,11.490101,222.68813,94.925964,36.849194,58.19272306678516
36.725594,6.1268435,5.9166884,5.548422,2.021758,239.07951,107.25364,54.338886,38.41723516800389
32.6423,5.853754,0.12657829,7.2223325,10.233658,231.8603,101.78007,32.0542,36.88759783716629
77.446884,5.476161,0.012036139,9.039762,11.024191,232.52513,99.57374,51.981102,63.062073468505496
20.531797,6.404833,6.1609855,8.839184,10.1549,228.67546,90.34993,32.55656,30.12542661919851
79.869255,2.5944917,1.8901707,5.087403,11.649375,226.84566,97.65482,37.035065,64.35981165501171
60.60928,0.8464875,1.9188755,6.4316144,3.4943607,224.25352,102.813416,34.52101,53.2050421506409
69.70816,1.1927167,6.532716,3.9423773,9.219447,232.07976,91.79496,43.869015,58.84044001236889
37.677162,2.2458239,0.53697187,4.6817775,14.176029,239.09123,99.191345,43.749256,39.55622605938583
20.858917,5.0019794,3.1340556,9.062658,9.55098,227.19582,109.86872,63.05677,29.13436614417858
64.27217,8.404428,1.494319,9.30704,9.558709,237.66313,104.33077,39.027496,55.49558434160906
70.048676,7.0129333,5.8017635,8.954141,11.310155,222.97552,100.937416,33.45547,59.62233919105304
64.428566,7.890406,6.6176515,1.3837086,5.6648593,238.72252,100.66066,54.140472,56.01256219129296
28.571016,3.5097563,7.2113585,8.50084,10.806663,227.00972,90.875305,57.498028,34.736856881494575
65.20567,4.0465374,2.5523121,9.483637,13.827273,227.59454,109.146286,41.792946,55.81660915580212
66.13537,3.9368188,0.89249754,3.6124969,1.1525366,229.25685,108.56355,54.112564,55.75526006614452
59.512432,1.9187318,0.78683656,5.186463,13.181582,234.36488,103.648094,61.042263,52.90780779229039
65.96696,0.6121666,4.2615156,7.7909527,4.0606565,234.39307,91.98023,43.90212,55.6195603124414
70.75529,5.909161,9.458444,5.6207814,7.382926,229.59177,94.15668,51.014153,60.42648829168918
56.816246,9.892167,2.1772904,9.934835,12.932869,230.46306,93.67819,35.86533,52.06497824216341
25.316282,1.668297,2.567416,4.5571337,12.53477,220.6002,100.39157,30.945871,30.855854244094573
49.257668,0.4668482,1.008888,7.139427,13.486984,226.08594,94.156075,69.25472,46.762061196924314
24.65896,7.7953167,6.0557027,7.9259114,14.165835,226.92033,103.91601,41.989235,32.71144116609349
44.452583,2.52586,6.798729,4.9410043,7.260197,231.17455,100.904594,41.156082,43.86414736216983
44.426388,8.296438,6.429312,8.569839,10.189094,231.166,90.353165,68.9298,45.14642627596434
23.96059,7.0393667,8.611302,5.461546,6.466698,234.198,104.88114,59.12934,30.986079913997933
40.929234,9.456736,4.8642583,4.116508,5.910034,234.34055,93.77657,53.411915,41.83729433884386
26.659885,4.0892725,1.3445704,1.0782367,7.0423355,224.70421,106.4977,57.972935,32.535054727324095
68.49411,6.6196985,2.8940513,3.9341357,11.403066,235.40375,97.10091,58.397064,58.6472888114534
76.86128,4.6485476,6.6242995,7.3393645,8.02017,220.39207,96.77239,60.533436,63.35289301536429
24.33899,6.3058867,6.13122,9.212864,12.396835,234.32324,90.23634,32.68757,32.7667083542003
77.306915,4.495989,5.3100314,2.516794,11.433059,222.04123,109.75458,46.513256,64.0119396978399
51.354595,1.8863225,6.829644,3.5523553,1.2866985,234.59296,102.24009,41.805214,47.12348749554707
37.97394,5.0789742,6.3739085,1.5396099,9.823334,230.54236,98.454605,32.822784,41.041452236767135
24.611725,5.285842,8.813249,6.907229,7.1119957,228.74509,91.93243,46.50396,31.744072014096144
50.037457,8.106038,5.8601637,9.601884,7.392806,233.81332,103.98296,54.64694,47.6624859799071
67.67093,7.355207,7.7860136,6.409522,12.457223,220.72742,95.65461,37.139908,58.18100684186663
62.42519,6.637916,2.4870715,6.1707654,8.666512,224.4694,109.76562,42.20107,54.37134672660118
23.013561,1.133871,6.781826,5.534899,13.3987055,232.3288,109.01095,55.566833,30.641146155236374
24.37411,7.206163,9.021941,0.8845574,10.979279,236.9443,104.70593,53.172985,32.94112972252356
44.172398,5.0030518,3.8573232,7.295038,8.73976,227.62215,109.42144,64.75142,43.10674235030064
37.71743,8.940995,7.791042,6.0204954,11.563532,225.17523,92.11268,61.64924,40.61481778089852
33.943058,9.1987095,7.247893,6.6147676,1.5368867,230.37473,95.598305,68.62444,37.754147571870035
36.86027,0.5515659,0.595262,8.988111,1.3791711,232.4463,95.064865,53.887733,36.54255871966856
68.20896,8.206415,5.815083,7.8396077,2.1668906,228.40205,91.440254,57.938694,56.7843730993884
75.753685,0.3769739,1.3018935,7.8091526,7.1259146,237.53421,109.444534,64.42025,61.69782333165884
44.30616,3.6716962,9.673192,9.271837,4.296302,230.46878,91.19948,63.599697,42.29127281340481
74.36666,5.423,8.114075,9.899349,14.779658,220.71648,107.13378,58.748867,62.23935416309047
39.28974,1.4810079,1.0972381,5.812827,8.592062,224.46107,105.36323,50.01025,39.3012692053118
48.58622,7.463138,1.21752,1.0888162,10.273821,229.01294,97.51734,40.928276,46.2659572163628
33.56174,0.08354704,5.9447384,4.591299,4.903482,233.95451,90.376144,65.08863,35.75857278495625
58.428562,1.6859905,3.4488916,7.8760114,5.5051565,224.39505,90.12192,61.06622,51.88298780856519
78.73887,5.807968,0.3490586,0.27725324,5.696467,239.52515,94.07988,63.516277,64.12954270490216
56.209587,7.1438756,5.416415,0.56887436,10.7823,226.37117,99.87753,35.631573,50.574090909196784
41.468845,9.166431,3.878451,0.6715778,7.631887,230.6496,99.1582,42.592514,42.15096885497645
58.869045,7.0549664,1.010765,7.3103576,8.247571,220.37933,101.70585,46.995403,52.26418582207307
27.37524,6.7177925,8.019204,5.0116663,9.288042,237.69781,105.439186,63.53408,34.24605906071578
73.31954,3.9434114,9.150767,3.6889794,11.763363,235.77669,97.54709,65.71547,61.926538817741644
50.185036,0.012844255,7.5659394,1.0561705,2.2651765,223.90916,93.207275,41.39571,45.96336569954343
46.960983,1.2015926,8.224223,7.3224025,11.876235,238.66473,106.00098,57.45717,45.12387412537501
55.151886,5.3455453,2.1649058,3.2101982,8.885291,226.31679,96.65382,33.112568,50.38544237868491
57.48703,6.751299,2.6357296,2.6532407,10.367336,233.84372,95.73764,46.38293,51.356196676369585
24.30655,4.174483,2.0852754,6.523192,5.585725,236.37953,105.28624,49.466763,29.728936695841647
60.957035,7.3067904,7.6506343,5.590109,6.7314157,234.81828,108.682785,60.625313,55.02261084928232
34.5159,5.218623,9.479171,3.6241064,4.2363214,238.35165,108.299225,65.67889,38.56604633188756
62.83716,0.741762,7.168372,6.4148746,14.7102,237.28549,92.74885,43.49133,55.153274626286056
69.35209,1.9201626,8.814668,2.7122152,7.9580417,239.89223,100.06316,51.109554,58.28082502658896
68.23751,8.399982,6.386991,7.9483027,14.945077,223.65222,91.85741,55.89793,58.591672538353386
53.15006,7.2491274,3.876599,2.2931895,7.8570037,226.09523,109.21952,43.147488,49.4928432187472
51.210194,8.947619,4.257616,1.588377,4.0765176,232.72452,94.30456,69.42153,48.147225511111564
28.572557,1.1755725,0.7532143,7.824394,8.104334,234.66095,93.94859,65.030975,33.39477468954698
66.52077,9.9022255,0.31457195,7.0789204,1.554338,230.69211,107.77771,41.856113,55.70716660776196
36.28456,2.094067,6.9547563,1.8263898,13.666778,221.47856,109.35701,50.31785,39.36068654842717
49.801723,0.11779876,4.384289,1.1624576,12.459703,236.83191,103.952644,39.233624,46.820760200440716
37.056446,9.97423,5.5221505,8.383991,11.161488,239.21748,92.4201,50.58016,40.48587238288143
28.029701,2.8107388,5.5766125,7.765985,9.537574,228.11034,99.71711,57.333294,32.985266768477224
57.77346,6.6801944,2.7737582,3.2725737,9.11768,224.49625,106.3321,33.420845,51.85063726175455
23.259922,1.7668232,4.758925,6.581974,14.954195,220.38628,101.44955,64.80469,30.225837615308944
64.91872,5.802285,4.707602,1.2416018,4.891964,224.74599,92.65189,53.749836,55.059570589720394
39.055206,9.04035,3.884272,5.0704765,11.915581,233.99838,93.43775,69.584114,42.15582340016568
20.008081,3.2018118,8.206754,0.18730292,9.139667,238.23178,107.28284,31.02366,30.05088630876689
50.667747,6.70254,4.51164,3.9160187,14.662328,221.87025,100.54058,63.259933,48.14837710902916
22.811115,1.8790358,6.036445,0.7484282,12.589245,231.06519,104.11674,61.67852,30.136427942535278
36.570175,6.247954,8.955201,4.751472,14.979352,233.91063,97.46125,35.314102,41.4069070217791
62.41859,3.3645036,8.662336,4.2168164,9.23655,225.52762,100.64971,43.412224,55.06981363494621
23.761377,2.1120825,8.9042225,4.44385,3.8636155,231.39793,109.54206,65.391846,30.72471626834302
70.360306,3.1318204,2.7000499,0.45331302,8.051619,234.30496,96.59406,50.73817,58.6924882092671
20.229195,1.7884107,0.34982488,3.6161635,10.955556,236.75438,103.49577,46.051258,28.666737938993197
34.809433,9.019161,2.610668,7.5648384,11.841045,229.05,93.45011,66.21986,38.20149418680073
64.45425,3.9718688,2.7870734,3.6891437,1.0071398,234.95714,92.4348,33.73378,56.05579381348884
38.976208,2.4527931,9.093603,7.1517196,8.070379,226.03566,105.672806,48.92491,40.00680931620184
26.113543,4.4840784,6.4924273,3.6947873,4.293284,224.26094,106.882164,56.094963,31.73671084554036
41.614037,3.2053616,0.8170396,4.232394,13.248766,223.74628,103.366234,54.341656,42.15342241946583
36.2236,7.4441924,1.353786,5.6389213,3.1406763,227.17746,93.16392,40.571056,37.5839283649588
70.56271,9.712199,1.5567613,9.50682,10.330387,220.71759,94.81176,52.532516,59.50278166946417
38.800877,4.3803368,6.3042173,1.0886045,4.7248707,225.65984,108.22351,58.342472,40.29089354466349
67.335945,8.610334,7.3541403,0.32913768,5.99159,233.04446,95.77408,53.395416,58.210713018339916
73.51233,5.658631,8.596439,6.0795717,14.1678295,232.95837,106.37721,57.37849,61.863352413041326
46.029045,1.5723567,9.406365,9.490971,4.366274,221.47107,95.71874,40.24315,43.73631996689955
74.59659,6.9062276,2.0170455,9.897231,2.3300385,225.7483,108.78925,63.313957,60.26684419199987
42.639084,5.134345,3.097725,4.8416424,1.9699886,231.39116,108.289055,47.987583,41.85441964752476
77.8447,6.5060654,2.4032288,4.680816,8.064611,226.37105,90.865265,69.48895,63.968892635107586
25.357372,8.896874,3.5876157,6.449638,9.983961,228.35976,105.40828,30.931414,33.607154453709384
61.221157,4.4043455,9.146651,5.5563474,5.582111,234.25621,93.38924,45.212616,53.59976320685473
49.62884,9.011776,5.751126,6.3408804,10.663636,220.18533,94.305435,37.219,47.29655156986328
43.25893,7.50669,7.381919,8.739994,1.854472,225.52788,99.19691,52.22438,42.626504062595764
57.96271,4.8860493,4.901192,7.463062,13.002685,222.84744,101.52636,39.728203,52.144915173948235
62.231426,6.0322213,0.28857914,4.968774,12.431941,222.55219,96.51599,59.49912,52.90217191173217
20.261797,3.2558112,0.64195484,4.6186447,14.7969475,239.1808,101.50767,65.274635,28.8494376797245
30.017185,9.835973,5.3792305,6.3960176,14.11107,227.5312,93.41317,38.435375,35.45254935930341
62.782764,6.6735115,7.1878905,4.5570626,5.98676,230.54178,90.446754,36.427105,54.48521541560124
59.983124,0.43846852,2.1533053,4.5777936,6.589855,234.67644,101.424484,65.01429,51.808099852634825
77.96285,3.2662191,7.2190957,0.16305901,11.443508,220.94894,100.348305,44.45088,64.57465273801039
65.66227,6.2331443,8.106658,1.7406414,2.8771589,224.82045,103.793076,47.383347,56.4875603702696
77.046364,0.5633328,4.1189747,4.8851366,5.396206,236.64296,102.996445,38.83878,62.48970941755104
62.15243,0.2388419,7.4641924,8.226535,2.659573,237.2398,107.94973,47.012596,53.87129486761908
37.883133,4.500242,4.0402994,2.78727,7.36841,227.45901,99.18937,39.252003,39.70461188540963
26.321896,3.326902,6.7835064,5.226434,8.72806,227.49724,90.16739,56.637096,33.059430658666535
66.90943,4.382986,7.6399703,3.449621,3.9562466,235.13794,102.61305,49.955055,57.00963552250247
58.648952,2.626933,9.919266,1.0480399,1.3728436,225.9014,103.50265,61.52242,51.183298924740534
22.891161,1.6471775,3.4539666,9.582985,11.070982,222.34189,100.4299,42.509125,29.42013308704315
41.603027,6.8914337,4.110408,8.546739,1.2800723,225.15071,103.786095,50.2238,40.95750410040958
77.40799,5.145711,1.6562006,0.78492427,14.627637,227.74689,96.47168,40.38093,63.394513860414214
50.024067,2.001542,2.0407305,7.1978726,4.1025014,221.0441,92.976166,67.37896,45.91121000646193
45.96375,3.1958942,6.93395,3.475799,10.294601,229.57361,103.29108,50.877426,44.71508677396992
47.461975,5.918079,9.170456,9.948498,7.086524,234.80016,94.90373,36.9385,46.178685638328325
32.532963,0.7222935,3.9460495,3.0239851,1.8354341,230.2749,99.12632,40.910625,34.744826794239074
42.12243,1.4745301,1.7984445,2.3873844,7.6105704,221.43791,99.83245,33.31608,41.37782716305176
42.188797,0.732456,2.850995,5.6789055,8.234649,228.803,99.54399,31.11264,41.281832058557924
23.141302,8.123174,4.550517,8.351262,12.965565,234.17809,101.96899,51.036873,32.08984520210968
66.054054,7.524092,2.9065032,1.9251887,11.252887,221.16193,90.58907,43.484917,55.731501073772115
44.990265,7.533129,2.3357909,7.0940275,2.1102347,221.19695,109.79365,68.55094,43.21659194686797
69.330795,7.1632533,7.3598447,0.6140658,3.9282775,227.41203,104.32621,36.853256,59.197657424711785
71.02088,6.6938543,0.07844921,9.189347,5.3664274,223.89928,98.50776,61.756508,58.52730347252113
32.719643,4.769919,5.3923054,0.8107492,2.6297076,238.69562,93.8266,42.63886,36.51769220211241
59.441208,6.4227815,7.937668,9.142314,7.396587,231.62688,91.603546,38.941494,53.860828508624195
48.336906,0.38361555,2.662283,4.9080725,14.780329,225.7465,103.44381,68.78547,44.81932827859842
72.8094,6.2146444,6.032915,4.4809113,8.204579,234.09554,96.33911,62.103065,61.27903938105569
32.94444,7.778777,6.689001,9.73307,11.386351,227.49858,94.58957,55.224834,37.606892355519506
60.668793,5.0035834,6.550247,9.903842,10.56113,222.64232,97.59909,57.884842,54.15297975983535
56.465126,3.5751333,4.4584966,6.5017815,12.89876,224.74464,101.85846,69.65526,49.990564970240165
37.71809,2.7742674,3.4657798,1.2711929,4.0201287,232.85495,103.434105,53.7283,38.434469638556365
28.196054,6.4280205,8.359241,5.061701,11.553568,221.03752,102.903404,34.07602,35.51420867413507
59.098385,6.928012,7.58446,5.291631,13.338973,225.45378,107.26531,32.594646,52.29337051260799
64.31585,8.709676,3.2125518,5.1444645,3.4011376,224.16623,94.375145,56.664272,55.55709599621143
38.93764,3.4233408,1.0301919,5.694918,5.8552313,224.0227,102.734924,56.304047,38.87408076253634
58.689957,7.697723,0.71807545,0.18724714,14.581425,233.65524,92.022285,59.926952,52.6201579436594
43.707855,5.6135583,0.94275975,7.1122727,11.93103,236.51634,100.958694,34.35115,44.033721771813845
62.79241,8.828365,5.8286934,7.123943,4.9562716,234.31734,101.67917,67.79609,55.47656730262447
31.952917,5.278121,0.51662177,1.1546978,8.8951845,232.91455,94.324745,52.046337,36.37501238015769
73.4129,5.176298,3.3692687,5.7023945,6.660566,238.32904,97.83386,55.98222,60.92466385091889
37.244576,5.778771,7.531997,5.683612,7.8595123,221.16785,106.54386,31.394094,39.39085648523908
42.067158,7.4931536,2.9434817,6.8245044,5.9723268,223.34966,92.96818,68.438965,42.366302494818584
23.485518,9.646905,7.633081,0.8539769,4.910634,228.28813,98.690125,52.503674,31.559335600546326
26.690733,0.73563355,7.4546704,6.2650332,10.446683,227.44904,108.65466,52.534523,32.74434536560378
50.951714,0.53434604,2.4582713,2.8075194,11.899586,228.36104,100.08218,67.74221,47.551226265897945
36.05556,9.375504,7.288222,5.0700297,13.235399,224.1291,104.50268,67.174,40.37749402093845
70.128815,5.298756,7.4777665,7.7332354,3.1746194,222.99007,106.53732,38.811943,57.98314916039835
20.881603,6.14903,3.9745393,7.0564594,12.519978,230.18387,94.075485,67.24395,29.978429248345357
42.745644,4.824236,2.104205,1.1890302,4.5672116,238.56105,94.36434,59.46485,42.50323171344467
40.240734,0.9365745,5.212708,5.911848,6.9827094,227.83939,105.17183,30.75603,40.27833187161519
21.159658,7.680894,9.213976,9.691165,13.620212,220.86707,105.06613,39.593727,30.88270381859246
27.462105,7.4722466,6.3961673,1.5676944,7.3630505,234.12335,91.20367,46.519207,34.38757768702885
44.81856,3.1170332,1.7292249,8.529071,3.7588894,225.8221,96.44997,53.312897,42.48960408154575
49.571877,3.0623925,6.8275695,7.0254807,3.238161,224.9019,97.97065,58.05319,45.990733113085554
44.257385,8.378414,4.2720304,7.740033,7.621773,226.48515,106.58081,38.408417,43.20146061621355
51.856262,0.72357255,5.915288,2.8195832,11.677414,234.4763,98.43725,63.46802,47.69351754266624
55.7079,8.811051,7.3406405,2.8788893,14.960872,236.37639,108.51858,63.828613,51.504902504381306
20.595428,2.566617,5.1494737,9.060195,12.023721,231.76112,109.93215,55.399952,29.51207687352282
47.84571,5.9298472,8.13984,3.5983202,13.278168,226.44957,105.614525,66.84376,46.590316766296674
77.80995,9.3599415,7.2215557,0.6301539,11.469653,226.20956,103.327736,62.5193,64.41031802151798
51.141937,6.781225,6.1507335,6.005967,13.536092,222.48616,97.837944,38.86495,49.30085227218708
60.652534,4.144298,1.5079281,1.2481767,2.0681095,238.66602,91.34079,61.947075,52.58297092684666
38.71183,6.895342,8.359491,7.9659624,14.019042,232.76279,101.462776,68.12808,41.87795889843249
66.43948,3.4397964,9.3590555,6.4174643,6.549686,220.53949,97.2341,35.504257,56.35244964123177
66.37529,2.7725842,1.3696512,8.747265,13.902599,233.24734,97.01796,69.14792,56.640360320149966
51.277763,9.966833,4.8824115,7.8483725,2.0602598,228.94307,103.75419,30.999712,48.006668141570074
78.56083,7.507902,2.5888875,1.1211364,11.013401,239.45116,99.27279,50.88669,64.61455493152506
27.533012,6.4472,7.5452332,3.8107069,11.299643,236.38138,105.04188,60.955727,34.70162287951085
21.01686,3.5528965,7.216296,7.7456026,14.956753,223.42632,97.96346,61.617523,30.45111865573541
66.209496,0.4916083,1.4088511,4.1734147,11.763974,234.40222,93.017265,59.3869,55.97275697710522
68.42933,0.31056875,8.770272,9.723655,6.356032,229.71132,99.22695,51.174053,56.4316775093784
27.212433,5.5418124,1.8097306,7.3574047,8.801479,223.7409,109.02025,56.038574,32.01894352582691
35.93497,7.620327,7.9725904,0.15499917,6.131713,233.9748,106.030495,57.997288,40.09421740413845
21.053143,5.3737917,4.5698037,8.799857,3.744261,230.94775,94.11498,49.78157,29.84647305998231
37.59852,8.40785,3.282723,1.0080478,4.4790325,220.60748,97.82601,53.8274,39.38469914828517
66.38851,0.33426532,1.5823926,1.4052372,4.1081476,232.93176,108.55584,63.85472,55.38951736802299
51.077633,3.6675208,1.6761426,7.344924,8.683414,232.69974,92.47398,42.51516,46.64255826471647
40.885735,2.370704,6.6189055,8.649686,13.686249,222.8817,95.079,50.928253,41.373388019232095
42.30436,4.4727297,5.504304,5.3634963,13.7781725,226.97975,95.24445,30.33919,42.91286487023814
20.081217,0.72376394,1.2208542,2.8904974,1.7666929,231.71797,101.418655,57.497456,27.009730488915363
37.988033,9.541316,1.1269786,3.5131555,2.1185915,222.77567,98.21467,37.81542,37.927937465878394
58.787525,2.232554,0.7231057,3.4288933,4.431667,237.05447,91.59741,49.24005,50.5338060314673
78.45167,9.223078,7.4376736,3.266781,4.5708323,220.54973,102.583626,38.408207,64.68582122712907
70.82365,4.2589316,7.1188207,2.4290967,2.3284485,222.05675,91.98156,30.941349,58.38532291586587
21.415697,9.855242,0.58430994,6.0886707,6.4384866,222.32214,102.128296,49.328823,29.053978277730366
73.913635,5.5405836,5.6027007,9.004053,9.228155,230.56215,100.14017,46.993343,61.52937107584875
66.991905,9.308329,0.8467615,3.0708241,9.094271,232.40228,99.873375,47.00598,57.310463182004305
66.82257,0.053489886,9.037457,1.866943,8.608016,228.07481,91.34992,38.352245,56.25366075766284
47.479744,7.482388,9.071175,8.3857765,5.741407,225.77333,102.78441,67.88818,46.01384896237137
43.880318,9.030506,6.98233,7.4178333,10.89038,236.18634,98.6264,30.140285,44.933119166326314
38.174942,1.3972057,9.261889,9.308371,12.570775,221.36572,98.22212,65.66182,39.62965180239654
23.941692,0.96125853,8.114531,1.6551974,5.84784,225.60583,101.92903,59.476078,30.199387719297675
33.694122,4.245726,8.285386,1.4425131,2.197495,220.78232,102.12496,36.88288,37.13701295907095
34.79622,9.336789,5.6970787,5.414294,5.1486235,220.2778,90.30067,48.88768,37.77284901851111
49.044624,5.423866,3.060592,6.1443367,2.9231613,227.0676,92.50452,69.554,45.793540482813356
64.846664,5.2745647,2.1779912,4.8017344,7.543022,223.89647,94.73036,55.74793,54.64602816126229
48.42859,1.4112612,3.2720003,5.9896665,3.183092,225.36731,103.55955,35.09507,44.960367557350125
23.470667,0.007895111,6.284954,1.8037977,7.4798265,236.41895,101.53482,48.30569,29.807487716246857
77.467384,8.101401,1.7265654,4.7961373,4.0940404,223.2596,105.15258,48.728123,62.39311767558765
76.56346,0.87574565,2.5864024,6.5809255,11.342236,235.60466,104.81216,62.090534,62.18568931232166
67.111374,6.338498,4.6806087,4.3270645,1.3859553,233.501,107.06366,66.646515,56.95410911895981
79.479675,9.146165,2.330501,6.794473,8.766448,226.52892,97.5363,33.28966,63.77973896961593
52.66894,2.0865192,5.8864365,4.511913,3.3728359,230.93112,96.901276,42.561493,48.27022041641902
77.7661,6.6527286,9.23176,3.335996,1.0138861,228.88872,106.62031,41.937527,63.69250290088865
24.536303,0.78698575,7.4808936,3.0360506,13.168801,222.5679,94.75203,69.84193,31.11335186002518
41.940845,6.0375514,6.664266,4.1090207,10.401389,238.1437,99.22345,52.369083,42.38205747024277
33.522877,1.6393172,5.8272147,0.23089622,2.3851995,231.39236,93.88651,65.19326,36.53819871565955
31.749985,7.3595357,4.879479,6.685251,10.297013,237.6048,108.27682,47.041313,36.60890769815826
28.448177,3.012313,1.8656386,8.4510565,9.563063,236.47653,98.15606,58.908928,34.549251415459814
57.34482,4.63391,8.947104,3.5462708,7.6269937,221.59552,94.24974,41.463425,51.77817990732947
66.87931,5.9943056,2.48536,0.46033135,6.869613,224.14542,103.84027,66.47144,57.449360596899204
54.697903,1.7127341,0.9130888,9.867756,13.418977,222.90523,94.89289,48.20585,49.157258616000625
28.817762,7.416378,7.5001516,2.6369824,4.432072,236.61559,108.87007,62.14902,35.51264501888787
68.66743,3.0264034,1.7561554,1.2662113,6.5763407,237.24893,97.35234,40.232674,58.02812613517499
58.157284,6.6237187,3.71896,3.697525,5.607616,230.55943,103.292816,57.744175,51.58084633004715
43.289944,1.5828305,0.28284928,7.3855705,11.796814,222.08356,96.9049,46.206337,42.02691901132258
60.44782,6.8811765,1.3706794,2.939166,13.830514,222.71233,106.14491,31.257576,52.80405261651083
35.5943,1.2818807,1.7320364,5.747032,12.896944,236.27098,107.93845,46.52033,39.162093483576314
40.711533,4.253565,0.5441013,4.1556,12.167855,238.5838,105.75837,52.000866,41.26651298881377
75.04915,2.4720607,6.5665693,1.17764,14.81506,223.98952,106.96998,36.070465,62.189245074169165
37.43027,7.4837527,8.370078,3.30287,10.760024,220.22275,92.03761,37.356525,40.46422019224939
48.199295,2.6203501,3.733154,7.248705,11.514753,226.61906,108.48129,48.594513,45.09374472133403
73.40847,8.817173,8.745765,6.120039,14.759235,220.60999,102.486015,43.70919,63.053206938489744
62.46328,8.918202,2.1334658,1.1977838,1.097871,236.5595,107.38435,47.629623,53.45271875150562
23.732193,1.9644132,3.2539043,1.6332241,9.8766775,229.83025,103.688736,48.43308,30.174980455266596
28.838182,6.1384597,1.5073699,6.4073334,11.345601,232.83722,94.03696,35.603043,34.34314261267922
20.470495,0.8771764,6.205592,8.134154,13.849579,228.22969,102.1911,37.247784,28.420645877811445
57.85531,3.915371,4.198696,3.494745,13.37382,226.91016,91.818924,63.926617,52.753389041522496
46.860405,7.1332173,6.1328335,5.9531074,12.78745,224.44402,103.91446,36.508747,45.78024722955171
28.056492,6.5942326,7.6167493,1.7064359,14.241077,235.41064,98.18002,56.636574,33.64919276017829
77.47604,6.247007,5.4570303,3.1137633,8.523309,233.91095,93.03466,46.741123,64.15030727313285
51.779583,2.8254087,6.276304,0.20270206,1.0968814,227.21458,109.584595,68.72947,47.50884195964643
34.5136,3.7802496,9.352503,7.6827593,1.1547616,226.42232,108.02169,32.644173,37.05916343066038
50.036213,1.0294615,2.990643,4.010098,8.624947,220.02486,107.87087,63.215553,45.24547891468689
60.77722,7.190228,3.5916393,8.161256,7.0938115,221.27104,105.776405,49.65797,53.11143082123194
24.574352,5.038888,7.1770334,7.0837297,7.317431,232.4651,103.83962,30.214094,31.99322159030538
36.482227,7.0876565,6.113055,8.287442,6.605666,230.29214,103.10159,40.54641,38.81980562230152
68.41793,2.4894352,1.7853291,2.8565867,13.848162,228.69606,92.12188,46.307873,57.30534094675968
47.57989,3.2443824,3.7614732,1.8510873,6.0283847,236.55005,108.01132,42.56779,45.39935224593245
52.79463,3.3421533,4.67838,9.719057,12.987177,230.07796,107.62257,44.49798,49.33375777623246
45.96896,0.2574241,4.193898,7.173278,13.640107,227.68987,104.957054,66.66688,44.23921592452012
22.633997,3.4104788,1.7827481,8.340423,7.993025,223.22513,108.5463,44.437363,28.8672979667838
29.944986,8.033046,9.244301,0.13133374,7.2571325,236.41376,101.06167,46.753174,36.50622272314708
46.7325,8.972985,7.6231875,3.5446162,11.654288,231.52496,98.95285,60.445263,46.8433391302867
32.55113,5.1821833,4.813558,7.428167,10.911601,221.8492,109.35895,61.75334,37.26958446357565
22.998741,4.555017,6.80061,0.7798283,5.5994916,232.97797,99.28262,33.363586,30.539888426000676
70.61898,0.3082462,8.972827,5.6733994,2.4356737,228.50142,102.82649,58.1628,57.98834605039987
78.87155,8.792044,1.3617414,4.2907276,4.7079334,236.22772,97.46124,49.30288,64.3060033168706
67.58857,0.13010213,2.5037305,0.17616507,2.834399,238.3783,102.726524,35.354156,56.13996795914816
71.2271,9.447501,5.4270124,2.3597558,5.1262517,232.00932,104.40198,40.58842,60.518177970980396
34.518627,4.8921623,7.9901037,2.84792,4.665502,234.63226,102.49311,31.80142,38.07006736900657
77.63762,3.419345,0.36254895,1.1185994,9.92796,221.13182,100.29126,44.40949,62.07280535307577
31.815542,9.242185,9.840181,6.315369,14.362945,231.20511,96.00221,40.21626,37.690916531657884
77.085785,0.24390993,4.549066,2.4239788,10.600412,235.1068,102.876915,45.284138,63.309214705552584
79.689156,5.814249,3.5923114,2.776195,13.973092,229.93524,108.16858,53.213623,64.80849536490565
62.70337,5.489325,2.9272444,8.982386,11.977852,231.871,90.13825,59.293583,54.385826880776165
78.86862,2.193204,1.7435671,4.671231,11.190287,237.97896,92.67858,54.21408,64.39915870156176
54.172386,4.288874,7.915739,3.9212816,6.7968674,223.96199,92.39546,57.135094,49.480991626723686
35.572506,6.52264,9.554142,7.2387104,5.547123,221.96494,108.4641,64.625565,38.01760000111474
46.219753,7.2713118,4.1364474,9.096138,12.847883,233.81287,103.25495,64.95298,45.36698811496958
55.613655,0.0071685873,9.524207,0.25036335,13.675506,236.45699,109.03576,64.42877,49.51202490687107
24.384893,9.368534,8.237976,4.4823885,7.326355,237.0098,101.656265,36.126755,32.68594223139761
57.340595,1.6452538,4.810511,6.1078134,1.1268834,232.83289,99.23466,40.042767,51.658057145651746
78.87067,2.3358042,6.7402616,3.185631,12.095435,236.66426,105.846855,50.093014,64.54233533639581
31.40646,2.6347344,4.3498416,7.724077,4.990964,234.01329,93.21884,44.34957,34.99393408590927
67.55571,0.37820137,5.587234,9.71477,1.1384301,221.74754,97.62676,35.266758,56.79343195527647
74.47393,1.2305212,0.58046335,9.434274,12.26984,235.24088,99.325485,41.51001,61.69162568013116
76.62209,9.8635,6.9626346,2.6598253,8.243798,223.58719,95.96917,69.01715,64.22443640151072
77.60814,3.1521673,0.52824646,2.2633827,10.592951,224.7322,97.42571,43.87707,62.313697155705704
51.28758,1.1530108,8.17085,9.574905,13.805657,227.893,91.5621,46.75656,48.32461559317351
78.63847,1.0699126,8.24947,4.5862846,8.576433,226.29134,93.95967,30.256058,64.15936009198441
65.438614,7.1945996,2.3707728,2.0829773,8.044717,226.43303,96.70994,58.776596,56.1484513513298
29.700287,8.545687,3.2366278,7.0699697,5.0692697,223.3852,105.91781,46.542004,33.60607862159245
48.614006,2.569523,4.8131037,2.8442032,5.2727137,225.87743,93.64995,34.125603,45.545582895939226
63.09987,0.20909512,5.966629,2.6724699,12.151589,220.39325,96.93281,68.74227,54.82316453291291
34.84042,2.2309003,2.8735366,8.79249,7.2864094,229.45822,91.29841,61.09733,37.444425596492806
58.436913,0.56515694,5.924864,1.6247915,3.289367,235.37183,101.14209,59.046005,50.93156855973721
59.99603,1.0339494,2.9778707,0.6439295,2.3234026,237.24495,102.22502,68.314896,51.97594384411359
29.761984,4.315081,0.5549072,2.6918645,7.6208816,236.40857,107.310326,46.299202,34.20392166693122
53.905117,2.2991836,0.025275499,6.069454,7.5093703,228.32915,106.38232,58.74134,47.69992668296256
66.297615,5.1594586,1.0115106,1.2308786,10.148416,234.60854,95.70756,38.248318,56.60994248845641
49.93374,2.5349376,7.922507,4.7159467,7.5949445,225.75781,92.739075,57.884823,47.45641906133954
20.726187,9.405373,9.614313,6.273371,3.0086598,221.11125,93.121666,30.563164,30.659825590165696
20.542309,9.05944,4.269662,8.48737,8.109241,233.51942,109.37928,35.052216,29.608226209481646
41.42176,5.6680613,5.1268396,2.2986958,13.695051,232.97592,103.464516,47.010357,43.292951676559724
75.57165,3.54424,1.4684817,8.173463,3.2321799,236.0326,90.85142,30.483707,62.07246880866957
33.720608,3.8114688,5.5103135,2.3490627,10.656565,232.32213,92.73559,48.478634,37.87291789123303
58.06182,4.1185226,1.446549,6.7676654,9.31403,223.13783,99.716,50.91167,51.33387131220694
33.32455,7.275793,6.1121435,4.3067355,11.4802,237.06325,94.15658,54.864265,37.710782440314894
39.300198,4.51639,9.332586,1.1468124,3.108404,232.54506,106.07318,34.01547,40.532290383524426
70.88252,8.5673,1.9569854,7.1426344,14.182475,236.15219,101.46434,37.240475,60.726222216785075
63.731686,9.440948,7.645637,2.1776261,9.69353,235.48215,102.25265,54.531334,56.05533017242012
25.723957,3.3594615,0.23502423,1.7662343,12.858996,225.95729,99.25651,56.327507,31.206149689347015
45.722122,5.606945,3.7549725,3.5832293,4.4524946,221.49106,95.121254,31.036009,44.04200605853087
21.750185,0.9505654,1.107485,6.5329022,11.351781,223.53009,101.78807,51.614693,28.688662491115046
48.85341,2.0046904,3.5247545,2.3399649,11.93443,221.85725,104.3394,61.39927,46.19761270973814
59.74604,4.134658,1.7353692,1.8366154,6.5640936,224.86826,97.41896,32.764034,51.738540189037224
27.110157,2.0620272,3.7330499,0.099536255,6.3753486,229.19064,100.09887,46.526917,32.7120514780971
37.333096,8.765605,4.175228,4.716431,10.209147,238.13622,106.79368,43.06045,40.50990092618418
43.870197,1.5828626,3.005911,4.2864556,2.3077075,237.44037,92.97363,66.54662,42.312643999622935
75.17186,4.556608,6.5662193,2.3386774,11.2987385,234.372,100.90449,37.432095,62.68867461830498
79.5953,6.0569925,9.18852,0.5365216,1.6004146,220.48225,96.968254,42.734417,64.14182010584743
22.694677,6.918639,4.005954,4.2925587,3.6682642,226.82779,104.05589,65.93779,30.30646177736223
65.66048,3.8306937,1.9234315,7.882051,10.298013,233.64697,90.376205,43.22613,55.82039951401787
42.303444,8.69099,2.7072275,7.1528215,2.3765314,222.58058,103.40947,51.2539,41.48811675092653
43.547493,5.6831913,8.540009,8.607949,14.605789,236.02176,92.05795,31.321413,45.04830027316512
65.2559,4.3950777,5.7163973,0.09582688,13.157547,238.29147,91.29536,69.396095,56.591762702587474
75.10558,0.6724063,4.5501103,9.664193,9.768232,227.08209,104.49247,62.997868,61.09033234813048
77.05572,4.6468945,1.4963672,3.4141226,12.4668045,234.11687,102.80685,55.376038,63.53225029546597
54.627354,8.207358,4.497273,9.903978,13.426121,222.96408,107.89872,32.43021,49.43704429183912
41.42727,6.14541,2.78492,2.5261946,4.632659,233.81633,100.3931,32.994797,42.597305381362645
67.252945,8.321625,9.431631,4.715364,12.891762,220.42911,100.60049,51.798946,59.05192516271229
35.06008,4.940117,8.840701,3.5392768,3.727113,223.01543,104.14036,41.402576,37.08660091633741
53.84444,1.184617,0.83902544,3.5576072,6.786792,234.19763,96.46795,54.91158,47.3781196326766
41.51471,0.13639846,5.166535,8.422821,8.815635,234.237,90.73825,53.9277,41.18284930406185
59.397865,3.0321956,2.2505834,7.4641895,10.994473,232.82326,94.600914,63.546055,51.98557646016044
34.423935,6.9799047,4.107771,9.9215145,1.4219785,229.54729,94.76027,41.25508,37.69467765569849
31.495577,7.902599,8.76848,6.1351466,5.067132,233.49817,96.71318,53.11454,36.935556043752634
75.094345,2.9575284,5.275145,4.632566,9.519267,235.47601,108.869255,61.094532,62.278189579759385
26.108221,4.956539,3.3421528,0.90073866,6.0031614,239.32964,106.096855,49.63092,32.412945494579226
50.357475,4.2111893,2.0788836,9.965614,11.85035,237.77283,108.719124,63.225746,48.251887694742805
33.251167,4.105228,8.003248,5.5153065,10.12313,235.89069,109.97219,35.25105,38.050161537793926
22.335798,2.313487,6.24518,7.0047746,4.2816205,233.89516,98.67558,59.35591,30.31393460535067
22.161129,1.363711,4.6806545,4.067424,3.0430057,231.48311,94.541466,67.719284,30.05404159668437
30.513306,1.9668856,2.1748435,5.477157,9.806658,222.41217,101.20008,43.275333,33.96398754149703
72.00622,0.55332386,3.3424637,9.425777,7.3065424,223.31114,107.62269,44.653458,59.62286097128238
36.948723,1.9813074,9.598434,1.6641943,3.3653986,236.4056,99.31464,33.341988,38.851720831777016
77.02755,0.09200898,5.2008996,2.9237258,5.5692387,236.06625,100.10799,55.65971,62.37502091287812
54.89734,6.272584,4.006993,1.5205972,5.2426543,232.28918,92.68878,52.09803,49.84453140387631
46.19685,3.163754,5.2142205,7.922159,2.5138476,228.77681,98.40911,31.61383,43.15634815494804
54.80533,9.731447,7.789885,0.6204526,8.656726,220.52066,97.7399,60.08848,51.18457159313179
51.001904,1.9371705,3.4010894,0.8163165,11.691081,226.54353,97.03377,63.17138,46.34837837870433
65.52657,3.4582858,1.7870612,2.9849412,9.056537,228.4128,107.74597,66.28478,55.358410405728584
36.949764,3.5784116,5.8493614,5.141882,12.568079,229.71632,91.18603,51.829365,39.31822804257556
41.183025,0.08451496,6.652041,4.062748,2.7859597,238.58649,109.44295,48.103203,39.555995422697926
73.64566,8.392079,7.12718,0.4481631,7.098566,222.1742,90.16494,65.04549,61.183904504065026
76.78739,0.3199446,8.819876,9.574916,9.531812,230.37733,108.91188,45.947872,62.50201415042019
73.5535,9.401798,3.7117412,9.528695,10.464022,227.35844,100.96095,56.217724,61.48861908732697
45.166878,8.920744,0.753549,2.7935631,10.741009,239.80196,104.048904,54.61449,44.16694388923153
66.82193,5.3552194,9.583486,7.315256,11.205516,237.23727,93.74266,44.886444,57.88317068156404
48.580143,5.4359555,4.350119,5.785754,10.120017,228.77571,103.08423,33.475597,46.4467118567369
49.85239,6.5377793,6.232575,2.374767,2.3191934,239.99391,107.63915,30.85662,47.13001570054547
32.280807,3.8705,6.663053,2.6217155,10.73428,230.28127,92.789604,47.12951,35.92329842280072
55.46782,6.472223,5.465137,4.911532,11.146957,223.34236,92.54163,49.248062,50.58605113520567
31.168154,0.4476839,2.0525753,4.1923695,14.908719,231.1175,96.07956,62.90713,34.721201544673626
39.893883,0.54047626,7.5514307,2.9122932,10.707074,224.52411,93.23452,46.576466,40.690953771623754
71.30181,4.5723042,8.037519,8.075116,10.615625,232.72626,92.21291,41.246395,60.33286389054851
32.42455,5.496223,5.529756,4.814629,8.207386,238.74881,103.56638,48.48386,38.3025382675187
24.269497,8.878177,4.8856115,6.5484805,13.150921,235.72397,94.276535,39.51962,33.36522796321185
24.140455,1.0466063,1.1393819,1.892735,14.955687,225.46327,103.3403,33.654423,30.88865804074545
76.447075,8.22648,0.83951664,5.335077,11.906629,225.93718,107.23859,34.52172,62.96030425072249
50.415226,2.1004734,3.3956485,3.1797605,9.575006,221.38576,103.0405,42.76618,45.45886107538372
44.564724,3.9408364,3.1084616,5.2641363,2.1053677,225.71736,92.387344,30.507057,43.33566696320511
68.65272,3.1660244,9.536565,7.8082585,11.174348,221.8525,101.47155,38.808132,57.93891627690028
70.14956,4.0015526,7.8362274,7.689132,10.919862,229.98897,97.872574,61.500927,59.658903213497815
39.93146,1.5049549,6.599243,3.5422068,11.857954,234.16695,96.86742,39.38469,40.69082471499865
61.617085,5.035701,5.176481,6.942771,2.7437754,235.02362,96.37063,34.42918,53.56310478494399
66.26737,8.016426,1.6736753,9.4129,10.152255,221.19058,108.588646,67.96322,56.40119153947183
59.27904,4.41534,9.784567,6.2566934,5.140135,226.79912,104.85015,54.898804,52.68572093545259
29.095705,4.9061356,3.750407,1.4841012,11.643798,225.76343,92.67698,32.40104,34.630847345057596
72.552986,8.487676,1.0692561,6.7970862,4.3652353,222.08601,99.52011,32.489758,59.595942756067394
52.345673,7.060581,4.9379888,1.0490439,10.575702,227.24942,96.36446,54.484886,48.095356648251155
36.948345,4.904544,8.73998,8.721104,5.1299014,225.9864,109.55877,51.605152,40.36726989934293
45.51369,2.5769565,8.87291,5.166605,1.12592,232.68999,109.56058,32.73499,43.93743613740873
22.254265,8.849267,0.10965916,3.8514073,9.867011,237.66605,96.390686,38.97262,30.261090806654906
27.672009,5.770204,8.862957,0.570066,2.5857673,229.09683,97.04226,67.16172,33.610061367033616
65.93281,2.211476,2.714842,3.8078372,10.230081,234.9333,101.98828,52.880432,55.9091057527637
20.000698,2.6911976,0.38972363,9.032066,13.958532,222.92021,99.58614,47.613014,28.33601518927994
44.99395,8.031331,8.477902,0.20982996,14.569443,237.89932,94.26202,40.006218,46.06272262322288
51.350613,0.44145563,8.638667,4.7464814,4.302923,223.0519,103.208244,35.347923,47.182779137239805
23.278065,9.920922,5.962311,9.311581,12.329545,223.84203,96.68257,46.105267,33.03826719829175
78.38469,1.3035167,5.7443376,3.94841,5.9497457,222.12927,103.07433,66.89466,63.82583935493069
33.56752,7.9606853,8.131203,4.281757,13.606399,226.19359,97.67363,31.948456,37.62479535346852
38.251923,3.9477532,7.8630958,5.7856007,12.024854,231.0482,104.004196,69.63915,40.42186501033483
38.23655,4.922162,8.901054,4.6293736,2.034904,239.75989,103.35599,38.312508,40.44132454906724
33.825,8.806506,5.5274744,1.6860169,6.699918,235.86736,100.176254,46.350693,37.85483629527771
20.088428,4.129112,9.676471,0.18555538,5.72245,227.60872,104.0948,31.802052,29.22625760669427
63.76069,5.3749375,9.961469,6.0981164,11.992535,231.51692,99.219315,53.39129,55.27686888153259
78.01073,0.49299663,1.165446,9.208066,6.744,232.46616,92.32277,49.34221,63.258633482271385
33.457607,0.023474738,8.495438,1.0636413,10.584237,236.45454,93.64213,56.66828,35.51394505720297
59.782833,2.4479988,4.9982224,2.109527,9.434093,234.72903,94.91986,51.707127,52.09414868479313
64.51378,6.805831,3.8756633,3.7022948,14.658942,231.38582,91.26458,45.927113,56.044744202899096
70.905525,1.212649,6.130723,8.087422,14.128989,233.38367,104.22762,59.51027,59.5788287443557
45.35775,1.1376196,0.55965555,2.692603,6.987793,234.91835,97.3478,31.000845,42.618937245466476
38.175854,4.1096063,5.064611,8.820544,11.130095,222.66289,91.87047,51.64116,39.35751745485349
39.517708,6.47837,8.708906,0.5495787,12.612441,224.00911,106.39916,34.55505,42.25093673966941
62.75728,7.12072,2.1346152,9.409566,13.5844,233.77168,103.67309,47.440334,55.08798017609915
69.00677,1.7845068,4.263899,5.607471,1.9538797,237.00851,99.04449,61.64501,57.871700077127365
30.896837,0.79588145,9.394809,6.5877767,5.229103,228.18524,94.94851,35.69843,34.160605112363434
42.256462,9.403971,4.2856383,3.6768951,5.4832206,239.59781,93.03492,67.43241,43.08353242557578
74.11641,2.606664,3.5836763,7.819943,7.0822434,224.32144,99.16748,65.540184,60.74278960067305
68.40161,8.533465,4.4053664,1.6656625,3.3697064,228.33398,107.70492,46.596203,57.51819605559192
79.09151,8.634914,5.1945276,0.48911825,7.9468822,227.57047,93.76791,30.238993,65.05080179786957
65.2549,7.725226,6.3199134,3.9551694,10.285001,238.60591,101.373184,61.589794,56.43241454728134
43.591713,1.688336,8.006928,8.536957,7.9630947,225.70757,109.23372,65.23583,42.95725815394292
55.43827,8.218015,4.521022,7.5492682,10.321103,229.41582,102.74233,36.989525,50.7172416331588
59.660854,7.6925054,8.174809,5.17156,1.9301828,223.74467,98.79929,66.64769,52.744893872093314
24.70735,5.96723,5.337207,5.7213774,13.263823,230.42532,104.32746,66.56389,33.06286800588551
52.66982,3.3720202,3.3848052,1.2989283,14.146969,237.14809,106.49156,48.851635,49.24637711734859
62.55925,2.625086,6.5795083,8.406816,9.650704,226.0808,101.810326,61.92139,54.2374839935971
30.039278,1.2188921,7.1772227,7.869597,13.339474,236.21584,107.436646,47.79792,34.63069244552942
66.837906,5.097571,5.5804896,6.564704,2.8402443,238.22623,100.29183,52.56185,57.777786443908596
55.026367,5.8526087,0.5661497,4.6619105,12.164285,221.45915,106.60058,42.79356,48.67698401883186
77.13331,3.59339,1.6988287,9.644592,2.6680746,235.1285,109.04038,36.378773,62.77142701824504
22.545338,4.7535906,2.8529773,8.790319,6.7121434,225.10687,100.02487,59.86146,29.207111951791017
35.919567,3.6351445,2.826256,6.444305,5.5334597,223.50655,102.10004,30.055714,38.265980433232976
56.09323,6.4100604,6.734208,3.71801,9.198285,232.02245,102.189354,53.182106,51.8552004225539
37.793594,9.012592,0.18348661,6.180223,5.2212033,234.11205,105.6287,64.58744,37.88112260635586
62.865448,1.6392026,7.556818,5.7544093,9.922391,227.89522,106.45932,38.851093,54.70303057525505
65.54031,3.814088,2.6534247,3.9424198,6.143422,220.78348,90.544586,43.31598,55.6533999977268
26.150957,1.408686,3.1002185,3.0667398,13.051065,238.17409,104.66719,53.499435,33.059923349838975
50.83127,6.249438,5.2790985,4.070108,9.874373,234.61494,105.67631,39.87481,48.347527399116444
50.533432,7.288705,2.159256,5.7391143,4.0141764,225.43333,104.00859,63.899475,46.17908323119432
42.156845,9.319127,8.844713,4.281348,5.705812,229.93727,104.27391,44.664127,43.12958225951217
75.975494,2.7887192,0.8536878,2.6357448,12.863893,220.55586,90.82806,53.26455,62.674983894956135
69.65038,9.502112,4.443824,7.609633,6.4107165,226.78566,98.840775,39.044846,58.531106366408515
61.83256,0.6326267,8.494223,5.314675,8.501187,230.4507,106.363594,31.655453,53.75457008940237
62.859596,6.0301385,6.158439,0.6767516,10.085187,230.34447,108.680145,36.94801,55.90467569313507
47.70297,0.5713272,2.9232953,3.683165,5.869335,224.1637,94.589355,31.847958,43.93785008521524
75.259674,8.937742,4.207602,8.849134,5.1157007,235.53494,101.5839,48.744156,61.81397552882006
61.675724,5.2980905,7.0669436,7.5523653,7.6535687,225.97725,106.0866,53.465496,53.543760853817105
63.738865,6.6934834,9.732608,3.232468,4.0083337,231.6082,105.04815,31.787008,56.087491241790374
71.701454,8.31574,8.931387,9.381831,4.978948,225.43045,102.3778,33.61929,60.02404620768781
36.444294,1.5031062,3.424328,0.76602906,1.8690988,228.50336,90.373825,49.421,37.57822050491121
68.424255,0.3859156,9.981978,9.612347,5.255584,224.1503,104.477715,61.967197,57.566915024652275
31.714436,8.788812,0.035046637,2.457051,5.489857,232.66016,105.46485,55.12037,34.89327181447394
40.720516,3.1493323,0.27629757,0.0909418,14.465664,228.51169,104.45699,34.188408,40.612196651463314
40.136627,1.2897891,8.238405,4.3380804,9.256204,220.32234,105.316185,65.50169,40.51344724831267
78.711525,4.6846123,1.9946269,3.5897043,12.023354,220.5633,98.6183,66.698006,63.85120701082913
71.392235,5.983061,0.60769266,5.39089,1.6352816,229.42268,109.875046,42.998272,58.72186483448118
62.07019,0.30970603,2.3714807,7.9677286,2.4915137,223.66452,105.41574,54.640713,53.28694834132708
63.623405,2.7489567,4.2610016,8.424308,12.403518,231.70084,101.5736,49.693085,55.45527774163875
53.72437,0.32799876,7.3056626,4.0123,9.729693,228.16383,108.68382,67.680954,49.54154600946462
76.82544,4.203354,6.2433553,4.2984576,3.6737485,233.0884,108.16396,50.34994,63.133665404455535
49.775524,8.951,2.3762121,1.4817773,6.6671357,239.0479,106.29134,68.398636,46.85505812074793
42.831062,9.826524,5.0327044,0.4754761,8.541415,230.57472,101.273895,37.9737,44.63709631447578
29.78212,6.370476,9.262141,6.41215,12.810537,235.74757,100.54202,43.821472,36.25619703764885
67.17234,1.616377,8.150078,0.6443763,1.8457679,235.06082,96.57416,61.25381,56.16313545874571
64.066635,9.058494,3.2318978,7.338301,9.354112,238.43582,95.01756,61.34443,57.39340464423981
43.061302,5.1624784,9.822645,5.3909016,11.038503,224.28035,100.24719,59.28733,43.157597340345205
21.511604,1.5374931,7.086204,1.9858298,14.690486,236.54654,101.55563,64.38446,29.96911266785189
70.339836,9.217267,0.62449354,5.3952293,12.300241,238.11041,94.890526,58.10185,59.21253280266011
20.68508,7.5746903,0.35160714,1.8299772,4.8671823,227.85526,108.45203,55.443405,28.380753002623546
62.22199,7.317053,1.6840795,4.387372,10.934109,226.27632,101.14548,48.357002,54.67278865296487
78.21542,7.091807,7.2785587,7.995603,11.68589,239.04073,100.530106,48.68351,63.971579191352745
46.259678,2.0033982,1.8373892,4.619193,11.216297,232.55266,98.71277,46.24646,44.865850506161685
34.098404,2.110067,5.1148677,1.4869932,12.482017,227.61353,91.16142,54.80847,37.112528952220686
62.29226,6.88293,0.9326012,7.238287,13.65222,235.83655,107.648026,46.266556,54.39330634879052
69.02769,2.1972275,9.208861,1.8676841,2.3780181,226.08948,96.33988,35.899773,58.60201327207381
52.78582,4.386717,3.4396062,7.3854985,2.466694,223.52815,102.849205,34.261185,47.85730521902096
78.02212,7.8200183,9.081321,4.793523,12.1496,230.8794,102.148674,66.97889,65.52602027052221
23.100122,7.839525,9.448756,4.5374174,4.5332146,231.32423,101.689735,30.989555,31.68863587069082
50.287735,4.5326176,0.06128647,8.51435,1.81958,236.51492,100.514244,34.21869,46.25085320923244
63.107235,7.9218993,4.6413517,7.0860353,6.6172085,229.14055,93.6288,47.812195,55.944453461898
71.75843,8.386218,0.24656056,0.32910797,12.478277,236.29173,95.612114,40.51705,58.78798522384406
30.755337,6.5477576,9.086927,2.961743,2.7719104,226.22646,100.483765,46.233955,36.12340524982097
68.000206,2.2842586,5.1840754,8.709207,10.405787,231.50737,105.78685,34.697895,58.54333838478956
53.162426,2.7401178,0.74944013,0.18326169,1.0506221,224.16945,98.63978,35.23628,47.47895189764308
43.79322,3.1484115,1.1027672,5.4525347,2.5363243,227.70892,94.07845,62.026318,41.687476666975456
27.902903,1.1680411,3.8350902,7.278257,5.911905,237.15079,91.75889,60.36435,32.66065872550847
71.91775,2.7315962,9.402342,6.2185607,2.1704319,224.31976,103.26022,34.170116,60.697981397542165
29.436392,2.0951922,6.9290915,7.605322,12.842624,236.20479,98.4668,56.711617,34.61309493922073
38.587273,4.5532875,8.676188,7.2569184,13.096987,225.65744,92.507416,54.37245,41.6169052295265
37.402733,9.084375,3.6645665,6.920307,11.57799,220.68979,103.489334,58.534508,39.96337116282529
72.28484,1.0448031,0.43213698,8.215399,4.394715,222.19868,94.15157,48.977955,59.75000048904201
60.36218,7.202679,9.743176,6.456907,8.3254595,234.91759,100.18032,40.799473,54.28391516541062
67.80088,6.87283,0.1717299,4.024185,3.5786393,225.24142,96.12376,56.547165,55.42669605522634
35.028072,0.957542,9.476517,4.719091,4.937898,233.08292,108.633804,44.854298,37.40034303086935
57.492447,9.225724,3.6867743,7.167248,8.224074,233.98398,94.56576,38.758118,51.367089068631195
54.30476,5.684722,0.10090405,8.763061,11.290194,226.90237,98.39837,46.34516,50.14195494311139
69.969826,3.6372552,6.8915725,2.722188,2.3251612,229.49838,109.18987,60.530792,58.82318144768299
74.36523,7.565386,9.805403,3.420768,5.1537538,228.07535,96.374504,49.031727,62.70905695748782
20.729406,2.5736547,9.656258,9.307394,13.972699,238.94698,102.89186,41.99457,30.721157309513
60.441196,6.935098,1.6093701,5.785118,7.0077267,226.39897,96.33454,63.274746,52.460914251050724
23.110147,0.39711207,1.8124781,1.7896181,14.144176,223.66646,92.2135,65.26575,30.09905006516373
52.93152,8.39408,5.6553893,6.6369514,14.879607,227.31186,102.55094,47.330017,49.94475753527852
37.257965,4.4817085,6.3730483,9.907621,8.373238,233.39032,108.32063,44.987522,40.65280012360358
38.406597,6.366929,7.3941793,8.234535,5.032616,233.94725,99.05129,54.507957,39.932137219197514
41.17751,2.2123783,1.8105036,7.4574113,12.070875,238.48114,102.52353,32.318977,41.392413370875246
57.277546,6.770737,9.590071,2.0804665,3.2303503,237.63509,102.17797,57.652927,51.91392162798568
40.043,7.7224026,6.3873925,8.761398,4.528656,225.7664,98.301796,61.291504,40.86610665457473
63.961945,4.732132,8.470469,5.2578883,11.988318,229.10327,102.297935,45.89768,55.37128927154924
44.271645,6.1772695,5.400657,8.8929,7.071043,234.94537,95.18636,36.984634,42.703185872800084
24.101192,4.563259,4.1427684,3.2982783,3.821531,238.33075,97.56076,31.152735,30.531096500196114
67.02559,8.940914,9.771829,0.6205105,10.115761,226.7433,98.846375,55.489822,59.09431634455861
37.1455,4.9786916,5.8212137,4.75976,11.258666,228.88882,107.280174,40.759735,39.71471077585227
45.96601,8.418087,8.6687355,2.698376,2.7509973,237.98956,96.96666,48.555584,45.82313895920006
61.126633,8.01352,9.532924,7.1522927,4.8777237,227.16968,102.70274,45.45422,54.036460429186235
39.94737,4.105048,6.753546,9.571066,4.0978746,229.61026,94.268074,36.99539,40.76786794402809
23.39514,2.300845,5.4893866,6.9097414,6.317965,238.09009,95.05139,50.334747,31.736304958897268
42.435265,4.0608215,0.03510851,8.869339,11.688229,236.04486,102.968575,48.38374,42.70337293747729
76.666916,8.262174,0.4001964,4.53024,10.991914,224.86862,105.2462,54.965904,62.8857710418236
58.504063,2.2763255,2.0085123,7.7164073,10.275334,226.4959,99.24234,40.0754,51.6176488018751
60.28875,5.2443633,1.8600843,8.430434,1.0879977,227.05917,96.701996,38.585564,52.29424443821913
57.936928,8.060967,2.5475879,7.108756,2.9900064,238.25478,108.20543,62.573803,51.81725419297151
31.939528,3.5347748,3.0493464,5.077773,4.126166,239.97867,92.716156,58.08769,35.822750535215775
45.100033,6.4220963,3.6006548,6.2586613,4.8073816,235.48009,104.41428,60.88826,43.86077891743023
65.05639,2.4563158,4.205377,7.0050697,3.0499716,229.68652,103.80341,34.93159,55.794283275721966
26.082375,1.0927944,0.9886634,2.530844,6.7444177,220.20348,103.8049,38.961586,30.57069648503634
36.671165,7.9438424,0.42361933,8.095793,2.0525281,233.94977,108.70841,53.02126,38.61535427909905
36.579147,0.98968625,6.7394443,9.503245,11.500311,227.78722,104.563805,64.288055,38.46643482496759
45.921135,2.713814,5.373348,4.6523933,12.028091,232.65973,96.0313,65.684586,44.18403373459645
78.82212,8.551094,4.441442,7.0106716,9.039734,232.13388,97.068184,63.276398,64.71312417660674
24.050154,3.4646928,6.3443995,7.3702593,2.2558682,229.61664,97.82222,31.735918,30.535441268422144
51.12206,9.7304535,8.276794,6.6224756,13.461164,238.88774,90.61617,62.835167,49.51410537923228
30.76188,9.797343,4.276929,5.471151,14.518902,220.46292,108.2702,65.963646,35.98400260389229
78.24059,2.6827602,6.411195,8.81648,3.8330898,234.24265,91.471054,32.269962,63.402077130498505
26.79821,0.40978223,9.535722,4.489267,10.864958,228.1968,103.99589,46.651237,32.329276299580926
44.21606,7.050633,8.396245,0.61102957,12.787141,234.2758,104.60322,51.464413,44.88190520571146
64.2731,4.509865,4.2600083,8.445563,8.557809,233.5044,106.8743,39.310017,56.08114821735739
62.273266,1.0075284,6.4471684,6.739813,5.5265236,220.20476,101.067245,50.667427,53.055510312690764
45.36372,7.075228,1.7707093,8.492586,7.699822,225.70677,104.50529,65.43823,43.99994254649851
40.79145,0.3117491,5.6052217,1.3854744,8.171762,223.78183,96.05446,64.677704,40.42639975227712
43.856743,8.701967,9.813283,0.30752942,6.6089187,223.33972,104.91168,67.59349,44.471775582860474
35.856575,1.3865253,5.1831512,9.343745,14.017795,234.56953,96.86832,49.36439,38.65633707024859
32.319977,1.2731187,9.276383,1.477283,11.414364,224.79103,108.05677,46.422676,35.75524673385652
48.982384,1.7567229,4.073349,8.096523,4.378223,229.49475,93.26764,56.63151,45.10114181003269
36.112026,9.602664,9.988448,8.2321,9.197801,224.93977,96.31515,46.67042,40.073238567948884
37.2477,6.9316936,5.7922006,7.087052,10.641648,231.60468,99.97539,31.677784,40.849449137569316
59.405365,8.013716,0.42268994,1.3126221,2.96219,234.41147,105.51701,58.79686,51.548355437912875
78.11224,3.9763498,5.867548,6.6739864,6.0179605,226.62149,104.97598,41.239357,63.246743447775636
56.21823,3.3631272,2.745727,8.890866,13.677676,232.06041,94.21434,31.963413,50.850638808016086
24.618769,2.34484,0.32481322,4.2553163,8.940423,236.4971,92.88471,30.824842,30.992976570610878
24.535017,4.8064804,8.208533,4.1351686,4.0379686,221.88449,96.07939,67.25445,31.210402154883077
77.085396,5.518287,2.7572963,4.428583,2.7189872,234.21341,99.67508,40.083042,62.04074189594771
37.83745,6.3177485,7.9654856,0.8227189,8.255177,226.4629,100.7801,47.915966,40.099331326329064
25.52402,2.571185,2.882176,8.920256,8.6676,222.453,98.58275,68.023056,31.776131627974607
55.942677,9.486541,1.9432635,8.691829,5.6818023,230.91309,103.2618,48.70068,49.80578585805352
57.418926,1.697585,9.739356,9.979094,9.825825,224.52525,98.55118,33.144375,50.84068780834694
58.91029,9.656531,3.6164532,5.8518314,1.9615856,236.42723,108.92658,52.077442,51.85319922876309
36.04412,0.14856122,6.013762,7.511916,3.0319557,220.85793,95.219376,33.527946,36.245509695356496
20.906641,4.811257,6.099815,2.026719,8.647834,221.97305,102.54744,33.803516,29.06705848845642
77.900925,3.3336785,5.604735,6.675288,1.8654197,230.41992,102.22756,64.05908,63.022004209219894
35.05358,4.4912343,9.146957,6.4973283,13.332723,231.77884,95.63149,41.576862,38.36010146288109
60.561577,5.706646,6.7444105,9.012088,2.9900491,234.59773,98.23375,57.14681,53.39336905876759
62.397793,4.3558917,4.03733,8.307927,10.434878,225.18521,97.30947,50.35697,53.99784347599737
56.600445,4.1484685,8.623804,9.384665,6.476848,236.8352,93.44998,38.893066,51.02785792263939
38.774445,7.3272343,1.810629,8.688334,6.5970283,239.06285,99.545906,50.71281,40.47646965142137
36.265774,6.8587627,5.4423676,8.686939,11.708453,229.98079,97.733246,32.759743,39.272469978458886
55.860096,8.332713,9.505504,0.63723326,7.99247,235.21063,93.566345,43.888493,51.65334515928764
71.96574,2.49959,6.2539763,8.4596195,11.159177,230.49696,98.997604,50.91345,60.90317071400748
76.80402,6.095285,8.169684,6.074784,8.072678,221.38934,98.43688,39.135773,62.95306206690244
26.35435,5.851948,6.5356073,3.8044446,9.300674,226.52223,92.62731,56.407524,34.02486345458556
29.289717,3.6973782,8.393708,0.56514627,11.650004,221.74974,92.62375,32.072475,34.722725802283136
76.68417,4.860575,9.444879,6.7767377,9.502322,239.77759,102.95015,49.392395,63.49024220734714
64.192116,3.1378214,2.7292173,3.2820175,9.618611,224.58052,104.131615,58.59983,54.71135448825633
72.97963,1.4184439,1.6966108,4.6777625,12.049074,232.718,108.82361,47.19784,60.40420629517474
32.15796,2.1380122,4.8399076,6.8172846,14.287215,225.6869,91.7401,64.98346,36.953621534976755
55.255154,1.0551364,7.0186243,9.117745,6.274026,233.06493,92.35723,55.287712,50.03827720237706
62.068375,6.8306956,2.2719126,8.254369,9.07964,224.20804,91.03636,68.339714,54.142957517553675
60.806713,6.607274,0.041014504,4.5059714,2.2078242,235.7054,100.64457,41.364872,52.776721801015874
44.4891,9.506063,3.429351,3.8778315,6.0232544,222.21623,102.45493,67.551575,42.67023804293415
20.923693,7.296784,9.688593,2.3977973,6.768689,237.90302,98.07047,54.272903,30.875298821893587
54.975563,0.5204584,6.9496746,3.7242675,12.693322,236.80844,105.958046,59.807156,50.02950094710431
35.186092,8.842452,4.0132546,1.1104639,8.187493,233.57614,103.733986,66.08644,38.8933576108923
47.015255,8.626752,1.925761,9.711055,11.234929,221.3483,109.71681,52.047886,44.26093867696305
77.454865,4.433203,3.5608966,5.7391744,1.2661036,224.17139,92.7579,64.48723,61.987384614709995
43.94212,5.8586307,1.6983943,1.2780584,7.5028973,237.18723,91.16631,51.667877,43.214135169001864
70.3881,9.760783,1.0630583,3.5280602,13.618447,222.43948,95.49607,53.967957,59.76918562641192
31.312437,5.323044,9.067424,5.4703913,4.1403947,223.11864,90.381004,47.803944,36.73850855318175
60.34763,9.053218,9.976503,5.3288565,1.4413106,230.88007,108.65223,35.825542,53.52522684202166
78.620415,0.8303876,1.6411444,0.3550337,7.0677223,225.48355,96.07903,52.14013,62.34951461081225
26.113586,1.9105186,0.54522556,9.50841,10.862045,224.44151,101.04861,69.09793,32.2394899867398
20.499197,4.4075494,3.297311,2.7537568,7.362489,231.51627,96.36139,61.48744,30.45522697312818
46.01497,5.847568,4.616592,0.16184668,7.4396963,227.45154,94.916176,59.89994,45.219547027600946
25.55753,8.162278,2.0482125,0.7644401,10.377271,222.8112,93.047295,55.732353,31.854987846528584
64.90306,9.882621,3.014249,5.801949,4.5614433,230.69708,96.40732,43.916348,57.360406809037215
74.87292,3.888515,2.0087073,1.3778552,11.526457,227.74025,102.30838,36.784607,62.04176494096545
46.04126,0.47415635,7.7426057,0.41724792,3.1435895,234.69034,109.43243,38.982063,43.26034018768417
35.522697,8.011715,7.1257796,3.7962646,6.5405083,222.05511,101.16184,30.252884,39.71569960240326
46.064198,6.043807,6.349515,6.227612,10.1841135,232.41226,100.65418,56.939217,44.91672077409882
63.406868,1.9854286,3.8721786,1.1183981,12.597166,228.72987,90.70526,62.4751,54.628442806415954
20.54325,4.9482846,9.090409,3.1332784,12.081435,228.12123,106.80198,40.756454,30.48948457303766
55.36724,7.4231024,9.695326,4.1776066,11.103599,224.64575,90.89683,33.674015,51.404952198305295
56.7975,7.704118,1.7363931,1.594601,6.0273495,220.60852,108.12465,43.42908,50.32361913044743
58.261295,4.9961843,2.2301264,5.060739,2.7122605,236.95378,100.77344,41.68205,51.43950591085391
34.521324,3.0521452,5.2563105,0.85214084,4.035679,226.5282,93.36933,48.035053,37.620643165780145
62.843163,9.737426,0.9125057,0.46518496,13.107674,233.62183,99.03415,40.564083,53.86794000951646
25.48349,6.633626,4.364484,5.198354,13.002639,238.95175,109.89969,43.58931,33.438104529189125
31.95622,4.082375,5.8179126,2.4789698,14.321852,231.2998,96.101654,66.30219,36.74795121778071
72.6482,2.8046322,5.2207355,0.9537381,2.063841,227.94293,95.3892,43.393414,59.373810214368575
64.32339,7.31103,3.3090858,4.2391257,8.515327,225.36548,92.360115,61.420723,55.266010156816606
20.824734,2.4218345,5.424458,9.151407,10.081563,238.68088,101.94285,55.033348,28.403899522411457
34.902576,1.7170999,9.58801,7.2419243,10.9492035,233.64154,91.78454,43.50152,37.78249103999716
32.864388,5.298339,2.060174,8.156159,10.014085,233.30563,105.32016,62.711533,37.379425131372805
36.24838,2.899874,6.5483136,8.71914,11.780159,228.52316,108.38447,53.803043,39.29765316201699
34.85359,6.2890515,0.43396693,9.726277,6.032602,236.90097,108.63742,30.34475,37.279398270569764
23.751577,1.1793867,0.66416407,7.632466,3.5120587,234.27344,92.158325,32.749126,29.455221854244453
47.53643,6.549411,5.5182824,6.0840793,3.8641672,225.66367,101.16525,60.105583,45.753963188502084
63.96401,2.8329654,1.0493917,3.6542587,1.1677016,231.99158,91.9422,47.86111,54.733266116662186
56.403904,0.0024293445,0.22346789,1.8164324,5.904506,228.60388,101.44032,46.22031,49.90171638643206
60.3723,1.2693605,1.71513,6.8665986,2.2844167,220.1318,106.299614,35.833088,51.02295748940225
24.86895,9.336154,5.648492,9.9495,5.5008416,236.15247,100.755806,36.292744,32.26601855591073
77.08944,8.673547,7.0334096,4.673587,9.794941,222.4566,107.44108,61.9101,64.8274409363724
70.30951,2.3360903,2.0247858,7.2367935,13.522693,230.1991,106.033485,63.160686,58.40656590152214
68.30542,7.783719,6.6825943,4.9509244,12.754477,226.72452,95.53097,52.4001,59.238064147172594
69.37903,6.085716,1.8247633,4.319334,4.537439,226.84178,102.60204,41.80511,56.9865862582675
75.96263,9.709047,6.1345744,4.103056,2.877164,229.5473,90.14824,67.30803,62.8537243114465
52.65524,3.7360566,4.119597,5.046247,3.7030118,239.94046,97.92084,54.958496,48.70871152333754
32.016922,6.814606,6.537995,3.6689565,14.593813,228.16759,94.7592,61.865685,37.30981260102453
57.007015,0.6353572,9.950527,7.4877334,8.692643,223.64659,108.742325,30.131317,50.766551957449565
64.57289,3.9624734,9.37817,8.742721,3.555031,232.27213,98.10778,48.012783,55.16981722311825
64.27505,9.638177,0.042817578,8.828853,12.770446,224.72575,103.08129,64.83797,54.52917923357117
51.28694,5.3898087,8.854387,2.276987,6.5326777,222.11098,104.63963,43.52933,48.137679754286786
24.107523,2.8787951,0.66490793,8.959091,13.58911,221.00348,105.46425,59.062046,31.066420143520578
42.266777,1.2027097,9.530466,3.4155123,4.64948,220.45763,104.71551,56.30699,41.42738632374469
75.245995,7.0352836,2.8182569,3.0930767,6.5051045,228.62329,95.7833,36.088734,62.49215011364606
55.066933,6.44856,3.8203483,7.2675605,8.069268,228.53452,103.72135,60.996155,49.290732885368264
52.299915,3.739387,0.9163821,3.0469635,13.496614,223.7109,100.98019,34.501072,47.7029137689789
36.13121,9.509414,1.1227276,0.52966404,13.162604,235.68037,101.94746,59.116566,40.053759192662866
42.106934,0.22202814,7.2674055,3.7361777,9.040971,222.58542,90.01629,69.63873,41.940226808473774
73.720764,3.0372386,9.443322,7.214656,4.104857,238.30635,95.16515,68.31926,61.80567193539419
59.98778,9.210695,6.107485,3.2695842,6.6469975,231.75153,108.61367,62.00967,53.65892278352303
67.243225,3.2093544,7.1585,6.2955904,14.658863,220.55232,95.80152,51.380695,58.05584582285715
47.260727,2.5225284,7.6196976,6.6011944,9.508825,239.25945,98.76031,56.992985,45.98732418636822
57.814835,5.342204,2.6281428,7.33736,11.935369,226.15883,93.73348,59.124336,50.958688625975526
34.903015,8.238017,0.45229632,8.971305,7.2981057,228.9995,92.77205,30.336061,37.8614707543328
62.32765,1.0314676,0.018727439,4.325645,8.448102,225.68538,94.17338,34.09465,52.74641004546033
45.65608,9.430207,3.5064929,1.6643207,7.0053577,234.56842,101.072945,53.882366,45.21086143385456
46.55273,7.950729,2.4146423,3.1892571,10.840894,229.71361,108.38057,30.261381,44.457064090378424
58.95934,1.8125025,0.62317723,4.3216724,12.920594,222.64746,96.52399,66.356224,52.42428205958601
76.176834,7.1200795,1.795283,7.1389146,8.103089,222.08408,96.46816,49.58651,62.050120522664656
23.840382,3.8495872,1.244989,0.13122125,7.7321444,234.5075,101.282814,40.310684,30.30294403632132
69.4846,4.022947,9.148784,3.1578538,5.7640104,224.74162,97.13486,45.752846,58.29947647012515
37.542988,7.832901,1.4026722,7.7984257,3.4793537,222.75587,108.20832,64.03106,38.3673123146616
46.635166,9.627848,5.376485,6.708577,14.149468,229.98856,97.55696,67.087715,46.36959432958248
21.3148,1.2665588,5.9310594,7.3173995,5.425116,236.05531,99.808846,34.6494,30.013662218274195
38.062763,4.206302,5.4348946,8.118108,12.209681,225.57565,100.667786,61.118423,40.111278584243415
50.157875,4.8094163,0.99056435,7.8323574,11.014858,225.52863,105.64136,53.129086,45.46207366800359
23.370565,3.7631183,3.1879835,6.8218317,12.072846,236.67763,101.27812,53.42011,30.702899121452866
49.465744,3.6318913,0.5127033,4.3966155,14.114754,222.95668,94.783104,61.178085,47.50185717721435
75.62664,0.52268666,3.9566991,9.835983,9.727191,232.33455,92.479744,38.913788,61.87813985721811
26.323593,6.8553863,1.8859893,5.690732,13.571305,239.10027,108.75549,51.2418,33.87772481143798
65.86645,4.362144,5.6163254,2.027692,3.3477626,236.82607,106.03126,42.774105,56.26918691217835
44.580265,1.9479381,6.928084,2.9281285,9.773976,221.2363,90.459305,33.780495,42.878485274973656
59.31042,8.160335,5.3211985,6.9356246,11.811858,226.39822,106.43058,34.20318,53.15095318283949
35.614197,8.025607,4.342367,9.2473955,4.8029757,222.84749,101.81196,35.45886,38.25502142483787
29.569536,4.8639164,3.8733342,1.7872013,11.370553,238.98482,100.377884,54.595993,35.09314900485273
29.627756,2.9845066,8.416918,0.82346493,11.898676,239.71883,90.24458,34.233208,36.63038529668619
24.229517,6.380927,2.1936808,8.8153105,12.636631,224.69986,105.61728,52.804153,31.212464966451417
31.138802,2.8815215,7.3421836,9.15278,5.3803606,233.39398,93.9613,53.531883,35.05413547676367
59.853165,2.3600793,7.5748234,2.7637935,10.542492,236.83264,104.55962,66.15586,53.71910308673234
72.901436,7.3051467,4.192,3.7728572,5.259546,224.6736,90.31737,55.055065,61.04696592325526
68.84754,0.4032524,2.973006,6.60188,11.346565,223.75362,105.92707,69.423515,57.47081321513462
61.10806,0.9476847,4.705415,3.2993002,7.4816313,220.22423,90.46079,31.239704,52.38929841277525
26.625912,0.06788174,0.9321393,8.771587,9.365622,228.23924,94.71786,58.165844,30.934691743392378
37.351246,1.5294318,0.4593003,1.0757871,6.8217597,237.98875,95.36556,31.059202,39.37006883532217
38.588413,0.6899001,1.116032,0.37982222,3.267761,238.05959,93.15017,59.175102,39.551123858341604
34.997417,9.958024,1.8714503,2.084862,3.4924135,222.55486,99.62116,45.43401,37.018087453676195
50.90034,2.8880997,5.041768,2.8608778,2.0859647,224.08705,95.67376,54.452312,46.568445888142726
52.13323,1.4926801,8.491366,1.1292659,9.653017,228.16095,109.86576,42.381523,47.89938598496095
41.41316,2.4099627,2.3564234,0.6569043,12.880938,235.61249,101.59937,36.3642,42.72575963232577
41.22735,9.361256,9.35162,7.556077,1.2917156,232.23703,101.32956,58.940502,41.84577000812828
69.71333,5.2016025,9.549079,1.6427656,1.927353,230.277,94.41739,66.184814,58.64231844868755
67.357574,3.648181,9.5890465,9.139222,7.4045377,231.83864,98.17379,37.343296,57.43553078096853
38.46775,8.733914,8.3756275,3.6799967,11.328091,221.924,92.47956,66.82812,41.38826494104174
74.82731,3.9499028,3.6382504,6.706058,3.207907,229.55327,105.25059,35.607285,61.27834471096824
77.1689,3.3500857,0.7268391,2.2540212,4.8031187,239.84126,96.623184,59.426476,62.75860170097159
39.604553,2.0728252,5.688187,2.4032276,4.248087,221.76892,105.039314,68.37781,39.40361804282284
41.265495,3.7779682,5.5868144,5.7470922,6.586717,230.38493,97.43392,35.894836,42.43717334479195
50.33805,3.1668437,8.499758,5.606429,4.1499815,225.91298,109.77515,47.403603,46.55599555020006
76.46725,6.77304,9.95991,7.687292,5.9363813,230.79826,93.42243,43.4983,64.28023066433772
72.57916,2.895827,5.081573,7.578133,11.199596,231.47638,90.03048,45.53911,62.262650474819935
26.154078,5.7719975,3.4520402,6.7068777,9.55413,231.54945,101.89651,60.12559,32.45264988028915
43.563843,0.65892166,1.8590171,4.491306,2.136544,237.04417,109.05907,56.447556,42.10878185533644
53.20227,1.9128916,0.04799825,8.906404,9.928439,227.79495,102.94108,68.74748,47.889355122724496
50.18795,4.074053,5.091137,6.225785,7.6790805,230.32709,91.71447,37.41918,48.168644054840634
31.631784,9.369493,5.5551867,9.901985,14.083918,220.21857,100.80961,51.730434,36.730143049614654
71.52901,3.7725198,8.249385,8.193698,5.0502605,235.79102,108.189735,47.965046,60.20612033549149
60.616447,6.6407413,5.0457697,0.4430981,11.16633,225.18976,90.13012,66.75424,54.024325337949804
70.274506,2.5508723,9.164683,3.205939,11.232052,236.3311,93.33824,30.424768,59.791940305381054
71.525856,1.2703358,6.2808347,5.718757,4.101011,225.31277,106.29123,69.56682,59.354405154677934
64.90135,0.585366,8.403362,7.2146955,13.645131,220.21577,107.87814,49.189373,55.33145375542892
46.352634,3.054135,1.4830173,5.503365,7.876565,223.09663,104.14321,55.021587,44.10423390620612
56.632805,1.5766103,8.553361,7.8613043,10.504367,239.71365,109.8312,44.402103,51.37005254484117
29.621923,1.7401044,6.7514386,2.8265564,3.041978,226.39603,91.80432,64.10107,33.63122484228898
60.418724,7.607593,1.7023304,1.8391205,4.609255,222.17648,100.91353,52.47952,52.253874106073766
30.755196,0.1583807,1.8976356,0.5391668,9.2055,222.37518,103.6999,56.512436,34.4237866730137
61.636974,5.578101,9.265006,5.7331376,5.4663815,226.20685,104.052895,55.95619,54.51725003883397
33.77589,3.7946138,0.3221536,6.8859954,7.995701,220.7529,105.86969,44.559284,36.60960749921684
27.053078,5.0655,4.6253495,3.2614973,6.236073,230.22977,108.35252,33.03964,34.12954543542009
29.917068,5.6283026,3.134753,6.135842,9.967753,224.27481,97.23283,62.30825,34.59773929388686
20.119528,3.133677,6.6507745,0.5215723,7.820035,230.38622,90.85927,41.58864,29.16019234557263
63.12438,2.9510887,8.396294,0.99293345,1.0645391,222.81528,97.24884,63.95721,53.94261663142095
63.94406,7.3340187,3.6037812,7.0175476,10.095531,228.59714,103.4323,54.345722,55.10960383565279
50.896,8.7127695,4.269021,3.680697,6.909702,231.95834,94.26912,44.14816,48.25761545376575
29.681768,1.9258163,9.819178,6.7133403,5.7837768,221.24,106.199455,53.769886,34.52549070418027
25.01326,0.9761876,7.839165,8.317211,2.3180544,227.97499,94.39529,55.819706,30.387881128510063
21.147738,8.977958,8.972041,8.526224,4.0851755,226.05048,90.20127,58.267338,30.163149355455708
29.944891,3.4989545,4.3876224,1.7216765,4.132812,224.80719,100.16161,62.893524,34.020393228852555
73.45133,5.513174,2.3407621,4.862856,14.095173,232.0907,104.52923,36.390198,60.711984058909955
34.49221,3.5954313,4.1186347,7.3392673,7.0551815,231.77084,96.9931,67.76578,37.55784880613795
41.25628,1.2580234,7.160919,7.739806,1.5889219,232.614,104.97791,46.433624,40.21720328204905
26.320728,5.8933163,1.0943041,7.84676,2.9434335,223.17766,98.76809,64.418015,31.664907991438817
33.34168,5.2514086,2.7046912,2.2816734,2.1064575,225.71419,93.434296,38.819183,36.24623961204831
51.153473,2.0299356,0.46635902,1.9253482,9.244171,224.19357,91.811165,31.16116,46.94440845295528
56.46516,4.5186906,4.3234773,5.9001245,3.612701,230.81007,104.21175,52.93376,50.649555496561284
34.721138,7.9694753,8.274457,7.410858,7.979807,229.22131,97.714294,42.986652,39.51220384573311
23.46393,5.904261,0.24663688,3.191395,6.180869,226.60588,108.25548,69.37848,29.620385635851402
43.46197,0.96917325,6.7532353,1.0470515,12.25427,235.72029,100.8051,34.17814,42.748281704842945
34.052204,5.480215,9.324959,7.167464,5.486855,221.87947,96.96865,31.892115,37.95183851887311
33.173237,7.027383,2.3692787,2.9969783,7.4157166,239.49794,96.97982,31.800713,37.1731709693052
77.59177,7.927034,6.9363484,1.6636273,11.097998,222.33089,92.62875,38.67495,64.91593171794798
56.978027,6.291176,9.7510195,1.4772353,7.066917,235.46141,101.875786,53.167645,52.418509453476666
53.41271,1.5265816,9.622781,3.1490955,12.105018,227.36461,101.64334,50.222534,49.96544210773853
44.946507,7.1017327,2.349292,5.9267807,10.263581,237.30525,105.99987,44.003033,44.31237185895649
45.73666,6.7734184,1.0033106,3.5840223,6.7474074,221.4834,94.02394,33.551723,42.876599074628665
52.4543,0.24426883,1.4828254,0.20661852,8.055747,227.49443,95.815796,39.349483,47.51942031551292
61.78579,4.1174765,7.0203567,0.9690843,14.540849,226.70886,91.94476,37.365883,54.70406301352223
62.128765,3.3295026,7.257589,2.9050324,10.262561,239.86314,95.906845,59.82667,55.223269498643724
30.301634,6.6941204,6.742366,6.597045,13.669933,239.71098,98.56204,61.197857,36.99535744846186
50.006763,2.161358,3.3607838,0.98515075,3.502619,223.79608,109.28057,61.08056,45.5733941412739
44.717487,5.908719,1.6977694,5.6065683,7.765306,232.59894,103.06132,68.76162,43.15361965873453
72.23162,9.13206,5.807611,1.1988587,13.721263,230.71039,105.65748,65.369514,61.61008014566859
57.885136,7.9780235,4.8368044,2.1161532,5.5165687,223.08746,96.5102,49.91219,50.481843710473804
51.950245,9.214578,7.2883415,1.7218853,14.547298,223.35559,92.89026,46.597443,49.54917415476801
26.92368,9.78506,4.413601,0.67228633,2.3590848,239.78503,95.1344,66.63074,33.40757915655467
56.338272,0.10670127,3.386397,6.7132983,13.637397,229.0546,95.12936,54.44901,50.563752806753975
27.032234,6.2274127,2.9347858,4.6340356,7.2329698,222.51602,101.66231,41.775948,31.802802582510235
40.232395,4.128394,2.1147032,8.3105345,2.0324183,224.2958,96.82942,52.57856,39.92367657844975
28.570518,8.598545,2.6574638,0.9889084,13.313302,225.36696,107.14798,69.685974,35.42724674548761
61.524418,2.518147,0.9483044,1.4473293,4.527163,230.21834,109.77089,63.9788,53.18089894771057
32.375126,9.810295,3.46857,3.0645773,1.3115017,226.71097,96.86597,41.25119,36.4642753437865
43.511562,6.1370797,0.36569813,7.65866,2.9012995,229.10023,104.101204,68.11818,42.059452592973464
73.740486,7.9353743,1.8641385,3.0575883,10.227607,223.32999,103.149734,69.258484,60.306611638496726
32.258984,0.85599554,7.4677043,4.084187,14.689361,226.53458,93.88925,39.246677,36.28108479668988
50.468304,1.8345789,3.25469,3.0160356,2.5604699,221.40633,108.36017,65.823685,46.10575113810478
45.1563,7.584037,6.68237,0.80224293,7.4672728,237.7942,93.98885,65.32811,44.580455105626015
21.087442,0.21986522,7.168842,9.394337,3.5289118,223.97505,104.73914,31.590143,28.133277211748243
67.56548,8.16878,5.8118534,5.4853897,11.430511,235.138,96.952194,56.787567,57.25733315666846
24.142754,0.13949019,9.586977,7.8783317,2.6528246,226.99104,97.34163,42.211227,29.81844843172942
48.4553,6.5711884,0.21439867,6.583571,4.3577843,229.48795,99.10898,56.984505,44.666767068601324
53.640697,3.6509392,7.3865266,5.142543,3.7496836,225.82523,107.29016,66.54235,49.5098540526837
57.70559,6.1149487,9.587867,0.8967826,8.735277,233.92883,92.80504,49.951168,52.35655999647839
61.317898,6.9603143,8.622717,6.4273353,13.224577,236.89093,91.09139,46.57651,55.25666953914151
35.196342,3.4247522,1.678927,1.5537035,8.155263,225.7254,98.04082,66.86125,37.43329140401697
20.598726,1.0796245,3.268203,4.1438317,1.8154083,224.84436,91.1117,68.9646,27.696391107257494
63.40662,0.6964587,1.7245184,6.2911315,8.887445,233.6288,103.752014,32.489452,54.74790106196037
52.139397,5.8893604,6.0130835,7.82229,12.165294,223.90306,105.206505,66.913925,47.82304494120406
70.16706,5.2065535,7.12188,6.850452,2.8501868,232.7968,107.094246,33.31074,59.714741035667686
69.2833,7.42201,3.1707377,6.7153354,2.017957,221.88857,104.87685,43.491447,57.714375145259865
70.59957,5.097355,5.395066,1.4904221,3.629309,232.40274,108.32703,60.502964,59.8591336165646
49.10568,4.2244577,6.909206,3.4612854,11.445209,230.26813,104.96602,61.08148,45.59515571817189
40.017704,3.9808717,4.213398,0.42912272,9.283525,222.2781,108.72151,59.032875,39.44806267286532
67.49349,0.26446903,8.540155,7.194769,8.568325,232.98207,93.86221,31.564499,56.78991362534653
47.07765,3.355572,7.7154994,9.52586,4.4927187,228.93114,99.99726,35.31864,45.2954669816261
31.006533,9.760201,0.64665544,2.641104,5.6513124,224.3423,109.87861,67.44866,34.47939540931323
71.29844,8.735556,6.211253,0.8769671,14.52239,227.06769,103.63156,33.258457,61.368305658080004
72.95359,3.2937806,2.3532555,4.7557006,4.368753,229.84204,107.57282,33.141838,60.50591618663465
47.978584,5.877954,5.5751824,8.566982,13.623036,221.83109,90.60788,63.42584,46.66858517864798
24.541985,8.472967,9.568885,5.519742,9.127441,239.15219,107.43516,55.65063,33.38958364807149
43.269566,4.4127436,8.79062,0.4677715,2.7261505,233.31125,103.95426,44.066242,43.0270097473484
68.21226,0.17957863,4.045164,9.7427225,7.542373,222.0507,93.41511,36.628418,56.33083188156687
74.106445,0.7451046,2.9151385,8.286499,14.279682,236.45724,90.51362,65.36681,61.43181597375938
32.208366,5.103927,2.3440576,1.3159407,6.8599186,226.4511,95.19853,69.54151,35.41558656982299
24.018417,9.694394,5.3251486,9.217978,13.087412,231.93599,108.31547,31.998869,32.36775133970413
72.64103,6.9320955,1.1424845,4.5068827,4.5900016,225.54286,103.362656,52.164536,59.90021139911768
43.364296,0.70916194,5.49275,3.7189798,8.99291,234.66812,108.38938,40.452145,42.32737071642232
52.505657,1.8936088,0.013336395,4.610533,12.813929,234.46017,98.92302,63.295475,47.585858976715436
78.08395,7.7132316,3.2384963,8.345719,13.889638,231.04086,108.732544,43.842922,64.77307582176948
23.993883,8.414397,2.1993432,6.5947967,7.801527,224.81851,99.25919,58.58517,31.359822490225252
58.899082,6.1769457,9.712188,0.59248453,9.955633,225.07408,94.0851,51.580936,53.038747915041874
24.446325,6.4442315,7.2724233,9.576044,1.0417218,227.65726,93.02787,51.660934,31.38639574247236
42.528137,0.28337452,3.4965339,1.4778414,4.5451264,222.90024,109.876236,64.31998,41.207461135937166
68.228874,8.285302,0.9284509,7.4556794,4.9019694,226.75311,96.67725,48.816177,57.589973145302196
46.008335,7.882752,5.168006,6.3613653,2.3089023,233.68709,93.20106,63.823982,44.84060795981691
79.83094,2.5903513,2.1344788,1.8752805,4.91573,236.61691,90.16817,44.53707,63.74557232780749
53.543556,7.086767,5.3642955,1.7073208,5.4957085,226.65164,95.71139,36.991318,49.1305607045771
39.26973,2.148546,8.353623,8.703276,14.562724,224.6718,107.782326,48.219093,40.49742598022284
33.20668,0.4033016,6.1579256,4.196949,10.360434,236.65285,100.68018,49.93423,36.00960463797402
41.03123,2.0113654,6.3378844,6.545765,6.9640713,237.81409,102.648705,49.135326,41.77244252371409
42.351997,1.7862887,5.410303,5.04071,14.832763,228.20042,108.44782,62.333218,42.75040644172286
24.12282,3.37748,9.272656,7.2735353,3.1452525,220.53809,100.2568,52.58716,31.227530830498488
42.174454,4.184495,9.319027,4.7924237,7.6647167,233.89923,106.765594,65.537766,42.380484206243224
47.854313,5.085389,5.127232,2.873799,10.058871,235.68066,96.47667,50.56742,46.33734721730493
63.364265,4.7675385,3.0575948,3.6338336,1.7781289,220.36049,109.54204,38.9886,53.82543393754439
59.40377,2.706746,4.59587,8.590777,11.037984,231.90062,91.57628,35.179832,52.91682965873322
62.52594,0.29170668,1.8655791,4.680347,2.398143,231.76738,104.49659,64.73451,53.161334321155955
20.501822,6.0510163,6.3634434,2.1344934,2.9639523,227.57416,103.21133,32.24691,29.198227606719836
33.060043,3.9574482,5.000923,9.346054,3.2356532,234.99535,93.83343,34.704384,36.563281117866424
59.701057,2.9867215,1.0330048,7.9660044,14.004457,228.56358,97.77688,32.54634,53.15257981272477
49.039364,8.669411,1.9764779,0.5566615,10.565298,233.53552,96.256584,46.949368,46.33399493614138
20.318808,7.467433,4.7963195,9.989429,10.175985,230.34235,91.889854,51.304626,29.73846503983526
68.26968,8.577656,8.87589,6.949267,8.776909,224.9693,101.69576,30.794989,59.56260566305044
66.368576,4.949828,5.663907,1.602666,5.099284,232.13002,109.8734,50.623447,56.37733048114118
52.90515,1.3093125,6.81535,2.371677,9.692456,234.73817,101.191765,45.750378,48.22125554990797
23.987799,6.9622145,3.3902855,6.9244547,6.742096,239.47812,100.9052,60.94581,32.14275364005415
65.990906,2.0607378,5.7141137,7.7976108,3.0358262,227.60217,90.806274,63.198265,55.09087149440645
55.022816,4.412297,4.4737983,2.3903594,10.654362,221.28944,92.7844,57.398697,50.21971638750455
66.917595,0.6500079,6.591299,2.5696886,2.8141503,239.75943,100.26438,48.939823,56.13250073389841
65.10482,8.253084,0.50575566,3.071207,3.6693602,232.47614,109.70357,38.645943,55.35134506411825
68.18012,1.2594064,4.933002,5.9801836,12.44779,238.92902,107.53216,63.884594,57.44627309490943
51.080482,9.030975,2.9599264,1.7181618,10.241639,222.07654,96.804184,43.666767,48.36550306654646
28.419472,8.642306,3.2618506,1.042432,9.833877,226.84068,100.860085,44.251675,33.727064920172594
60.269447,4.645828,9.609175,6.788641,6.854839,222.67874,101.05405,66.640465,53.71663446807715
57.228428,7.443682,1.8269482,7.7909794,6.5479274,236.7102,103.707214,69.02389,50.779650844365065
64.535194,6.194451,3.1124525,5.009294,10.663676,237.60686,103.75564,65.92524,57.19112523114237
30.19286,8.030756,5.0989256,3.6383271,11.360078,230.02623,105.79585,69.92939,35.98480764109595
31.698511,4.318051,8.630269,4.320427,8.142984,223.73213,90.49942,64.756355,37.226926144118835
73.42457,7.8580847,4.166701,3.8840783,14.56977,222.54237,108.873604,58.1743,61.25578471156037
64.998665,4.624568,7.438653,9.599849,14.379794,231.76328,91.40124,41.752777,56.747744358801576
74.493706,9.4096575,8.563741,7.680899,6.774013,230.12753,99.5232,68.11828,63.444720377559214
65.52292,4.863721,3.1001635,2.080872,12.488711,233.89578,108.39159,65.06507,55.998026628029166
55.82932,4.6261926,3.927502,3.8418915,8.60575,226.10414,99.75338,39.62987,49.98279944692642
59.247963,7.8507185,3.5655622,5.440123,8.164582,228.04736,91.272736,49.566498,52.98851617380604
73.34768,8.215776,8.328558,6.1298585,1.7694969,220.42722,94.5848,32.802227,60.537211698313214
54.728405,5.5448914,0.44346863,4.681839,9.0356455,232.20287,101.57333,68.132355,49.61618178044637
57.943478,1.7979782,3.0842109,8.101266,13.608091,228.46288,91.75723,52.910732,51.65327657349031
29.388603,4.6775823,6.7940855,7.67606,11.921874,238.3953,98.47356,39.80802,34.83302911758015
48.435272,9.680725,5.654435,5.051579,12.00844,232.83572,96.58186,41.695972,47.84541815457743
62.983826,7.529862,4.3628936,8.544293,3.2390065,227.97389,106.30415,69.22626,54.008000382803125
36.25656,8.111626,5.3994823,7.5108953,6.0182924,225.27179,92.20264,54.624573,39.34964519793054
32.13525,0.328255,1.9758458,7.7858186,4.2648687,238.1057,103.65597,46.827324,35.31501766465296
38.82961,4.6785946,4.307166,9.564008,5.422814,220.3253,98.13178,49.99382,39.41739541533046
34.490036,6.4662113,5.01703,2.6646695,9.113551,226.53825,101.75501,33.942,37.46659134910382
32.894756,8.300327,9.011891,2.6764817,6.106973,238.87012,94.110634,33.00091,38.245148031803254
45.49105,0.49273655,2.6083517,8.889523,8.84977,233.08066,102.19408,53.70831,43.10047628410178
74.470314,8.524389,8.678285,7.722264,7.1390176,230.65439,103.47955,50.48016,63.267264396398566
50.42358,5.4840093,6.442414,9.265455,5.0126176,224.0707,91.40463,44.366127,47.748389435533795
31.275223,1.9731398,0.20340832,0.6313016,2.335648,236.6675,106.486885,52.644558,35.2712017900941
24.6183,3.172552,7.2463136,6.2775707,13.485739,224.08398,107.22508,32.90704,32.20077864946411
61.769367,2.8192954,0.3555188,1.4462833,1.1592271,224.96507,91.27108,67.75964,52.193001484370555
42.967926,5.3085904,9.973811,5.038972,1.0231348,223.83702,102.06375,41.748466,42.35373854888451
69.30986,0.5168568,8.726367,1.5574694,12.575169,223.163,101.880226,32.87115,57.86162807729223
59.570644,1.5853616,2.9734375,1.2807851,14.955353,239.06625,90.24917,36.78017,53.19710174260557
67.77449,8.12693,2.5741124,0.121683456,11.17944,232.04063,96.84693,33.81896,58.390208294059505
36.31676,1.3260399,3.814411,6.302388,1.2138337,232.75674,109.37852,37.14418,38.2564001503547
61.541534,2.3339627,3.5616696,3.5902262,4.173663,239.0865,101.10902,46.670162,53.48081420787164
35.84372,4.533706,3.7233782,1.0518829,14.605517,224.6115,108.66424,59.522038,38.007741863488704
76.34411,5.171209,3.1827655,3.2283778,12.320459,220.11835,103.51289,40.893932,62.45243503630059
58.182457,7.6361046,6.211334,1.689441,8.935198,231.97768,90.56781,47.437065,53.509585697594474
39.470707,4.4733243,1.6426367,9.416948,4.31605,230.15689,91.55426,67.15029,39.21148993469705
36.17071,7.8986464,8.459813,3.200049,1.2011828,229.55301,104.44358,41.83287,39.267809345931404
31.455595,6.183463,8.124024,3.3395352,1.2920606,221.23761,101.091354,61.78879,35.30967384851872
61.67846,1.1309974,4.764832,8.39858,9.567732,229.0887,92.54303,36.312675,53.10913688096544
33.122936,1.5633144,8.5273,6.4775577,1.3056463,225.75119,102.28125,37.13287,36.017842389971094
55.718197,4.3703375,2.4714508,7.101716,14.910822,225.49129,106.20575,48.246117,51.24024289559574
35.8781,3.968894,0.17565456,6.3600183,3.5673738,224.44763,105.05965,39.36409,37.116781252374594
59.718136,7.435443,6.192079,9.461963,10.9499035,226.65057,94.92325,66.121124,53.51709426932852
68.896385,5.8073716,4.579094,2.0700083,3.1708362,227.06267,95.1639,32.03009,57.36823803862805
66.68151,3.8813307,5.6716456,9.890392,8.561308,226.17552,109.35676,53.890903,56.836399644315044
65.65108,1.7076029,8.993394,8.309562,2.128558,239.57506,107.74809,54.169174,55.32548851477615
31.263344,2.268371,9.699256,5.8897257,11.734898,238.65462,96.366745,32.641037,36.33065535871016
25.303097,5.75501,6.3445315,6.6237164,9.188895,231.4902,106.48109,59.30257,32.6898058347798
61.93693,4.234388,7.640556,6.488259,2.2063336,239.6211,93.23477,48.7559,53.09543713836232
42.100834,5.1492753,0.83808434,0.58396226,12.880207,239.82396,93.93682,58.922935,43.18390911362536
45.940773,1.7067744,1.6071558,2.180165,8.65826,227.11879,93.623924,63.077,43.17138853536366
21.868946,6.6290627,7.332048,9.614709,13.902292,228.90375,91.75442,42.915974,31.171031528052346
35.57459,8.525388,4.3136544,5.343644,13.832727,239.18123,107.09356,49.379436,39.909921851151346
22.020584,2.579395,4.459653,3.783536,13.887109,232.17253,101.57614,40.43043,31.09788131308811
72.751144,4.915142,3.0860767,7.6203847,2.0889928,224.25858,95.17912,38.06054,59.327695633220046
34.6038,9.755273,6.073564,5.245189,2.6934087,233.78761,106.9731,30.02379,37.03938859206379
53.44023,3.3324175,1.8516505,0.13162771,14.827881,224.11493,106.05293,68.54526,49.44188455632335
22.338758,5.9504633,6.2691627,7.3623757,7.8264117,226.78716,92.01903,47.63714,30.060727771335497
60.010845,0.901957,1.7379886,7.3221755,4.3349967,224.55121,102.88279,30.52279,51.849840489845676
39.38164,6.06015,0.63826036,1.6514871,11.775303,224.8996,104.43667,30.357544,40.42195417042575
73.87515,0.8963177,3.303577,9.566601,4.699993,220.09311,104.31654,41.534103,58.23799345819206
73.287094,9.592355,2.3114035,2.2390814,11.18102,237.61418,104.46285,30.557507,60.966687560544706
39.517437,7.1566267,8.889916,4.5774937,12.722001,225.91982,93.38915,44.980583,41.652325348929935
74.057655,7.881598,0.54953456,1.1473596,11.979688,221.7275,96.30173,32.51754,59.69582083320513
79.76946,7.0410438,1.7661369,6.032823,4.8366694,221.73975,106.88357,31.570065,63.395521267340705
69.52494,5.89729,5.487196,3.754511,6.62266,231.12036,107.967834,56.775257,58.966862075958815
70.69228,4.499128,4.810672,3.5317347,6.785514,239.85841,95.58378,66.27365,59.75638028412179
34.940525,8.583734,0.45852017,8.269769,7.877821,222.90045,90.46039,46.37546,37.26731968461224
54.602142,9.5683565,0.07252428,0.09561713,3.34322,221.99243,107.195335,63.470818,48.33809543419859
24.035355,4.9903617,9.880679,7.979468,7.334581,228.76608,97.54184,31.170618,31.188399311762055
25.695076,9.315351,6.588347,5.7144856,8.150962,231.26663,96.58927,61.1076,32.7647109259348
79.933556,5.833329,3.6540613,9.860985,8.443926,225.8876,96.939995,32.512,65.33415709600786
39.598354,5.383842,4.7043223,5.894432,12.478606,226.05045,98.31393,63.53758,41.920781382089075
64.89104,4.5448275,2.665501,0.55379134,8.242683,228.48953,97.56533,65.294655,55.200312430188944
68.3999,2.0928776,3.4487379,0.5064533,4.230975,226.28291,101.32862,61.438953,57.192407341421884
71.4814,0.037196606,6.4904447,8.83153,10.283802,238.30663,91.578804,62.82996,59.77867957384465
79.8577,2.4150622,8.828118,8.412142,12.162398,220.8391,109.4308,52.45938,64.93883697558127
34.489788,5.097232,1.8413002,3.4589007,5.4712033,224.6914,108.72902,40.595398,36.73992220681774
22.42105,3.7995994,8.403615,6.180325,10.034283,236.17105,108.68813,55.72924,30.777352954082687
44.67149,4.4848523,1.2155663,4.8959136,3.057132,236.67917,107.585556,47.581665,43.99371490239927
27.80484,9.806482,2.1499221,9.67164,5.786968,222.2311,103.20653,30.213463,33.37109244502034
21.345552,3.5027237,0.3717529,9.499609,13.729135,239.47527,94.42217,49.07303,29.981224976448726
41.62561,4.5218296,1.4081186,9.83839,13.758314,233.8671,90.98967,56.047516,42.296087704227794
67.02429,1.3351555,9.173032,8.664488,9.054544,225.45186,91.98642,30.555346,56.52431486169523
53.97084,0.47957733,4.5943875,9.095516,10.83292,229.12076,96.47985,54.854412,48.75922309411364
38.766678,7.754095,0.7766586,2.172788,12.956216,225.94278,100.07766,56.101276,39.89899870986553
59.26052,5.706832,9.597268,8.310068,14.4197445,223.00044,109.86506,36.324303,53.39551977289043
33.92109,7.607048,8.789923,7.088571,7.8584104,225.82356,98.70887,47.242966,38.269098747165344
20.862886,1.498628,7.5468254,9.627865,8.862061,231.60184,100.49292,68.5733,28.924804334553322
65.861206,5.718288,9.334728,5.7126184,6.818982,236.5194,103.903145,65.36757,56.80607153416286
57.424583,2.5364246,2.2012942,0.8516717,2.0077472,227.27058,93.61468,46.432858,50.466808135366854
65.73816,2.2806182,8.363693,5.973989,6.9192486,226.95804,108.65654,43.99385,55.84498790373915
22.33628,0.11526014,6.899912,6.8658094,12.068783,229.36002,100.58069,34.963226,29.567705910399766
70.22718,1.3034072,8.697593,2.2032104,12.268397,232.89111,95.52512,31.407564,58.37321799163594
57.171574,3.0926812,7.9691157,3.9411337,13.493279,235.03232,108.70218,41.89851,52.48321521830107
53.803722,1.1687876,3.4649506,5.985034,1.7205338,226.536,102.50901,67.611336,48.200624563046304
57.476845,9.858584,7.743985,3.7410574,8.380164,231.72705,99.6738,68.344536,53.155642543785696
71.866,3.0863266,2.624563,3.7494771,2.5039427,227.78722,101.60312,62.500774,59.27766111514867
55.21619,1.3032395,3.2859216,1.3308663,3.8103905,234.328,104.96604,44.032993,48.47629864047016
54.85702,1.9908231,1.0790572,9.407467,13.603031,223.2935,93.09076,35.745056,49.45836587063972
79.44075,5.8770323,9.350766,7.504944,7.9550776,225.1385,107.29661,53.82134,64.85649850990069
65.40381,0.6404352,2.9100337,0.0124343885,11.619629,228.52121,109.19014,55.8602,55.08552864664232
46.53763,8.624341,5.2062244,7.6561327,1.9013774,237.7883,101.34,46.982944,45.41309984584981
62.44382,9.614997,3.9133284,7.3979497,6.8355713,231.46652,103.64542,57.66587,55.69451724313518
43.35383,2.4674742,9.599281,0.097309604,10.4393635,239.30792,107.19667,59.867275,44.36016615192036
33.73253,4.5009527,3.3504918,3.696043,2.8676908,222.06555,97.496216,61.322468,36.60079612407699
55.81111,0.22134452,7.785458,6.0674767,5.5614505,229.2035,109.856636,50.091923,49.31223506217816
75.690926,6.407102,8.554161,4.5275064,1.9036692,228.38158,103.61003,61.66563,62.36885374034021
75.748375,4.139261,4.356065,7.779861,10.118759,232.00412,98.47997,31.019056,62.26523924497582
40.514317,2.7005847,3.7817183,4.2545834,14.592478,236.23929,103.54676,57.216175,41.557138252632974
51.66065,2.068371,7.477458,1.5386297,12.578637,236.82896,100.4336,39.425358,48.90067117146292
32.698154,6.5402308,9.12896,9.764156,14.644724,233.40388,92.232834,40.820812,39.10940517941884
79.73787,4.1621704,7.5493174,2.4204,12.838468,232.83073,105.917305,33.65207,65.24600268521783
78.86707,1.7965928,2.2712636,7.1769233,12.972741,238.98059,101.28751,37.69569,63.41215147736391
58.970535,6.891091,8.883078,1.4315631,9.080481,227.67375,105.91691,69.68033,53.051336375955664
68.26485,5.650723,3.8758166,3.290126,8.255532,236.65567,93.098236,46.615604,58.761419188827986
62.90601,8.58672,5.7622943,4.420276,6.6875596,238.43007,100.76714,67.11062,56.733798384964054
55.589493,1.174759,8.314356,1.92232,12.453328,229.83078,105.33249,36.51598,50.95034885135526
23.20088,7.856666,1.8839477,4.4995956,3.5489466,234.58205,109.76609,38.162354,31.16929578294428
47.285862,6.735168,7.8451014,1.5716282,1.7871488,227.54039,107.68794,52.312534,44.881237270515356
60.48718,1.1501094,5.961628,5.5900655,14.270514,223.17758,107.286995,43.9813,52.51669307416167
60.651897,6.9482074,8.933416,6.6371326,1.0528946,231.73007,94.9492,55.756607,52.945452042762845
42.387356,4.415473,1.719704,0.62434286,14.675611,223.92943,106.75969,46.881863,41.917175767388684
76.50152,9.449848,4.2068224,8.711321,11.203947,229.15198,93.38563,62.46389,64.19951174618247
30.041422,1.4161135,8.328431,1.8514088,5.5989847,237.45758,93.96215,47.262363,35.60857868117274
50.02157,6.4283338,0.19231704,2.2536242,10.769478,221.72037,92.20233,52.893967,46.28787340401597
61.453037,3.8198004,1.1220137,6.613498,12.450253,220.60857,107.15193,42.84293,53.07640291879674
61.828148,9.568147,9.905652,4.6875105,4.4350686,232.12956,92.16509,58.16164,54.69162968563655
58.91834,3.299749,2.8039417,4.993956,11.79254,226.62123,92.76223,56.18937,52.09663577962212
36.517292,9.62186,9.755432,1.2815498,12.261175,228.35875,94.91774,45.880043,40.720169745864126
29.372395,9.014858,1.8253155,8.057358,4.490965,228.11421,101.45325,41.041283,33.401487365385535
58.156418,2.7038324,3.6109445,6.1705422,1.586969,221.7324,107.60361,54.564175,50.988296132376774
55.958126,8.035418,7.5286946,1.3538204,3.857712,220.07133,98.36456,67.72607,50.48823644185592
30.76136,9.956042,6.577784,3.7399936,3.8090496,237.96846,100.92572,35.30572,36.77631478093192
62.30835,2.52663,5.811224,8.104099,1.9133663,224.35597,93.32979,61.964664,53.421015287725425
47.310318,4.3677716,5.2989917,5.6835504,11.1641035,228.52158,95.31892,51.71967,45.805050046662735
60.065636,5.2018075,8.434404,1.0864878,6.3196487,239.43852,92.67851,51.02239,53.451371410828486
70.24203,2.9493113,2.3494856,3.7277706,13.381407,236.53525,98.19838,68.46737,59.249204227280245
30.183706,0.15264839,4.4247093,2.426944,4.5303955,222.15862,101.80672,54.234993,33.79785922755033
21.148691,2.2012925,1.5545229,5.1746554,7.34525,230.17038,95.68039,63.220715,28.909809626564083
66.746155,2.8193688,5.959416,8.433611,9.946244,234.60158,106.919914,50.57909,56.65485401712897
56.581844,4.435997,2.5054443,4.3626714,13.28451,233.96785,109.62476,39.994133,51.282844866252105
61.978374,1.7110248,3.3384206,4.3334203,8.344695,235.21684,92.4031,57.77961,54.060799267152035
70.2893,8.732544,4.7125072,9.053509,6.229345,229.1491,90.3572,66.92708,60.291560434890464
68.168655,7.0491114,0.26770586,5.761854,13.138211,223.51846,105.79554,63.649204,57.934407147384846
77.65521,0.85200477,0.91937935,5.661911,5.34345,229.29745,93.81285,37.934544,62.38217613087593
52.156105,6.5009246,6.859292,2.619099,2.1119318,232.95775,97.062935,42.675564,48.110188115352685
49.30974,6.536565,4.2897,6.0772276,7.2305894,232.17184,97.88462,50.67523,46.68944132429745
44.11323,9.562212,8.6479025,5.7591047,11.991306,221.41045,108.331985,52.864132,44.412749954910915
29.221462,0.030208714,6.94672,3.9685147,1.4309317,221.29904,103.176765,37.752563,32.75838149619345
54.356434,2.4793246,0.08100942,9.906956,9.202352,239.30516,90.81219,39.200493,49.601945938663086
36.62075,9.277915,6.1671233,8.81891,9.322496,223.0361,90.2962,60.35324,40.32405050669988
75.27845,9.32134,0.93724865,7.495863,13.999585,225.88925,93.99136,59.212696,62.061955781137236
54.991447,7.2058644,7.809332,5.373456,5.0105076,235.35269,96.36344,63.56835,50.48978537092404
55.57041,7.6576333,9.915077,4.620598,4.9037127,228.19354,99.690475,67.31719,50.91255100043054
41.29548,0.91482955,5.311988,1.848974,7.166771,223.6293,106.75679,42.330444,39.8158677755087
23.119362,5.138758,6.827795,3.0573747,5.9968085,229.34465,96.29636,64.3838,30.467046287985447
21.904627,2.31583,2.3731415,7.739608,11.308842,231.379,97.53075,56.640472,29.860523789688145
45.40011,1.8121804,4.3759775,4.5374894,9.9845295,229.05533,96.58676,68.310814,44.166372680152364
25.073923,8.103033,8.560953,8.822695,11.624894,238.37892,90.179306,40.882965,34.008009401486916
56.410816,1.3503814,1.6742295,1.4791113,12.480585,225.69398,109.104034,40.78686,49.7992604965484
72.85838,4.6865163,2.6553562,5.083471,13.921736,233.22664,92.779915,58.171738,60.8715237347601
72.97489,9.385782,4.4543366,6.469657,7.0331144,222.2459,95.75335,67.13643,60.88328712083904
59.542725,1.8583206,7.122489,5.1684847,14.785764,227.8457,92.58607,62.98223,52.76630905681165
32.67391,9.779934,3.7588396,8.892269,4.0192513,234.81987,99.81086,59.08158,37.19034558433595
71.77981,9.94288,9.277323,9.895633,11.001112,224.49634,108.643326,45.492367,60.79153308147186
73.1656,5.5561714,0.94457054,1.1583465,8.4761305,231.79543,92.014015,58.710693,59.92646597360209
31.799215,1.7014275,3.708042,1.299549,12.436608,223.06874,98.81794,62.043823,35.47159032005967
64.24557,3.161049,7.0895414,1.3032411,7.6747875,222.05403,90.447495,60.131428,54.59390176001931
37.191174,4.2449284,2.2598677,6.811771,11.975141,230.46466,105.41796,57.072433,38.322341851636025
68.15842,3.0932422,6.5641313,3.7267609,14.022362,233.50021,102.824524,31.88525,57.80257039284571
79.834274,2.8063557,1.6421696,7.3331466,11.25212,222.26733,103.99397,56.388596,64.08072034853143
21.80156,9.722297,0.55980283,4.0547147,11.86532,238.35553,99.446724,49.131786,30.604971109509364
73.84195,1.5336483,1.2101572,6.2760673,1.940456,224.51544,108.152664,68.46277,60.066006690962745
57.357834,7.333279,9.299848,7.6985803,3.8694072,222.3995,98.19115,54.287594,52.455050237666924
78.402954,0.0041028946,5.517509,5.482159,14.640252,224.05399,100.2817,54.32909,63.15364787244264
47.90057,5.961827,7.9634576,5.3950357,10.704618,223.39145,103.905785,69.76221,46.519782065302735
70.84328,9.1594305,3.326545,0.88234323,8.860287,221.81349,100.41121,33.74351,59.50507677064766
23.743645,2.879341,5.9265866,4.1078176,6.137669,235.95679,93.78671,41.05265,31.118408469525086
40.11674,1.8552598,4.9495215,5.4577713,1.621446,229.91075,96.341415,56.24318,41.092445729029606
24.020992,6.516798,9.457379,4.619808,6.167903,227.77039,91.84589,42.60945,32.16839118847038
78.52059,7.126014,7.475746,9.00782,7.9847803,239.01256,98.65227,43.846004,65.36603180631289
69.01843,6.8803053,7.305426,9.065307,3.9604332,227.42017,102.18784,65.705795,58.051684522683615
71.15285,3.1931689,0.4635327,8.219173,3.4239151,223.33945,92.3706,53.174156,58.370390815898595
76.277916,2.522024,5.4966965,3.7529807,8.117832,225.48085,102.61174,34.114624,62.72652672623621
25.106209,9.559188,4.6699147,7.1729918,9.20266,224.77933,107.857445,42.4345,33.11016980181035
43.135857,9.232995,9.278422,3.9528847,4.358851,229.97482,96.75448,33.042336,44.15089263575698
24.262093,4.573166,2.5734198,2.325936,9.223453,225.83011,94.44066,52.245197,31.15680571850274
32.647587,8.461939,2.6983345,3.4290264,13.604759,230.32123,107.86012,36.93073,37.15459144620136
33.761948,4.523235,4.1134624,0.70964634,7.6244254,233.38586,103.838905,64.28461,37.28601680350874
48.14643,4.2438903,2.4336972,3.317775,13.003463,235.54597,92.107895,53.09256,46.25831261824732
36.11373,1.5676295,1.2918391,4.6074224,13.9818,234.20316,98.16224,32.375027,39.18139901633517
26.058687,4.2640605,8.574148,9.554809,2.2935164,224.11182,103.48179,42.035027,32.73775096006282
30.049465,5.3741693,5.582765,3.134106,2.341362,222.318,101.48768,54.653507,34.76302170802714
28.836535,0.22504327,8.613627,9.024535,7.6646185,230.849,102.37094,43.419933,34.4437390062857
78.384605,4.44113,8.311348,2.2885828,9.233435,223.97824,101.342705,50.527065,62.91811260708001
65.55755,7.8135624,2.8204236,1.909689,6.9623685,221.69867,105.96123,66.37449,55.79765743100403
78.06569,6.8004603,5.4773746,5.1899548,5.5703106,230.54189,96.40854,44.00144,64.04972559801604
46.38443,6.3515697,0.83217704,6.725114,9.973918,226.53589,104.16925,43.434914,43.97297136028217
36.70211,9.095554,9.152519,0.4433225,1.0291412,235.12299,109.82159,62.79027,39.21359712885307
67.89759,0.1803201,4.0426273,2.2106586,14.553026,226.28383,97.79918,42.75026,56.226181007154906
39.575233,5.570476,3.9367619,4.5568366,4.2491074,239.57434,105.82097,33.118332,40.707459389118576
37.963,7.8734884,3.0275538,3.3100433,13.839383,235.17047,94.92219,37.237797,41.143039685485405
33.95036,5.413354,4.6066375,7.1262107,2.5262065,221.15387,95.63793,67.95201,37.08369884615832
27.780739,3.2389555,2.5175939,5.111606,4.3332205,230.17746,108.69728,67.33171,32.566729843373494
35.387783,1.3625057,3.7485228,1.6035911,4.288232,231.25241,90.51877,38.992485,37.5048721917279
41.319183,8.87563,7.9994707,8.9446535,14.94614,233.90605,94.34855,52.140076,44.30459113817781
60.43965,4.707624,8.342555,2.9290566,1.0644076,229.95593,99.65842,35.494724,52.27378250808571
23.753891,8.781152,3.0418248,7.3113112,9.954935,229.66887,98.03695,56.987106,31.565735840373197
32.630417,5.8585215,4.6901445,7.7991576,13.175612,227.35876,102.5834,37.41223,37.271287579294324
68.54142,6.741921,8.738197,9.631577,10.411831,225.42923,93.85444,31.991617,59.08302521855818
28.815315,8.042611,0.52673334,4.9850745,6.0782733,238.92401,91.41094,62.995872,34.38395640775729
40.55871,6.5915556,8.89145,6.158355,14.416331,226.35193,97.386665,43.016014,41.811703886988
71.87953,3.9805484,2.1918435,3.348763,13.509291,221.26843,100.48711,34.340897,59.36980918073664
29.295519,5.136334,6.7853923,6.781793,7.075369,223.34569,101.240036,63.35616,34.93968120864167
24.96421,8.030456,5.825517,4.633835,9.026599,237.14554,102.02987,60.4959,32.138073849883675
49.07228,3.736503,5.5294075,4.3765235,14.545269,231.73267,100.97324,57.350338,47.425892935478736
38.145172,3.8812146,8.593602,8.554675,14.755845,235.5756,94.91504,66.44995,41.26323828624764
53.8045,0.95690113,1.0157214,0.5016884,7.297526,236.17563,105.29099,49.569042,48.85210133619802
68.228294,9.145844,3.4702802,8.819624,12.862901,236.46472,91.75561,35.12226,58.8409777798817
28.228909,0.91036314,5.3825274,8.520699,5.227723,231.01227,93.96708,32.453857,33.452741201507
54.841946,6.482092,8.112888,5.0636625,6.2053804,223.54242,104.78756,42.73764,49.572577487846864
50.330524,4.1319447,2.1644309,4.9020286,3.3075063,222.96466,95.59452,33.473232,45.95040657048902
28.644728,4.056194,8.029299,3.6180737,3.9285843,231.47969,99.86947,51.420376,34.144944219143035
57.43991,6.7955184,3.9963849,9.941738,10.196226,227.33029,96.54395,30.57996,51.41220660562094
36.418427,0.6709373,1.8891386,1.1116934,8.150943,231.16096,100.139626,47.75053,38.0763085984025
49.270058,5.937058,7.5898643,5.9021525,4.235846,229.96956,96.93311,37.138412,46.22960714113356
24.93634,7.720318,0.908989,6.816816,6.6407347,232.04396,109.88416,44.73072,31.58315367595165
47.575043,8.282127,5.1476736,9.3433,6.2245684,220.64224,97.14955,57.00136,46.425214694977726
38.38781,1.7053039,0.6387578,7.802035,14.823043,220.65674,102.540985,44.03855,38.61259086772732
69.34287,8.974191,3.5641785,6.438472,12.949922,234.4319,107.76686,43.653595,59.54519293787546
23.418724,6.561461,6.010768,1.1681231,6.4315286,223.86255,102.7587,69.63003,30.39405657143321
45.116436,8.818548,5.5611553,3.7373352,13.794832,233.04398,101.31715,58.75259,44.98392291509644
47.505886,4.852807,4.046554,1.3884164,5.7968955,230.93152,101.38459,50.55447,45.63508948650771
63.500366,5.4203334,4.29048,8.812127,10.350621,239.6359,99.929214,53.175026,55.537167471426876
54.457256,9.190383,2.2676954,7.4962115,14.5331,236.70811,106.15161,54.807304,50.959191562437795
60.03274,8.999095,4.558826,7.575368,6.463904,228.2627,91.008484,30.983015,53.63767070221924
66.622955,4.481609,9.532549,6.5225654,10.51839,232.32826,107.7026,33.210583,57.784275136978984
71.73218,2.7441263,8.504529,5.0704355,5.1429334,222.3458,101.725845,55.967575,58.98704365246231
38.83253,3.9317043,1.4523287,1.4997106,4.7283726,227.72772,106.97746,44.578754,39.666796030188735
52.28136,3.8776433,0.29780787,3.296949,9.038194,234.67775,90.207855,32.217762,48.03414251990188
70.40649,2.8686688,9.335243,1.3691579,14.709704,232.45343,107.38553,41.900528,59.21622044842924
79.367065,2.685796,5.2674975,7.249131,7.343874,229.68942,92.40275,35.211338,63.919432323259436
73.37116,8.610629,5.3783784,1.6022878,14.126918,223.53058,104.42436,66.65256,60.612398947111544
42.288036,0.6986192,7.80718,7.0211353,13.801089,236.06291,98.33043,38.117016,41.78285520358351
31.709991,6.7761116,3.1468897,6.922554,4.5526767,225.46333,103.621445,35.747646,35.42893484760633
49.363552,1.7282006,4.8190756,4.5930448,6.6254716,236.40958,102.5638,55.046753,45.742519331971124
64.49849,3.4450588,9.686629,1.3522866,10.006235,232.23218,93.26793,50.876476,55.83771140077579
49.554146,0.61543036,6.721487,3.1480083,8.252643,227.45464,100.292274,53.037296,46.630577151532236
48.990852,2.6997364,1.5374503,3.200931,2.3434193,220.8121,95.54461,47.437927,45.35535427426632
70.29382,7.684211,1.3322675,7.0038514,14.911773,224.64838,101.20874,48.68677,58.91533271784962
41.684227,8.850153,2.0426476,1.1374302,11.537156,237.78142,104.76006,61.1519,43.040762947962456
71.58768,2.2152715,7.6671166,8.290687,7.1277165,236.35948,91.62517,38.796886,60.64879155135672
44.408287,4.6354785,2.95377,7.610073,9.65436,231.49707,100.31525,45.86117,43.92551032178021
39.693985,4.7032404,0.21388847,1.8630692,2.2260194,229.32645,102.3526,68.31302,39.55949759016053
47.239395,8.735753,9.441744,7.1916437,7.934223,232.94286,95.90735,37.599426,47.24397332976083
65.74682,7.6279907,1.6971341,6.685132,14.031653,229.32497,109.06007,41.750942,57.13105206198587
27.560122,5.130772,0.09558186,7.481208,13.552413,232.8861,100.40606,37.662678,32.58288505774649
31.785152,6.707472,2.371316,1.8892856,5.723332,226.14809,93.650345,30.81982,35.615354143189045
77.08669,8.473551,2.350288,1.5759032,8.43915,236.76994,92.15576,40.793198,63.36755884297318
30.529497,0.09538954,4.2200527,2.3648398,10.76337,234.03836,100.83319,31.858698,35.288079936445726
54.06364,4.0289,9.203898,3.658717,5.76013,226.59952,97.50477,36.187405,49.23071836818282
54.75887,9.072432,8.791849,7.93665,1.9083091,236.61333,93.850945,44.507282,50.273723356388636
49.37747,7.4031305,4.5689454,7.3792396,8.076183,229.74686,90.61397,30.828848,47.6290068297875
58.684715,5.428414,4.1089993,9.254516,9.4229,223.49278,101.332,60.118263,52.264056527965415
33.789604,5.2964454,5.550091,0.5862956,1.0817825,221.55424,101.97201,61.82356,37.525510223755035
53.159737,3.477701,2.43454,0.11556281,2.3380551,233.99211,92.83605,46.45655,47.67482579971694
42.330395,5.2052054,0.52184993,6.9913883,3.902069,237.30241,102.03476,69.38664,41.40699245240061
59.700035,6.553832,9.3922415,2.792875,5.872732,236.14883,109.03945,57.159756,54.2492015681531
28.473413,4.1836305,1.8669899,3.3407888,8.5747175,233.11302,109.56591,59.74887,33.15489776700944
54.252644,7.1415315,1.9840072,5.4680204,5.113801,222.8275,107.76986,37.692017,49.48870810561684
31.11622,8.612322,4.724603,1.0241312,4.8665733,221.88087,106.14157,63.497505,34.95997615222779
36.718582,1.5468485,4.9161334,6.4269443,13.170891,226.90059,94.187355,67.80186,39.21754554553496
33.12259,4.51547,0.1843421,3.2514744,3.030709,237.09822,93.1287,39.452408,34.894562935883116
30.970266,4.080201,1.4795474,6.3271513,7.936442,239.23473,98.89895,57.458572,35.434060164102675
69.542656,6.874648,3.7815483,8.340069,14.339546,224.82721,102.39263,59.877644,58.561411222189946
37.142452,2.4986746,6.837307,1.7111133,9.750185,235.24191,107.01357,42.206768,40.43818026041535
75.627426,6.402509,2.2841845,9.308731,11.040876,231.47739,94.63926,49.00036,62.01996587843409
78.195595,8.774893,4.2301445,5.3068814,7.0373178,220.63615,99.59296,33.901566,63.54181197469844
54.275627,4.181316,5.5734506,9.229278,1.2790504,230.85832,102.94881,36.923794,49.28070261216628
28.580067,9.110157,8.885925,2.0773008,10.045825,236.1188,98.91188,32.462822,35.54437337754237
42.472893,9.931638,3.260705,6.0456266,9.84694,225.52246,99.08387,52.40662,43.186198660239825
67.86394,1.0609205,1.3355826,4.0388713,2.545987,237.94724,94.50234,55.010517,56.306849178614605
42.043446,2.3305318,4.892722,7.742222,7.470236,224.7252,109.733215,66.64478,41.282718126293126
25.221033,9.503798,7.467216,6.0590897,13.814605,221.52946,99.50387,51.687393,33.35005263789172
53.407093,9.583277,1.0985975,4.9451547,3.8711877,223.19879,100.65484,40.424454,47.489700062847504
70.70725,0.9770728,4.2468348,9.129854,7.4553823,236.74005,94.371185,32.37894,59.25677980647419
67.755585,0.149985,0.17785141,3.7711706,7.455445,228.34612,100.28274,65.398125,56.85995630264138
30.50739,1.6110002,0.33559182,2.1998022,12.35066,235.9389,95.106995,49.154324,35.158607130365056
60.365875,9.960128,4.8295336,6.081012,12.544063,230.62466,94.04672,59.492878,54.712575106115096
33.230255,1.7999961,2.981973,6.2402844,11.629772,229.61118,95.51444,30.585974,35.75593732702278
33.092453,5.025476,8.451073,4.3909464,6.1163583,236.13826,90.05519,49.52556,37.21999619210566
72.444305,8.484178,6.021543,4.8661003,2.008517,228.46976,101.40302,43.028904,60.35664921762029
34.980137,0.2040161,4.5393295,9.595534,5.8927617,236.04065,97.7496,31.213251,37.9085884407269
35.79484,6.04489,4.079354,7.326857,10.5170765,222.01324,107.97378,61.026913,38.20822625100573
20.039204,2.7702544,4.972455,1.1060175,10.838452,232.72621,90.81414,50.516068,27.995936838494927
72.24014,8.623349,0.4043883,2.1213007,14.510003,234.05174,90.864006,43.32721,60.025976071264346
67.55569,2.8346114,8.927934,9.755766,7.3509774,237.98195,107.71747,62.23194,57.55744966457558
57.639736,6.867557,9.983031,7.2646556,9.854098,224.48648,92.53289,47.876938,51.43567411314846
65.015945,6.7421966,1.8148712,9.150452,8.548672,232.0844,90.043205,30.139917,56.54066509039347
29.122913,2.2149355,1.2038296,3.0386147,3.1086597,228.66513,93.57828,67.77791,32.527387493562344
47.499416,0.347992,1.4357747,7.4186687,7.456835,227.65543,106.47752,40.22731,44.54082769937319
41.073162,4.092496,6.6102705,7.140027,8.627692,222.13428,106.05428,63.223022,41.001221624270485
25.62659,2.8919315,6.6144085,2.9469,14.310494,222.68466,96.80264,62.656616,33.30913536373015
49.167828,8.089778,8.479241,5.5081635,6.131547,236.73978,103.36062,36.494957,47.45712538084466
75.24438,8.003642,7.518264,6.2741513,14.721388,234.99507,100.145,48.960106,63.543916888265024
22.403547,4.5702395,4.4968967,4.811318,8.592201,227.64682,108.094696,31.60796,30.714616118801597
37.487656,6.065122,6.1285534,8.271787,4.3945694,236.56973,91.12847,44.182068,39.34498491047874
32.452457,6.0425954,6.882847,8.328691,3.6833014,221.61533,106.26358,59.239155,36.48529191135426
34.2888,8.271582,5.1273646,8.506005,2.983729,232.49548,93.41197,39.48278,37.50674905627407
74.50607,4.2500243,4.75651,8.034236,7.34106,237.36353,97.83242,34.685116,61.679231859560375
48.084145,2.7544668,6.4509745,4.8808346,1.30697,236.77728,93.83914,50.284943,45.326716943836026
47.977966,2.6503491,5.5747457,3.814383,7.2306337,227.45566,104.05229,51.479454,44.828757836714246
65.63454,5.3619227,6.439423,8.313763,14.837666,234.90468,103.56652,57.033157,57.38201864977018
29.269533,4.4914823,6.1285477,4.9020147,10.381495,228.54936,100.957954,60.36551,35.054686206250715
49.23592,4.401208,7.1919656,2.463714,11.637006,236.80276,103.963264,57.832382,46.21384934080296
45.799114,0.9113734,6.4280353,5.0734353,2.6660755,230.61523,102.7913,63.81649,44.00794421844917
55.81464,7.1860375,5.197425,1.4184983,7.623412,235.29713,105.52884,38.91626,51.49948896752935
79.973465,2.1373668,6.817968,6.916295,5.0071235,221.57143,94.78813,52.79067,63.239238796952094
66.16693,1.9695363,4.4948196,3.3592129,13.517365,231.80052,98.578255,44.403812,55.7569562955318
43.87194,4.127583,2.4167123,2.606588,3.5380945,231.00568,93.03253,68.4845,43.123904412366535
69.65318,2.2777834,0.014182202,9.565087,7.4222665,232.19954,98.59187,47.61118,58.06718989127545
30.242502,5.8385825,5.5996413,7.76881,9.232668,233.91283,104.03384,68.38856,36.098642346998396
21.827822,3.7146335,5.9065523,7.870695,8.196575,238.36218,103.82782,60.762627,29.75071221755348
32.266903,4.489117,9.7204895,6.23722,12.623409,235.71364,104.18854,58.738556,38.38912207637074
40.424694,5.371693,3.6147833,8.391728,4.2403445,224.39276,96.175354,49.662548,40.267114363307726
50.634846,2.0353553,3.9413323,7.5916247,6.2834754,236.51793,103.24428,47.735126,47.11000930247683
56.90775,1.5575162,2.0179958,5.987737,12.08918,222.44159,97.34933,51.061928,50.535717005411705
74.636345,8.804219,0.70534295,9.611244,8.393,232.44397,108.88984,41.745323,62.24020884181458
50.59124,4.337237,7.728045,1.9159495,6.6296434,237.65508,96.867325,66.1804,47.97522269641044
50.076538,4.120936,2.4968107,9.433797,1.4121952,222.02245,102.06036,61.773228,45.952374269639776
23.01458,0.3561215,6.0890484,4.0143814,11.547396,236.99385,105.002914,62.055836,30.48780350121392
22.094692,4.979763,6.8777304,5.28399,14.610549,235.97241,108.12815,47.326145,30.74079306137374
53.0696,5.541697,4.712367,1.2273932,9.684018,230.07552,98.758575,32.84356,48.059280546133394
46.290718,5.588409,8.763521,5.4010744,12.991577,226.17795,97.2097,57.323093,45.70094037244223
70.35082,7.0703115,4.437948,6.1120677,8.23626,228.10876,98.60056,44.976543,58.74236605693486
29.640776,1.7748183,2.8490863,9.9770155,4.2435336,239.37317,96.47393,64.817215,34.44327275842057
21.4983,2.5222313,8.9601555,9.7519245,1.2021894,224.03395,103.07849,61.21354,29.102149189674055
46.942326,8.107305,8.615643,9.663973,10.147575,231.59209,108.654335,35.813126,46.51363368866988
34.248714,9.471706,1.6403995,3.4838805,7.903524,221.66481,92.52142,54.06863,36.622127724309564
22.976862,1.3593274,0.25961018,9.912665,11.949374,224.35786,101.218445,57.688557,30.33669661785752
63.4759,4.9764957,0.89985555,4.5547814,10.7255535,235.26633,107.95297,52.725502,55.12357969151315
26.69558,2.1417625,2.865474,8.518363,14.831333,226.05199,92.00229,50.561687,32.259953292037586
56.49917,0.6007317,9.722598,2.1631997,8.144376,239.71532,99.87731,39.114525,51.74833930328474
36.862984,3.2550335,5.5851617,5.058332,6.9804473,230.01634,107.30459,39.436275,38.81956480799728
30.409763,1.4368763,3.7326174,9.660121,5.0143557,230.33078,108.00904,60.720325,33.715581512674504
42.78509,7.099331,8.887161,9.470314,7.6760583,220.72629,100.28704,30.747591,42.86445145270438
68.08675,5.337254,4.5313635,6.837349,13.220201,239.13054,90.49904,61.156403,58.07231168418199
43.525616,1.4383447,3.1523862,7.978143,1.5941561,223.48466,92.112785,51.07195,42.30016537796728
65.04618,0.092415884,9.412195,1.764267,14.6906,230.76682,101.73434,67.448906,56.1792162802562
27.529179,8.081571,8.495176,7.2165856,14.906301,227.9135,92.47717,69.89286,35.54622002114503
66.36629,1.761944,8.436684,6.180508,9.369499,228.31169,92.98836,56.539383,56.94220304884131
34.216,6.062166,5.1228476,0.91551733,5.6416187,232.866,105.442345,46.490288,38.28740866301099
60.64359,3.369219,7.894384,1.13159,4.1226854,233.24178,105.01384,49.003437,53.13405484283224
53.94689,5.8548594,1.7935336,1.0844362,4.8708653,223.08577,106.85545,38.168617,48.696763606088524
75.74868,3.1565363,5.7322297,7.2435694,1.701476,229.99173,92.1147,33.96937,61.4342634354555
43.23935,0.8693956,9.838459,1.417152,7.6515536,235.80956,93.9629,53.150536,42.61213027607745
23.969912,2.2295,2.9095843,4.677323,1.8025398,228.86572,106.659225,62.219803,30.44420226676185
21.149328,1.8805857,7.9435234,3.569818,11.058639,223.31609,104.42175,40.47066,27.90000271044468
69.61151,4.2801933,4.904784,5.5050416,6.207012,226.26434,106.119125,46.786114,58.10920429669071
51.48414,6.582838,0.39805683,7.064765,3.7911062,224.24759,109.794914,52.190945,46.58454227703624
66.51464,2.6380608,7.630194,6.847225,8.62795,222.51634,107.288635,66.31591,56.61050731375732
34.065536,0.12069935,1.6856915,5.155199,14.63263,227.55162,100.40926,35.54525,36.54863665113663
40.705025,5.1893735,6.314736,4.6433487,10.731834,230.81873,96.21536,39.475327,42.31774831209965
21.806232,6.057595,0.85664195,3.9781559,7.8844557,221.45503,101.39353,66.74122,28.88696040721679
77.68954,9.628705,9.468674,8.6191,11.876801,232.07646,102.77173,31.581423,64.85181634547763
60.072075,5.894708,2.917239,3.308518,11.324671,239.86049,96.706245,56.244625,54.24476827438827
75.9923,4.7117257,2.264647,2.5936582,13.484297,239.2825,105.41874,55.581036,63.59825484962959
35.929783,5.7340164,1.2913641,7.433155,3.8653653,236.58347,91.85508,45.330177,37.707073582247936
56.687817,9.279006,9.460022,3.5976346,13.024286,225.32683,105.58786,48.726585,52.49978550480338
60.71,8.283781,7.1190376,8.469986,5.214365,220.44815,90.63997,64.19672,54.11341333159173
39.052982,3.2297873,7.416609,3.2788873,14.173985,236.67084,99.95932,36.59928,41.31369290396489
70.88655,2.3725436,4.9940457,7.0194483,4.934912,221.11441,107.22873,39.2627,58.849924561106185
76.82969,2.626336,4.7472777,0.45109007,13.97588,224.11256,91.729904,50.494015,63.30585961076726
73.09131,5.0442104,1.1002125,3.8556287,14.49307,230.88907,100.35478,46.389816,60.71471752672737
64.34402,7.4404945,5.598411,3.4323018,3.036879,223.56757,93.18783,52.9749,55.638510123674564
36.64788,5.032192,2.4691648,8.166787,14.642999,236.67577,107.89632,66.833565,39.122055687383494
36.89696,0.677964,9.771453,9.670554,2.2001216,235.5432,106.64691,66.68408,38.521577231706026
77.80162,7.235807,7.9658093,4.608813,4.059949,235.11539,108.678345,39.200733,64.25085555016553
20.61707,8.059701,4.1299205,8.248363,7.218363,236.32256,107.49965,42.085785,29.700971886328105
62.962997,2.8949788,1.5134126,6.996947,14.910363,224.39404,104.731064,36.482746,53.85410917034693
62.37477,6.6412573,7.853317,9.67386,7.839883,234.57785,93.697784,67.11162,55.45300817857123
57.361374,4.265919,1.2205377,8.111085,8.705732,227.10564,96.05005,45.914566,50.80819156307588
79.40653,8.891193,1.8933375,0.77478063,10.72195,233.3369,99.9371,47.988205,64.54896246552566
38.712765,8.452255,2.1152053,7.1328173,14.556109,222.44043,101.77794,62.105633,39.71773418207304
40.39831,5.25432,5.5689063,5.354997,11.96692,234.11172,105.64367,50.51894,41.106604412269526
24.736364,6.9150553,7.8705664,0.16436058,4.138156,239.44215,94.53919,34.79022,32.52921959172553
46.567886,8.833497,3.143149,2.5131295,5.2418733,220.87201,92.565544,47.513947,44.713529803604416
35.66291,4.95717,0.84669816,9.217552,2.3667953,221.87657,99.65221,55.220963,37.81471819164882
40.603203,3.1325073,4.645385,9.260613,10.022333,222.47273,93.15683,58.768364,41.031346446851515
70.07431,7.536661,7.4811025,7.9885044,3.5303643,228.61128,103.87473,55.814075,58.48734704538023
76.129074,2.2006626,2.2166383,9.817796,4.603668,225.8156,101.51262,34.767227,61.52425981757587
31.143984,3.8853114,2.1992455,8.065453,13.433591,236.1384,104.82216,42.173782,36.56612082090059
42.350536,8.657272,9.47227,0.10204187,5.5745792,229.47574,91.26873,59.342587,43.042246266223636
75.717834,7.2442236,9.541537,2.8783433,8.933054,229.69075,109.29395,65.20761,64.06977655921712
23.708508,4.0381103,9.904657,0.3062418,6.565924,234.34076,90.000114,31.887457,31.91568245015738
25.541632,2.147445,8.076596,0.9410797,2.036438,227.23938,96.50885,31.689165,31.94223741008618
29.76746,3.5596838,1.8818417,2.1884081,6.0800934,227.06415,103.5927,55.73618,34.96811333609387
55.71277,2.8410416,2.119815,5.0355854,6.712955,235.13853,90.90284,51.921844,49.07180959454455
29.028336,1.7608929,3.4022524,8.47532,13.539816,235.60083,91.66699,36.213562,35.02476042231682
78.08458,7.433329,3.1813252,8.619668,5.5423093,220.28798,91.53363,51.931664,63.31782471052329
46.80287,2.5206988,9.565277,6.162019,6.309376,222.87581,101.630196,68.97949,44.310725953128554
50.091076,4.5416746,7.89074,9.281759,11.960555,224.26196,107.9185,55.236008,47.43148758745111
34.79952,3.8585944,7.240088,5.000623,11.625393,227.03201,101.10874,47.965645,39.054754794477304
48.257614,9.820774,1.8596323,8.890361,12.175994,225.82896,102.07143,63.1013,46.886868072529545
59.714817,3.9109225,9.095256,4.5406528,14.352791,233.3704,96.92004,38.5129,52.85671982683335
65.070625,0.79982483,8.278704,2.7722502,12.137805,236.5627,90.374825,46.57306,55.71020106946418
65.232086,0.89825755,1.6364185,9.164129,6.706515,223.84174,90.4323,51.110714,55.38603065969224
54.673466,5.907537,8.711703,3.8793507,12.50112,231.2596,107.7662,50.181595,50.86745920580817
74.26159,5.9936357,2.7224753,5.034041,8.121445,227.35632,92.051445,66.8389,61.44668931669012
69.04447,4.18759,0.80869746,3.2886064,4.8879967,230.11555,109.99579,41.706726,56.652595416366964
65.42289,4.318437,6.568223,6.628376,5.240839,232.41516,93.28845,32.260147,56.01795410066278
23.33633,0.53932583,6.5380464,9.950313,4.1337934,237.872,103.49269,66.65509,29.621629245014095
20.412678,5.165465,0.9493201,0.25513548,3.0299015,223.84586,108.97911,38.682705,27.11246390429373
32.746838,5.0473948,3.188518,8.99848,3.5828657,221.74013,97.24579,45.161118,35.136555037322104
59.811417,1.4954932,9.928144,0.03926057,1.8844928,232.54424,104.68867,51.235664,51.699778939008574
44.67185,1.0383939,6.7842665,3.642279,13.438313,227.88261,97.017136,69.03522,43.32320179493954
44.144375,1.2357249,7.3007517,1.686068,14.034109,223.25806,96.09882,51.410736,42.81405881905851
73.07521,1.0102825,2.1291728,7.5734177,9.214786,222.34174,94.03608,47.909733,60.32317825305799
73.73377,6.097082,0.7878207,0.5061084,12.766853,231.17819,106.4187,53.34554,60.64455936303417
74.550514,1.9648265,2.769017,5.5348496,3.5699954,226.00941,95.14774,68.83233,61.39800921173301
38.832684,2.5143015,2.4889839,2.9492614,13.623433,239.94853,95.66316,62.717785,40.402992678307854
61.46335,1.7357215,2.345441,1.3367025,8.089062,228.11801,109.97939,36.758724,53.35617748380689
36.297993,9.578353,1.9275432,7.718182,1.9403099,224.24573,96.54621,62.1304,38.18323459530907
31.43659,8.546175,5.7475567,2.1741683,2.9783785,232.57698,98.45549,63.643963,35.71372736836191
31.077948,2.3049483,3.2810347,2.236752,5.3256702,224.8851,109.80111,57.627766,34.52937357566238
40.52646,3.275663,8.20345,2.750768,1.6098062,229.88171,97.38601,56.289337,40.58213664900326
45.79746,2.0989285,1.8394742,5.8676677,5.330107,229.65152,97.323044,47.63508,43.723014938943756
69.85695,4.91876,4.6462708,6.596659,1.8390261,229.07115,106.55429,55.667816,58.23253986879122
27.193466,0.19610533,0.13657837,0.17602524,4.3043866,235.9217,96.23861,59.503,31.720747235974553
64.09555,6.7136803,4.816823,2.4186964,4.7193766,224.33226,94.67572,34.91281,55.36038069815788
51.887295,5.2315817,0.5583822,4.3097086,14.921165,238.08615,98.4642,40.293198,48.52041387959392
37.276722,8.986389,9.777235,3.3197696,4.297653,235.82681,104.01282,37.763275,41.429819484838724
49.569176,1.6439269,7.9059215,8.841706,4.3486104,226.66245,90.86486,63.64847,46.11626869676824
37.996525,8.041093,4.901115,7.877087,10.615046,223.61205,97.47832,57.200104,40.27995850016068
55.764915,7.91961,0.8658736,6.258902,13.031005,225.5907,96.9249,48.031143,50.515477912258035
46.030636,1.2718118,5.924454,3.3804243,6.4187756,226.65273,94.89637,63.04223,43.423968737309394
29.864332,3.9855921,7.5876374,7.0067234,13.258653,231.13866,103.08575,58.671253,34.7517947548355
26.994984,1.7015264,1.9071726,8.43638,5.761988,220.92737,95.799805,66.543724,31.8312807602488
52.801743,2.547205,5.6820836,5.9483037,3.7582223,238.28719,102.13463,33.07228,49.00191011668098
74.14478,2.6324618,8.142109,7.8446145,5.6149435,221.9735,100.08674,50.366295,61.53848068191184
40.637463,5.562364,7.682478,7.49105,9.53099,225.58546,94.343796,58.269917,40.93728231982986
63.980007,4.1141095,8.029921,5.717373,6.140004,222.18575,95.33132,38.29973,55.57223769503484
59.51968,9.477328,8.793234,3.1218321,10.420513,225.13345,93.412,43.08505,52.901146559387975
75.893295,1.2637014,9.376821,7.4578214,4.3171024,236.75348,91.13258,46.75905,62.409002877277004
69.25886,9.736921,4.0552115,2.0679636,10.813901,232.30351,102.383766,61.773026,59.64147539478844
53.996315,2.3063865,5.687691,7.7948833,5.864137,224.54646,103.45577,49.74305,47.827918298613234
59.42183,7.7287393,7.906595,8.045467,7.3821573,237.43517,93.32,49.7148,54.26598426999121
73.90319,3.3896992,6.9713984,8.221449,8.808432,236.01424,102.307846,47.235504,62.550710984933694
43.971127,1.4308139,9.955202,4.72916,10.60715,235.07298,109.64169,39.143562,43.50575830837542
39.60768,8.578892,0.1367765,1.9248077,4.341992,236.95265,91.488045,66.92286,40.0436210479011
20.648664,3.088609,3.5513322,0.997236,12.703238,232.39299,99.80742,42.712044,30.266569250024194
69.59306,6.588554,2.8102794,7.4336123,11.105799,230.02875,104.66077,52.698627,58.40421695249934
68.058846,5.664437,2.6231585,8.862614,4.277371,227.4787,90.92018,35.95119,56.75136042879423
26.267271,4.717563,2.225298,6.5083838,14.649644,224.47528,105.56547,47.369736,32.309290954603306
54.611443,4.9581947,7.0912385,1.4416006,10.3071575,231.14824,109.590225,66.15214,50.41385989558715
47.8389,7.322379,0.84759474,9.348965,7.3339763,237.78984,91.76976,69.81861,45.630981840656766
27.122545,0.8777291,7.416088,9.89102,3.2053826,231.87964,106.444595,44.470074,32.05863937057713
78.83409,6.6818066,6.9342585,4.333786,8.465094,238.39214,97.57163,36.159622,65.17021037550775
32.881752,8.958121,2.5080414,5.9482527,3.3068624,227.13835,92.882324,42.57806,36.00287579936388
24.03405,0.577882,2.5283377,7.772285,7.0128837,233.90276,99.86386,43.089672,30.341171284107812
55.69084,1.4065334,6.2886057,7.363898,6.7219753,232.97331,91.430374,55.780354,49.624324170380085
64.332,7.1663194,7.6217113,9.677872,11.079155,233.40868,100.44203,49.846268,56.36002527212407
21.946608,4.3728166,8.764856,1.1488309,3.6933646,232.90083,90.38714,60.738388,29.343577999311336
59.52306,4.035486,8.521396,5.8072486,12.506199,224.43309,104.57223,58.05213,53.05467009040936
51.93751,1.3696663,9.64883,6.9193144,5.5658526,222.87181,99.75939,40.05235,46.41944027858613
26.1959,5.0677004,5.813849,8.900984,7.215841,239.57257,99.178795,61.370228,33.649955455651174
30.351433,1.2654531,9.0865555,8.7410965,11.812774,220.9059,93.92383,63.898476,34.585709667541096
54.078457,4.7662044,8.085133,9.779998,9.755493,229.35474,97.225266,53.935608,49.92433039802034
37.781456,7.636153,8.946676,5.1207848,5.312355,228.5016,93.63739,67.106705,40.23126352794641
76.29894,2.5826435,0.11626601,8.307609,6.406841,227.20038,104.7078,61.317924,61.3734045323808
69.12441,4.807862,9.65903,4.272817,5.2810154,235.63968,93.98051,53.815838,59.6599585075442
79.01403,9.920159,4.7353015,4.223139,9.326782,234.90701,102.33507,66.24664,64.76558077693532
35.58025,6.866504,7.98183,2.5334837,5.6567435,238.10449,95.59215,54.01434,38.38727752521766
78.18342,8.413568,1.2720412,8.182373,11.159768,227.90974,103.13964,50.847645,63.886438436117054
45.87403,4.148476,3.959411,9.858151,9.117021,231.28358,100.8091,44.25033,44.275060689763514
40.851128,7.6786094,2.7146065,2.5634172,3.0398927,237.84615,98.46877,65.31453,41.607358403417784
23.020971,0.40509173,2.9165876,0.5613159,5.3437605,239.87697,103.460014,34.90909,30.443806180009137
23.165915,1.2291118,1.2325562,8.155424,4.100264,239.3859,98.31444,48.94011,29.483970908865476
61.520676,2.030706,8.057638,6.2023005,6.464385,234.35687,106.427414,51.496532,54.04724687133774
47.47574,4.0195193,0.09242315,9.596988,8.223777,222.86455,104.59197,52.189964,43.675374456623594
33.591297,8.457449,3.1250546,2.5223923,8.09468,220.46371,100.81278,56.075592,37.012536470303985
56.83822,3.4626606,1.7441055,0.7102766,11.563332,236.50436,107.541214,50.231827,50.45362672398763
35.171486,6.5462117,5.8903894,4.9244227,3.648406,236.81885,106.57724,40.272724,38.445557436894944
54.657906,7.093143,2.542524,0.8546602,14.25062,234.92722,100.63679,64.27778,50.53306089458928
41.552525,5.8618236,2.5899847,2.6179,5.7998314,225.59846,91.36896,56.301014,40.884295925213216
69.41313,3.5724196,4.8833814,1.2597786,5.203484,232.79636,101.31992,64.327515,57.75221065567497
69.24177,5.7705336,6.5268903,2.2413218,10.5925,226.32497,97.10514,41.04174,59.43091564175109
48.641026,3.4226558,1.213047,1.0614465,12.277233,229.01297,100.80226,55.482277,45.605865357695656
41.049145,0.83873737,1.7551146,9.53906,6.2986045,227.6487,102.94261,58.566948,40.993021498291654
41.75359,9.92804,2.4717474,2.7856271,11.455857,238.2728,102.896774,45.336205,42.60089470626101
68.34287,1.2718245,9.737482,4.438976,13.372303,224.68315,103.47048,62.489765,58.559031143912826
39.69077,0.72348386,3.971525,8.986118,11.735251,231.55222,103.58537,30.100351,39.997399532164316
32.543564,8.785308,5.989901,6.773216,1.4787508,227.21964,92.18563,53.79679,37.21050557224526
25.0813,3.0183465,2.4154282,6.1803746,12.583165,233.26143,93.83424,54.54274,32.16309563414533
48.001587,6.5029697,4.9045954,7.055632,11.842733,231.29126,102.61082,51.353725,46.665406912552605
48.927925,3.2900572,0.74119174,8.288222,10.370064,238.47955,98.163445,55.20194,45.615948432810285
70.45452,3.9145427,0.34742147,8.776692,11.640314,222.03224,105.257034,36.689075,58.77858169086786
33.274323,2.6211298,4.6873355,6.426397,14.711955,224.41281,92.498184,57.39126,37.39049995474126
42.859478,3.43044,3.9865928,8.900073,7.0355806,235.32697,93.83046,43.431557,42.46874860282589
68.50434,4.107004,1.3688031,5.3539753,1.9411253,227.37573,101.1693,48.08215,55.76352499921469
69.41742,7.2041607,6.876014,2.7729084,7.45246,223.31567,100.01496,43.324375,58.42748997607236
43.076664,5.115362,9.929035,8.800767,1.6500711,230.06642,95.32794,48.957447,42.309341085707864
47.54744,9.435652,3.956468,5.414728,5.119506,233.04285,98.16686,54.86277,46.040911980481695
38.197155,0.41880393,6.2455864,9.061376,9.216317,220.89653,90.69962,63.533737,38.692622035602255
75.95329,5.030683,9.62976,0.40167814,5.3347206,225.83244,90.74076,49.337402,62.56600707784123
27.118626,5.842248,8.31535,3.9751575,10.595533,236.18845,91.89854,42.92895,34.11975357149349
76.02496,9.20197,4.6355224,9.47805,12.507809,230.40489,101.53585,49.517673,64.32754500659534
61.031986,0.49158522,7.3748946,2.496501,6.8861485,220.70758,107.27433,57.552147,52.42406915072683
51.89433,5.734996,1.2813504,9.415362,13.601932,225.63902,95.20447,43.86803,48.11177073189187
21.959543,8.5363,5.1210384,9.539024,2.117745,232.7828,90.678795,46.57128,29.960817112105087
48.53577,2.4192772,2.7906027,8.821424,12.761584,223.98718,104.17254,52.51359,45.68779401682429
44.464886,8.762923,1.6116369,5.6366806,12.600024,236.54782,107.10705,41.760372,43.72435678283509
29.673128,0.1904341,4.2628093,6.4693947,5.5079145,233.53152,92.76346,38.363388,33.97969179815079
59.384575,7.3245463,1.3101455,8.69617,5.1820126,229.42758,97.71495,35.615692,51.48936830174846
78.26906,9.331132,6.989851,7.7589707,5.27133,238.31247,93.174736,44.1044,65.36627924007843
53.731327,6.5719767,4.5624003,6.3009386,12.359512,227.83601,92.12715,31.933716,49.54582033964389
62.885197,4.3902926,5.311446,9.822594,12.643148,224.70146,102.96337,53.339302,55.41846626244988
24.107027,0.44881016,1.4637594,6.856766,5.6161146,233.22806,109.35073,37.036373,31.35170686966687
45.06002,9.2011385,1.3977166,9.75482,9.296265,231.4659,103.56331,45.09579,44.02266722293381
26.981508,4.7029624,5.834154,0.5738847,2.9450653,226.70496,109.6963,40.768913,33.381653023614305
56.76775,0.28996745,9.850098,1.3896037,7.5629025,226.87329,98.687904,55.2156,50.48178875329436
76.30893,6.8982105,0.9625058,4.5145884,14.9831,227.9642,107.9574,64.013824,62.15623745205965
59.706665,4.8183727,2.8573143,3.8487947,3.223748,225.82277,94.101685,55.332043,52.06294825925545
24.608183,1.2434531,8.6945915,7.827348,14.265877,234.20483,92.358086,51.700195,32.309017658095215
41.279972,2.142718,0.72272015,1.6061403,12.539566,233.02716,104.0504,56.76335,41.65923355321173
53.039803,0.6449068,8.758857,9.760952,14.611005,228.81555,97.42817,31.199625,48.85087017856012
44.192467,5.742935,5.24286,3.1506588,3.5141027,227.95709,96.35375,34.913788,43.3963693408281
70.01864,6.220295,4.082668,4.289237,3.9892588,227.30103,103.42561,33.79709,58.70802928292457
68.88026,5.057423,3.0968056,2.7474504,1.2361405,225.66937,96.66968,33.927887,57.46662497097752
56.70986,8.171021,2.9711716,5.7936363,11.145825,221.71393,101.451164,40.41935,50.52338093690864
42.40748,8.610088,3.0580258,0.586287,10.017325,225.36409,95.989105,51.28209,42.535838595658426
35.320183,6.156244,8.848031,1.496775,3.492916,226.42403,105.67515,34.587265,37.6444517861619
26.352459,0.1275648,7.237952,7.457977,12.07603,230.95367,96.247765,67.40465,32.02565794417503
41.29386,6.9522967,6.69723,1.8650059,5.188737,235.47577,100.69988,64.17027,42.06809431574939
44.79035,4.179992,7.9874916,2.3551445,2.8899379,227.91405,90.463524,68.865776,43.407992105099744
60.549374,5.655575,2.5711467,7.9298224,6.9158773,238.89514,105.83462,31.700003,52.95027613847192
59.48959,6.490806,6.180428,0.9330118,2.273578,236.547,102.40675,64.0561,53.015444887647085
24.206488,3.502366,4.600662,4.374738,4.685411,239.69603,93.84474,62.149364,31.35139475293948
43.715557,9.170985,7.824416,0.23063387,6.198667,237.52406,94.307465,66.084236,44.27438932093445
30.906733,1.3397486,3.092561,3.468074,12.926099,232.33452,95.249855,51.117767,34.63467402507364
29.408762,6.715118,6.431786,6.989814,12.095682,231.96959,101.5306,61.515564,35.48907790565405
69.63813,0.0435958,8.8221245,0.9010328,7.19856,222.59052,100.966324,32.051476,58.00804885862807
22.514914,9.246511,4.021505,8.883347,11.144051,234.44798,95.47727,33.03511,32.11016247779927
45.150974,1.1250414,0.6662209,9.094991,8.961095,232.00414,103.88125,34.74129,43.48982178794369
30.092218,0.9488423,5.160508,1.0499038,5.7717857,230.13864,107.78082,66.59155,34.1209491694728
72.75981,3.3300762,3.459725,9.907325,11.162241,233.86574,90.87031,32.446774,61.1553810523395
53.422432,3.735663,6.722254,2.9752955,10.568988,228.88095,98.34393,34.00598,49.052889966064065
33.88284,2.1430008,9.510329,0.8410167,9.667322,230.47719,101.8704,67.216415,37.344777736191624
50.145638,5.851217,4.8560834,0.050671145,9.651378,227.96704,101.72871,34.295704,47.04028918263234
63.889183,4.429141,4.6619024,4.085229,10.561748,234.34741,90.39071,64.79025,56.26432686701389
77.48708,0.3417559,6.545848,6.2981,6.383637,237.53223,94.21132,61.57083,63.26308817722858
33.22676,3.1965206,1.034975,3.3217926,13.167062,236.8169,91.23662,31.61128,37.02601865542483
73.170906,8.104329,2.5350618,8.367173,3.2723098,235.7205,101.3793,30.873896,61.647460548373864
76.05825,6.8970156,9.189794,7.166063,13.374396,220.27576,102.9078,51.375534,63.78381764862672
74.98523,7.2487087,6.699426,3.5016153,5.791946,238.23761,93.19484,69.88702,63.06022914159766
58.124863,6.981169,0.13444044,7.3430967,2.7504425,225.49751,96.660225,65.153206,50.49390481042309
57.789238,3.1097302,2.0462546,9.404878,9.400384,237.75948,96.59608,42.401016,50.94833084098517
44.19264,0.9966392,6.8283725,0.93096,6.2638135,223.93936,106.39605,45.45237,42.10099390466033
65.143875,2.7246718,7.643992,3.0610397,12.416996,228.79291,93.89319,45.51624,56.35250876188373
51.87764,8.317853,8.398596,4.6332593,7.0309963,234.98798,100.966286,59.367153,49.21862134606557
60.646286,9.804708,2.921768,4.9799013,10.359876,232.80557,105.65871,43.64531,54.276347823386736
45.707474,4.9384704,9.310286,5.4219565,5.315612,228.31844,106.59156,35.911884,44.354188941580816
63.88979,0.09700355,5.529469,3.006269,3.9323332,233.57248,103.33132,59.884296,54.13440847723096
69.46829,1.4004481,6.96539,6.6725965,6.4326863,230.97899,95.990555,48.320625,58.22039419944145
28.786175,3.2208056,5.9673886,6.4508452,9.49531,225.51472,106.46093,33.071148,34.26059158113992
69.975784,5.7858534,1.2274005,5.778215,10.197254,232.92659,104.84332,61.60209,58.853076568998766
52.417793,0.75093645,9.631146,1.1376172,9.094893,224.08495,104.089386,53.41245,47.03725437763883
70.679955,9.433573,1.2287558,4.769679,14.83278,233.87976,91.34671,49.57477,58.87530904377501
45.8781,3.6508367,2.5488195,3.562269,10.675262,220.06221,90.865295,56.933727,43.52727324366978
42.742428,9.125842,8.136279,4.9103847,14.041275,230.97545,103.9073,50.214706,44.02999136330723
74.90364,7.805218,6.18597,9.218664,2.6510646,228.02135,108.8959,55.936806,61.340410185544876
35.070156,7.554373,8.381492,4.8053136,1.859221,226.06207,105.47448,64.69954,38.14024025613522
70.65274,6.067196,5.157362,0.13980792,5.3539257,230.31416,106.62951,54.540573,59.945763590791316
49.041233,6.267838,3.7699323,4.388367,2.912245,232.90623,100.89964,56.38402,46.489885347003465
50.845726,6.3800325,9.218455,8.206482,8.36216,239.30624,96.09172,54.55424,48.954116264771166
38.5081,6.287214,0.36252317,7.800609,8.265738,236.66129,103.55474,51.247192,40.118371733253305
54.38253,5.5372825,8.561302,5.1339006,9.05066,234.343,104.23942,36.878895,50.045911623690436
39.512672,9.8641405,2.308178,2.4976902,11.43319,229.57935,103.50716,43.427105,40.90731524951845
22.356165,7.3229055,8.487363,4.6508865,14.598616,227.84288,108.93418,57.724358,32.0686974882913
36.319916,7.769464,1.3919661,5.637022,13.295622,220.65059,97.34358,47.019043,38.38555030330641
20.382742,8.724628,5.80219,9.998714,2.6571414,227.18193,90.79315,46.24516,29.08107438181314
78.70129,2.1563976,8.881079,6.441781,5.7391915,236.96754,108.168884,60.37077,65.13952430782629
77.94483,0.8380416,4.7353964,6.9426494,4.5815225,227.6805,93.209984,30.222754,62.85693851830348
43.709316,4.828944,7.465667,4.9145412,3.4754431,229.2317,103.946365,57.15978,43.99179302508007
63.70225,5.140807,8.046716,3.5448954,8.626148,225.43669,107.46409,49.56906,54.61628340520534
40.748367,8.291818,7.364942,8.12953,8.745702,225.48265,96.20283,45.070503,41.899379089777305
60.26559,4.4378357,9.253298,4.949323,4.1814275,221.23744,106.60831,43.621464,53.08853629200044
68.325806,5.7085304,4.4683423,9.946901,10.966561,232.27608,96.64116,36.91502,58.57967451761138
76.805374,5.2707095,1.7312543,4.5712056,11.2608,228.9614,105.88516,43.370083,61.895822697532225
44.012737,0.38202783,0.47811064,0.6800028,1.2937199,232.11922,91.3966,45.65674,41.68949275469653
66.99788,6.152149,2.4645987,6.8257813,6.540608,230.93774,103.10486,47.497955,58.16374702294373
35.955708,8.280433,1.431975,0.4664145,13.461969,235.9769,103.54276,56.892025,39.19448969496824
79.41994,1.5750055,5.5794873,2.5050159,8.28446,235.02023,99.828514,48.14284,64.7108926786507
21.546175,5.9433174,1.8494533,3.5373826,5.8667893,235.42908,103.74181,61.85137,29.340715359400157
56.211727,5.9361053,0.38933706,7.394836,4.551466,229.98479,108.46368,55.58952,49.746306965444504
59.57036,1.6418496,0.3598983,4.9423594,4.4069633,227.07762,104.67709,37.58388,51.32021948854998
61.282734,1.2346357,8.315695,0.28645933,2.3967524,238.66873,109.22592,41.086926,53.758578088980016
27.223255,9.800519,5.9144993,6.1684985,12.44117,221.08539,98.972244,33.169968,34.85746823469843
76.31179,3.9371917,3.580853,4.1143622,2.2132037,223.05243,100.56581,67.82887,62.01809471703849
30.870996,2.2742174,8.942281,9.218345,5.092127,228.39198,95.27477,65.46202,35.26250582423911
57.365204,1.7132454,0.7019661,4.995623,1.6394603,232.27916,109.712036,33.39185,49.206046489191785
33.360565,6.6760173,9.803221,7.0897512,11.939412,220.164,91.10274,52.96304,37.056543249882175
38.432983,6.094453,6.162918,2.188685,1.5499716,234.38646,97.17241,68.41607,40.12756019121627
52.787514,6.435521,1.8346425,7.6097355,5.3162155,231.17453,95.95394,59.88571,48.67600573381724
45.031605,0.88006026,6.790691,7.2095532,9.026163,229.69406,97.73023,49.67249,44.15456720179455
29.613537,8.935346,7.6338124,9.040817,6.733859,228.4699,108.354355,39.64412,35.119712203262054
30.256184,3.892664,4.293428,0.33821642,4.951795,230.38974,97.360756,41.161484,34.02277587258845
45.088688,3.1336942,8.616326,4.475007,4.852647,223.23572,108.33953,59.449516,44.08676477804259
65.43698,4.6236143,1.5073241,6.791554,12.1690645,222.17424,98.466774,61.22301,55.439018872842766
73.87788,3.9006608,2.7883759,0.951639,14.635694,225.79276,107.095375,51.14773,60.544573286012
25.047659,8.63577,0.9349236,4.1060405,5.872575,234.1901,100.435005,34.837948,31.419351548950196
43.586235,9.29261,2.1087785,9.421466,1.5480372,231.76576,96.22706,67.35474,42.39557496960742
26.014734,3.034532,2.387288,4.359345,1.5119209,229.60246,98.987,63.79051,32.17810804585848
20.995548,8.6393585,9.1763315,9.854048,11.628988,231.43042,98.487625,35.62155,31.623584420050225
59.70312,7.8152313,0.7810969,0.5683906,8.733177,231.18517,95.19828,32.269104,52.19357622026384
56.146965,9.308077,4.2741513,7.178298,11.970297,226.14084,95.79278,51.434708,52.11830811154052
29.781147,2.457503,5.323987,5.8101625,10.764958,221.94911,93.72908,41.365704,34.59524340569219
34.02877,5.7695913,8.986931,5.005397,13.705089,237.93565,96.72001,41.329987,39.45161413374143
21.422464,2.7454457,9.976962,9.708474,13.40154,231.99823,102.48811,33.488865,31.220320725248573
70.09683,8.240945,7.533881,1.296504,12.036584,233.95496,97.73116,68.13544,60.43258559342099
78.48144,0.053241905,9.70791,8.95999,7.6526484,229.27994,104.24647,63.206657,63.30060564137241
28.127573,5.6481915,7.8710113,6.912404,5.31377,235.12961,109.73956,34.553383,34.197575020892636
33.88851,3.3920343,9.632027,2.5899608,8.098375,231.68994,97.54202,65.06395,38.201071296600446
72.10457,3.2268372,7.072707,9.016691,8.029002,221.07602,99.252785,57.31824,59.98313354722537
75.58783,6.4490633,0.79763424,4.292949,9.543858,237.80194,93.2822,43.017647,62.76622784038286
45.177643,8.514845,4.0192018,8.142273,3.605366,226.11072,97.84431,64.85002,44.704315788046436
23.037348,6.0919538,6.465973,3.8883653,10.1786785,222.75781,104.53665,53.920887,31.421114442536435
22.36351,8.53173,3.507185,8.509308,7.392413,221.76082,94.3481,63.946793,30.336559505682207
54.436993,2.645971,2.7338393,6.366291,9.682868,234.40881,93.64108,48.770718,49.44959347262029
43.573708,5.195019,5.7739925,1.4104663,4.3544674,234.07936,97.5275,50.026043,41.71391022060582
21.719145,4.5053654,9.335019,6.4966316,7.0815287,234.00325,106.37299,41.6404,30.21257966120144
54.995144,0.116449,0.34981874,1.9134476,3.942817,238.31505,102.473145,45.50771,49.26626891693639
20.678152,5.5681214,7.6923122,4.1192265,13.254272,226.97887,109.15159,52.710083,30.692806031119943
67.24232,6.6152434,7.227273,1.7029558,7.8314548,231.22266,108.090805,67.88237,57.68438277224529
38.38597,5.919144,9.639534,0.22016115,4.1497397,232.38991,93.02274,54.00471,40.62621012121768
22.41548,7.362799,9.307113,2.1188655,1.5769217,239.58963,90.85106,35.895126,31.12326453288266
55.301132,5.713395,7.6223254,5.3637204,10.460341,226.24692,97.981895,30.279848,51.224243410047116
43.861065,0.6675025,5.2040877,4.8156095,4.005026,239.12662,100.44159,64.03951,43.742585226350506
78.428024,1.1644553,2.0426755,5.014971,14.854151,222.97469,100.31141,44.573017,63.82942169586441
52.65192,5.964746,5.4523573,2.4768689,8.471806,235.28003,92.682144,42.598637,48.8471013546484
36.51435,2.7497919,7.65352,6.851612,5.045678,232.65771,92.496346,62.029243,38.75002252460376
62.566334,0.7964513,8.956692,7.042633,10.207484,236.33792,90.93722,67.814575,55.25183128944732
36.28952,4.2960277,7.89712,3.5796783,4.853079,220.57372,107.0172,59.921803,37.70262043449685
74.2546,5.543226,1.9526694,8.811701,12.48384,221.56262,108.95488,36.95389,61.00018378044193
42.48332,3.2874599,5.9968634,6.4402323,5.3153048,221.39392,92.3137,45.655132,42.231813863453006
52.992115,7.204337,3.3217347,7.1303926,14.835468,231.85919,94.26245,60.375942,50.28334034624115
23.034386,6.437706,0.09205668,2.773399,9.472027,232.05872,91.79726,66.27703,30.519735414331773
45.567276,3.3281837,2.0022094,0.0061163516,12.821756,238.1221,107.55004,69.944,44.318017859412585
69.94181,7.548725,1.1322064,8.653756,2.0194166,229.35207,109.17417,50.462437,58.18220346846354
68.33893,6.4869504,8.427191,8.224244,5.8761916,221.36098,95.23593,62.900993,58.453142584349024
33.459114,6.374454,2.5850625,1.2319189,11.32482,224.19058,96.07168,31.865265,37.31279319998055
33.564743,5.534277,2.8469796,3.7410514,10.170826,220.16147,97.253395,41.43299,36.7682528615432
69.03832,0.11389668,9.599366,6.6133933,3.7194037,235.53429,100.04928,44.860535,57.34264327113266
75.823906,6.9650717,3.7908673,6.5211086,5.986841,236.31198,103.64922,69.02095,62.35708017644752
25.721655,3.760418,0.0958564,8.603503,4.6882076,239.9588,100.087814,30.135746,32.86390444648117
47.003517,9.426097,2.8384614,1.4026816,9.587182,228.2439,109.020035,42.32083,45.56720943477358
40.247257,8.179848,1.1929958,4.2993975,5.823955,220.38597,91.99787,67.21649,40.628507659560206
72.24131,5.8769445,1.0280856,0.9722442,5.3267593,224.6946,105.97211,42.267128,59.244412418973965
25.011496,2.5218198,0.7748729,3.8959525,3.9032917,231.75537,96.68966,39.00267,31.339018391396575
32.667557,2.037174,5.932595,0.15107445,6.72638,239.23886,97.55096,59.20354,35.91573927154954
65.1481,3.4038484,1.8934772,8.982731,3.7370362,222.07156,104.17659,59.813557,53.976691690506954
23.077631,4.7656794,3.612428,5.27044,14.475974,222.43146,108.58754,48.887115,30.92706862520885
49.552124,2.9606552,8.620177,8.498023,3.1630254,234.03519,104.32401,67.8767,47.63185367967677
46.52642,5.149295,4.2433815,0.599047,13.786266,233.34415,105.51721,38.108284,46.18526366473992
40.06407,1.6537043,9.156914,2.2745812,6.9986234,225.01013,105.01559,66.53664,40.180012051887765
43.67434,9.777128,4.9793806,2.5938,6.290124,236.2629,96.41957,60.22032,44.254231596395186
51.796436,1.0792456,3.9883661,3.866915,4.238477,222.57558,105.13861,44.728333,46.43101940781546
29.682041,9.319442,7.503889,8.028664,9.900589,238.51483,105.690414,62.276344,36.576791247184005
54.31975,9.13578,0.73175097,3.8655787,10.597392,224.02065,100.66801,35.328087,49.47093699717672
68.32594,5.253605,0.89478385,2.0465353,7.5459933,221.62704,100.73512,35.2393,57.53591482725412
65.60966,7.2491026,6.5197372,0.6499026,1.7798965,226.79044,105.19442,67.19749,55.48126741700558
29.233994,4.360483,4.869407,0.79491746,13.859142,223.75682,106.340614,33.79122,34.19156857006272
28.954967,6.300346,7.9041524,7.600472,14.724607,230.53882,96.74391,30.163185,35.70200698184376
36.09046,3.4057593,9.162708,4.44803,7.034608,233.73692,106.03124,45.56122,38.40603321801731
41.664482,3.0115902,3.8836687,7.2618113,9.591251,229.81844,106.28418,34.154037,41.29334207012439
44.507336,5.782298,5.9641004,6.822871,7.3041806,233.21214,94.68251,64.52146,44.31861788105022
60.781834,4.9812965,5.006966,1.3536246,5.506315,227.29842,104.33901,66.90774,52.837039578117526
23.400826,5.795364,9.816107,1.4288794,2.082463,220.55846,93.730675,49.297054,31.97387857399211
22.080362,2.8666058,8.310844,7.55342,7.3849483,239.48128,91.860985,47.01886,30.380580372210314
43.514633,3.6695783,9.117377,7.2126827,12.457384,236.38828,101.49086,51.56157,43.86259269342112
61.829823,0.8389796,2.5434008,3.7803078,1.2384405,221.46838,108.17304,39.047787,52.43743583477575
31.606121,0.5227637,7.725264,0.7742226,9.1495075,228.98352,90.70918,41.918636,34.59939402132621
58.49027,2.5345714,2.6547322,0.12098022,13.33081,232.70038,106.53003,34.039085,52.393001638825524
35.589687,0.7424686,2.0874252,2.8815694,4.045692,223.81189,100.129425,47.858006,37.02676232456786
73.16517,1.0377471,9.442661,0.092222735,3.565582,231.55977,107.21791,54.467667,59.94943509995625
73.741394,8.129284,0.19304417,2.3007262,11.8118725,230.67297,106.86954,67.20895,61.03645189127473
37.83723,0.38873696,9.653887,4.1950073,4.57121,224.1653,107.50574,59.562927,38.655839884661496
33.799625,6.589428,1.4926189,1.2141577,3.6877797,222.8242,105.37748,58.92255,36.94810434663537
44.678238,2.7255776,8.194381,1.0427775,6.2918496,235.17924,106.85985,42.319958,45.103397927917264
34.431896,8.715457,2.7592256,8.964375,6.495028,226.45174,93.52051,65.53173,37.0717657368555
60.34303,4.8499227,3.5070233,5.8547,13.237415,224.88081,96.077065,67.87823,52.78311126734677
69.56388,3.0557647,2.167577,9.344557,9.658209,234.75757,94.849724,67.29052,58.689590042410615
60.38553,5.176389,5.85514,3.4582617,6.68346,234.72137,104.848564,31.55212,52.57034501123915
69.46103,3.81958,3.4809554,6.7714496,8.481432,225.52803,93.07286,54.174026,58.63950452910533
43.81953,5.6430106,6.5739303,2.0469167,14.355514,237.45137,93.644554,55.729004,44.607749235858456
29.379019,1.1453286,0.15647317,6.183403,2.5850055,233.765,107.57929,41.802605,33.365645669534025
64.277054,9.969905,0.6437488,1.2958573,3.9080174,226.91528,104.117645,69.69649,54.52333201894937
41.62847,4.255559,0.99661154,0.020806393,14.475402,228.54979,107.5076,41.6475,41.92937271421903
60.27625,3.4823065,4.1899366,9.315318,14.402548,234.5342,92.7871,38.664467,53.951506547665986
36.238636,7.1020985,8.147962,5.548944,3.480316,224.23167,97.97961,49.365826,38.95236163914021
24.873777,3.638994,8.881779,9.269406,3.0315235,229.37521,95.663025,42.925896,31.042300326773223
79.55491,8.332743,2.4481075,3.3383152,6.8951917,233.07117,90.19362,66.96118,64.99483054754828
29.372091,4.5427074,5.743697,3.2778606,1.6960561,230.78998,95.69046,47.60307,35.09768540835897
79.30526,7.1955843,7.68365,4.00655,10.16865,232.16656,97.59167,46.405983,65.74215603773169
78.636795,1.0745322,2.8882942,7.06041,2.0849442,230.92426,91.84439,55.034485,63.021986808534415
67.62909,8.461192,4.0900774,5.6580863,1.8124148,223.98454,101.32975,33.244587,57.91129195639845
59.565376,7.3571796,5.239742,9.253549,7.7926173,228.2041,97.66345,60.269318,52.75158970133113
54.668423,2.1171677,1.3487484,0.25440902,14.409013,230.63971,90.92923,60.735954,50.073467185427944
71.966095,1.4528601,0.25982293,7.0819592,6.975143,235.60126,104.079575,48.961033,58.98067492613947
37.36637,3.1629236,1.528058,3.3032768,5.990736,233.07808,104.585594,68.22792,39.35862642847293
48.06087,9.760706,6.268536,1.8023366,14.971394,228.53181,106.68943,53.173565,47.68735132428975
57.1634,2.5683157,0.73618263,5.103956,8.447565,239.48799,99.710815,57.80946,50.677837140250936
44.67143,4.561272,1.8969636,5.0506377,6.25338,222.15591,109.37318,66.9738,42.83516304327519
45.64919,0.30020225,3.3785388,1.3701103,6.4020514,224.1361,108.28128,56.653812,43.52590150331766
39.81708,3.9722753,0.77870065,2.0189605,3.729433,226.82625,101.02703,47.27304,38.70569931624871
53.85391,5.7132,1.9169927,4.0816464,8.171123,224.57144,98.89904,30.990847,48.68615782620147
71.03447,9.531246,9.112698,4.0881143,7.1439705,232.50883,90.06069,59.131973,61.26585412665687
32.0917,5.1673603,0.19299132,3.1755815,4.7911344,220.79102,104.219894,68.59464,34.618852482090546
76.06598,8.191073,6.5343194,1.4854515,3.2475612,223.54874,101.29909,48.809406,62.68406843152007
61.34526,5.4712763,3.8440893,0.04373679,5.357344,225.86694,108.750885,43.590744,52.363533664136654
69.39639,0.40785015,6.726487,9.702351,8.121567,233.66692,101.88464,50.77038,57.54489150989801
53.37144,3.1500828,5.886917,9.434992,1.8166658,237.5173,109.857124,59.13749,48.96818627789114
66.771,5.755495,2.2349875,4.836504,3.1524165,235.96983,107.076385,30.027618,56.306389954884615
20.972023,9.5059395,8.472095,9.950518,14.267201,223.64162,109.07196,65.48847,30.47225118407647
69.10283,8.591304,4.919404,6.736543,8.599975,231.30812,96.55325,65.45451,59.71695127523801
22.40833,2.2835562,8.22536,0.6885754,1.8882903,220.60045,92.98672,51.651917,29.675504993505957
73.394806,2.2010982,4.0601254,1.177182,10.703229,226.21074,105.93744,34.89515,60.157267520855726
79.51776,2.0117297,9.846855,9.161108,1.8652402,236.11967,105.723946,56.87223,64.36045980373832
37.644047,9.224989,7.7048936,6.300522,11.344239,229.13332,94.22898,35.51383,40.450740062274974
32.619114,8.526662,9.659502,8.431836,11.499478,222.99883,105.29489,50.301888,37.693873105370145
65.9218,7.748834,5.143265,8.982697,10.115106,228.77107,101.639465,33.745197,57.3276582604613
35.18158,3.9273512,4.7369113,4.47942,11.250864,223.96066,92.190506,53.562614,37.68383084349728
71.93375,5.043807,7.5545382,0.4852595,2.231521,227.86383,100.035675,42.722775,60.28529998224978
26.170555,4.643317,8.802913,1.8828034,11.174928,229.75667,108.62276,63.23966,33.88081347937957
27.557312,2.533981,9.641458,0.66571945,2.9136364,226.99117,100.12915,61.997845,33.16461656755256
78.74909,5.0502806,3.2455192,1.8873985,5.7530828,238.73938,105.77398,69.93896,64.55799831961362
60.430332,0.30496547,7.987046,4.105329,14.198434,231.25061,90.5782,40.300125,52.27961482823084
70.81323,1.3181038,2.106456,1.1819681,8.0402565,236.85785,104.56163,32.472042,59.72527500763749
39.459763,8.865896,5.4557433,1.6673325,14.54397,235.21457,108.936745,47.72013,42.064339297388955
60.589024,7.5167975,1.7984815,4.4582176,2.2449145,233.22333,99.990555,33.336132,52.31026313885767
55.65451,4.228684,3.4739735,3.4017096,7.6857924,229.93777,96.754196,37.139988,50.29027783496148
56.189007,5.1715035,9.313583,4.6765814,1.8736324,220.04347,102.93301,53.892006,50.656540714747706
60.951946,3.6999888,1.460907,4.2917204,9.822944,232.26935,108.325226,53.685234,53.45978540214662
54.52155,7.407799,6.324009,6.4447803,2.101898,227.11916,93.53539,31.733099,49.173033039951406
45.743744,7.8418717,5.9295425,9.371896,3.4551492,222.35524,98.07388,47.71619,44.665560224576396
36.555363,7.632852,1.2073835,1.0786434,4.6236243,228.89253,93.12581,51.208748,38.20474120526928
66.11488,7.226117,3.2597904,0.9926015,11.482414,234.71106,99.93308,40.72097,57.54328736681992
33.576347,2.0450435,5.629815,8.528061,3.2954698,239.23355,100.80844,64.88173,36.40149665702869
61.54126,3.3796997,1.8717861,5.063967,12.852849,227.4821,108.88407,36.443947,54.224967905134434
33.99997,4.6984544,8.006237,7.66405,2.8466551,230.85446,98.250305,40.15607,37.44155736519761
57.51981,3.30793,9.721565,2.1542192,1.4934223,237.02489,101.339134,36.279778,52.045540389212164
64.8247,7.549402,2.147594,8.288626,6.530636,226.68,107.70525,34.661865,54.794724925554014
33.122833,3.2935352,1.8691196,9.238466,14.712183,222.84514,96.4281,65.159164,35.95105461351
23.596598,1.3823209,4.5493507,6.3548303,2.5447912,225.63763,103.48328,41.11437,29.797889355626864
27.858425,3.9904046,7.4776525,1.0587902,2.4240582,237.98245,105.143234,58.90096,34.437179741853015
56.359818,9.799145,2.8160062,8.952949,11.516331,223.18787,96.610565,47.119293,52.11415839507356
70.96678,2.258814,0.19879909,7.924877,5.3702636,226.58443,93.28683,55.43494,57.78023837048324
22.69981,6.121587,5.412206,7.5087776,11.041943,229.2928,100.05819,67.127045,31.277397397791685
64.04907,4.3297305,9.566006,0.36728188,3.8001482,236.94226,97.13603,63.784313,55.90575202286375
40.47912,0.71024567,3.9127686,7.9896255,7.441008,238.75427,95.32925,32.759457,41.254955873833005
48.7117,4.878766,4.2013454,1.3795102,4.7140584,228.5162,109.46843,63.8081,46.31382758951271
75.731575,7.021643,9.689017,2.2238617,7.321395,238.63908,100.04306,48.07294,63.10341459708122
39.91829,5.1322,6.946076,5.7713485,11.76736,223.22919,107.129555,44.00583,41.36668686818406
47.920216,8.721061,7.191719,2.6498077,11.668139,223.13704,93.90635,56.895515,45.74349167515137
20.820946,2.8893702,5.62702,6.613482,8.220812,238.98502,108.78886,68.008316,30.16968493891735
24.895924,0.8624917,9.746092,6.0807047,13.997206,230.1936,105.888626,33.76542,31.796685241147646
35.515495,9.365656,6.8886647,1.081496,4.6929774,223.71815,106.17384,60.72308,38.05604030942144
21.671135,3.7819636,8.950328,6.560146,4.364359,229.75981,97.795296,38.14032,30.15926006009758
57.88252,5.7640557,6.9937887,9.239549,9.593289,235.66423,99.71274,45.205444,52.365469529352275
45.5839,7.920031,7.351158,1.611099,9.698158,236.5384,101.86709,64.95292,46.259874124881094
52.888714,3.2431366,2.9041092,5.97062,1.6515605,237.27939,105.79531,51.831966,47.53541435602979
30.47883,7.1616454,3.034787,3.4186537,9.508888,231.39142,106.98113,32.698265,36.70719290103634
37.75592,1.3541884,7.8298464,4.5961165,6.2421064,237.33891,91.560905,50.32194,39.86782422364704
59.829468,2.9129374,2.967063,2.8700018,11.464195,230.2006,108.081245,61.585674,53.39821680448023
77.91817,1.4471064,5.627701,3.5413063,12.313479,232.1412,108.74993,51.155224,63.1398480887102
23.025007,8.112306,2.4935231,0.28911823,8.730153,235.1744,101.85775,36.67557,32.05002964914918
73.42306,2.2264924,8.169834,9.815517,1.0238705,228.50871,93.735016,47.801643,59.6155850971142
54.612873,7.1740355,1.1050135,6.247999,9.9091215,221.47163,106.36829,66.973816,49.146915687900204
53.835175,9.432984,8.294466,5.0070558,11.484338,227.00333,100.971756,56.32816,51.29970202618448
50.016712,5.277722,6.027298,3.8371534,4.485766,232.47888,106.343925,59.19546,47.29690710178714
24.163645,5.400292,1.8690953,5.3937454,7.505044,223.84665,106.296165,61.43746,30.252619703952426
25.39261,4.610336,5.420354,3.80106,14.520173,222.96771,91.73459,33.627735,33.27392177951601
56.05472,3.2589014,2.8249884,3.5990794,5.173618,225.86162,102.14043,53.261463,49.95587657322792
40.457516,4.7565503,3.2346733,4.6394653,4.1241455,220.64223,99.66289,45.036606,40.15954176508257
75.03609,6.028075,3.5152805,2.7598302,3.951967,234.86845,108.922386,35.56637,61.10696180271806
44.39543,9.859916,0.6331925,1.800499,8.823212,225.17432,95.93282,38.108383,43.350532513963735
28.596888,9.3776455,9.859617,5.566059,14.297019,222.48477,94.12,61.246418,35.74620008676162
62.88313,8.62153,0.31534627,8.427654,9.521662,233.98259,107.941734,36.459564,54.459791616850296
37.601204,8.891305,6.6249685,1.5282818,5.246524,236.85857,92.97431,42.496746,39.64265732605114
51.528217,4.678492,3.7122765,0.3273434,9.939977,220.3975,103.73039,41.39493,47.381862838302446
61.86997,6.5744433,6.460103,2.4681175,9.747792,224.672,96.0004,31.945215,54.92280637202547
74.01585,8.950667,3.5624826,9.797207,9.356952,238.90465,101.35692,48.48634,63.14862082999632
67.53147,3.9295077,6.7375064,8.2875805,3.231967,227.70508,102.32439,60.637196,57.01741671488304
60.581665,9.617625,7.292355,5.9586606,9.883935,238.77184,98.34739,30.886105,55.73262121066783
60.777992,4.1578608,6.9055266,9.292489,7.022302,225.48425,109.4993,34.502056,53.813241147726366
76.75548,6.0108266,1.1396198,4.452791,1.2602888,224.36136,92.636665,58.80747,61.825887991837035
37.749447,7.0980473,6.5689325,9.832806,8.556703,224.28217,97.82798,53.74324,39.56550998733648
20.066725,9.50592,2.7998755,2.9630206,14.849734,221.70457,98.60791,58.609905,29.094747765994537
36.317272,2.4461627,0.2880137,2.4030576,5.896354,237.92865,102.62094,39.20416,38.27302801138335
33.073483,7.46131,4.148307,6.380482,14.517829,239.5967,98.145195,62.150753,37.872807989101226
59.710075,5.2081556,4.335431,3.7815397,2.3468804,239.09018,91.94072,49.194843,52.40280799582459
58.022697,2.6855714,4.6717415,6.263655,11.254302,237.04056,108.9486,54.41208,51.94726549471737
55.60768,7.7660685,7.0482416,3.0499551,2.60062,236.93776,98.32158,33.68614,50.832464040013896
20.974607,5.522223,3.088438,6.1791825,4.830002,233.22171,96.85348,38.201263,29.807434779324783
63.726685,6.6097383,3.152805,2.7574625,8.991772,236.52428,98.93444,60.934315,55.386926887872356
39.411823,3.2290106,0.6055226,0.5097207,9.298916,224.16685,94.33192,38.956337,40.15315456251182
59.90336,4.8127394,6.868212,9.121359,11.852959,227.75826,92.00443,33.701195,53.7987500330444
53.394707,6.1735425,5.678261,8.832052,9.61436,232.81673,92.97157,53.88813,48.83940698928716
40.563854,4.049108,3.494251,9.707981,9.310606,237.49542,93.3331,51.91746,41.700687652506964
28.074575,1.9837254,7.05189,7.1652718,13.7729435,233.2094,93.95347,54.315758,32.85867132924384
25.665134,9.616405,5.3735776,6.827212,7.3302507,236.78044,98.3992,54.73222,32.88556497167453
69.8911,5.1146755,4.6924496,5.5900307,4.153721,229.47899,102.47798,50.007893,58.84458359839954
75.10385,7.339204,5.1132455,1.2594242,3.2650402,234.34607,102.57776,49.750957,62.159811579439406
58.98728,4.1104717,6.363481,1.892353,6.5999246,239.59961,90.00195,66.96662,52.01098815996331
26.206047,3.5513177,6.600026,2.894697,10.9785385,223.06978,108.41915,51.35527,32.14612326011959
44.12163,4.071643,2.889578,8.901564,1.5956088,238.5384,106.45695,54.69201,41.558190694125294
63.73635,4.0919666,1.4074336,1.7296952,2.8067474,230.44728,109.27876,40.678776,53.530022650577195
66.78925,5.441801,1.5663418,9.228732,2.4855886,232.86436,97.19973,64.84373,56.59691675878811
27.093117,5.4346986,6.393909,5.227857,9.193502,237.55737,103.29598,30.974724,33.8072189950952
20.001842,4.971538,8.728733,7.1556964,4.400105,228.19308,93.36041,52.28907,29.201183466942574
62.72822,1.3478578,4.0949626,1.1024449,3.327632,228.37386,106.34066,45.35401,53.527187848857494
41.39577,4.960755,1.6952016,2.6903355,9.29879,230.54364,93.227356,54.156166,41.59597117278929
35.26888,1.691039,7.566025,9.585186,11.658339,220.38203,96.519714,44.406883,38.29000238945974
20.773848,1.2613579,8.324895,2.6614995,5.650169,229.93332,99.816696,58.707516,28.780310195643743
52.417965,9.326457,8.805824,2.965217,9.094865,225.82175,101.89063,30.813257,50.127327160444494
71.069046,6.0495,6.068314,1.9759738,2.3737419,238.55908,101.19266,46.235577,58.5603430802965
77.4579,6.5949006,8.6072855,1.2907367,14.092674,221.7547,92.04192,63.250546,65.07901801193239
53.9447,4.0179367,0.15414959,2.3325765,5.7165465,229.18642,98.43352,40.00803,47.54661076821929
50.86768,9.089808,1.072358,6.423269,14.965079,238.94936,108.45818,32.110035,47.747908221712514
25.103384,6.379305,0.9257607,4.5536776,14.700229,238.0207,107.44737,49.860962,32.06531882406209
52.93237,7.6916986,7.1260467,5.5375586,11.903528,234.02696,101.815674,69.06134,50.659090255899514
42.798744,3.6856246,0.6958178,1.2236483,1.2809393,231.78722,101.446495,32.56634,40.956954510946694
56.428116,9.600119,4.9636436,8.021165,8.608649,225.61462,92.233505,32.80226,51.182819443689425
43.32358,8.204613,4.727069,7.840947,2.21571,227.33914,94.00519,53.80466,42.28916574521796
34.417946,8.539485,3.1070352,0.21589911,13.531933,221.8027,95.052795,40.00271,38.200923445137725
25.697916,1.7219427,8.704052,3.835151,12.054908,235.72217,99.763916,46.40925,33.10553833844741
38.895107,2.7096322,1.704332,0.687706,14.612765,226.4774,104.62712,63.220287,40.95609033916198
25.79869,2.856266,3.524628,7.9210577,9.517362,233.35564,99.21451,37.95395,33.590361043835095
30.613817,2.7090921,7.741715,7.372697,8.310419,227.1519,92.52122,58.772,35.617252783356705
79.240166,8.554082,0.30422315,9.019881,8.265634,229.2866,98.78698,50.17942,64.03384922864818
46.646214,0.31884795,6.729504,2.3640397,6.4102774,231.10005,93.25266,66.19831,43.54015600120806
51.912308,0.7609999,8.163978,4.5629587,7.561661,236.03705,105.02295,68.91848,48.7983026773684
72.417114,2.7391486,9.322679,1.8448788,9.895776,224.22313,93.33002,49.39843,60.58766704028421
79.73413,1.9987297,8.762966,3.7123494,14.061267,227.97531,99.65068,53.385883,64.93827047570852
54.962868,2.3185961,3.1938412,5.2224326,9.342381,222.60164,103.86827,59.833702,49.48348776406688
68.74843,7.979432,5.8636413,0.5333079,12.999623,221.51521,94.563965,42.746967,58.69064811259278
39.616463,5.631266,0.7729349,7.148704,13.078918,232.09349,91.5206,39.069614,39.57610107886812
38.34464,0.057706613,2.5787,5.432934,8.263658,223.78181,101.26599,68.58741,39.025227382205046
44.162224,4.2932277,0.9422238,8.28959,5.864575,221.19598,91.08405,47.304615,43.00487965482772
60.350437,4.0788493,3.1518729,2.717805,9.954034,237.94196,101.75537,30.063633,53.81206728050788
60.9315,1.1394527,8.751872,9.033211,7.242283,230.6863,105.06997,63.50873,53.13051341730691
38.914368,6.761418,3.4716685,9.986942,2.1401722,222.69257,96.58632,53.986565,39.5720231211267
27.992596,7.020972,5.618981,9.192985,6.2893276,221.06853,99.76699,36.742344,33.86260322852874
57.943775,7.2089324,4.3338084,7.778925,14.91701,222.3972,108.57523,31.205587,52.50513986780305
27.699553,7.2847095,4.589165,8.123688,1.6791662,229.42674,99.42218,41.659298,33.25960833027925
54.70955,0.00052826933,9.695721,5.7374425,10.753337,233.36931,109.93108,67.115486,49.03201690499263
61.605328,9.539208,2.9615448,1.9015386,12.776642,232.8256,93.140045,67.339645,55.67339408550082
62.03669,8.142088,6.273245,6.7704067,10.082163,222.88846,104.17868,42.44014,55.05248984842716
65.20833,9.039817,4.200627,7.12753,8.976475,232.66978,103.05237,63.43724,56.870934421124964
72.37157,0.15643296,0.6114618,9.853851,10.905762,228.0973,107.4461,47.673813,59.724782244752475
49.99754,9.338588,4.893308,5.413013,7.0107985,229.29488,91.84886,56.17379,47.856575410457516
63.814953,8.097885,8.133433,2.71369,2.2790644,236.02861,95.60413,43.377754,56.36526279032006
57.150364,8.372191,0.9875297,6.836725,14.473205,226.65,92.643585,50.638905,51.0192239983456
31.198397,0.93287385,0.6959185,9.793758,7.052211,222.93999,108.6619,41.75118,34.097528352594026
21.541378,7.38778,1.5363152,1.7721391,10.31545,237.46906,98.53271,32.444576,29.853398747451653
37.072483,9.599167,7.644001,3.2599792,8.438346,224.24261,108.20132,35.575127,40.53946673995207
46.582024,6.7854733,7.239954,5.4188094,1.765423,225.8806,95.88814,41.62698,45.1688141610714
57.026356,5.705614,5.6501775,1.7021463,14.338452,234.1318,92.52736,69.05015,51.70765257303639
70.99756,9.456297,4.682264,0.2222064,12.095521,233.671,95.93075,68.626884,61.03081135456383
31.774742,4.4293714,8.883258,3.3698313,3.0873706,236.008,101.94349,63.106533,36.97318639432044
27.532988,5.9929357,7.6669784,8.653708,14.743084,223.67734,106.904655,39.300243,34.29830744565507
77.8088,4.763383,8.119423,0.43468398,11.316619,227.0456,97.70782,47.664085,64.41620418020531
26.482674,9.328463,8.132623,4.2892904,7.612503,222.51767,108.29617,47.591312,33.98839284876242
48.709465,0.7608473,6.4271717,7.622008,9.559181,230.82079,94.88464,45.47893,45.08147542648465
55.133823,5.011197,4.5801463,9.531826,2.4943135,225.85141,103.87081,31.795212,49.58308829732004
52.482464,6.8695245,8.646777,9.854754,8.845761,233.77872,104.714264,51.381096,50.140259966911685
25.16193,7.9190655,9.260075,4.2196937,2.031255,220.00688,95.479256,32.91248,31.919718346474774
23.421616,5.8301864,0.23806043,9.503843,8.627974,221.19366,90.5394,62.076748,30.414997967646894
26.329006,9.089177,0.5155487,0.35418972,8.73774,228.6512,97.30475,57.652287,32.3091560648411
55.13526,9.419914,9.587433,7.4591694,13.242143,239.16368,90.90392,44.10948,51.947411405685195
52.660694,0.64319223,2.7716062,6.42746,11.150805,237.81703,108.015076,55.885456,48.202919150482636
34.02445,4.0237055,8.733694,2.4952185,4.4937334,239.88019,109.0705,39.32148,37.548480958733386
58.26645,0.23459022,3.8879511,5.073185,13.437966,228.33661,104.707596,40.610004,50.876249794589775
69.20405,3.2941666,1.1910006,1.2955374,9.025397,220.93137,104.53369,42.565342,57.43281014980123
22.494738,5.3686824,0.804432,8.715972,9.489313,226.11913,94.817856,61.880463,29.944312851153704
49.8878,9.107949,1.565079,3.578981,3.365739,233.51541,91.47851,38.427654,46.44536193869238
61.358624,8.465543,2.498932,6.2604446,13.00883,222.70328,106.04209,52.51125,53.88450924281645
35.138714,1.2749972,4.8851833,1.5877628,14.033511,225.99945,101.183235,38.018684,37.948171692578356
38.466255,0.93030375,7.014979,2.0616484,11.849869,221.12332,103.63255,41.401497,39.71701963083022
56.818275,5.8926735,9.863986,9.919563,14.170534,229.49934,105.59282,39.41925,51.8109981116293
73.876114,5.32118,4.415067,7.530864,5.2321987,224.17842,98.18868,55.800186,60.78862305826443
68.59547,2.6637764,5.1818495,9.619719,13.055669,221.82497,92.89093,51.069157,57.02045596766099
54.987812,8.994531,5.218157,2.9585116,7.844504,228.22432,105.900734,58.851967,50.451341791748575
63.813305,9.273664,5.3943434,1.6456288,3.2948408,227.0245,99.07531,38.797737,55.47735478447997
41.889347,4.0261145,5.177407,5.0306845,10.363209,230.75035,106.53848,30.365942,42.715741370993314
58.45793,8.903026,0.08774755,4.946683,10.577683,234.98077,98.75398,57.220383,51.744147796238465
47.970894,3.839489,0.01724822,1.7494651,5.016943,222.25137,94.340324,34.59416,44.46533742988451
31.396168,7.3681684,0.9766632,7.3321958,1.3849066,235.82251,93.4201,39.852207,35.023931528323445
62.104298,4.7594223,1.015566,3.6177754,3.7978616,220.5258,104.87843,42.227448,52.5423012398094
53.38788,1.2258315,7.0489693,1.8636523,6.5968857,228.86205,101.49778,59.872086,47.85489751315935
41.517296,9.279342,2.0491602,3.319834,3.3458807,231.74861,98.09206,55.03567,41.384106282297346
74.68035,4.540966,8.947141,5.636587,3.7164192,239.13997,99.84234,37.370617,61.86799058022316
21.256046,7.3448706,9.286063,7.2647095,6.4794693,231.47845,100.992775,53.915512,30.554960689513653
38.94639,3.6717381,9.758933,4.8189087,14.465013,223.17499,94.78833,58.32592,40.74130139312094
23.412884,0.18880878,9.390813,5.25595,11.6994095,230.35083,97.56331,45.55589,30.671319152970398
65.99164,1.0053036,2.7188833,1.3894594,5.4764776,227.91568,95.84823,39.838116,55.568072832392154
62.126446,4.962195,5.0977683,9.14691,14.322457,229.58711,97.76848,57.15931,55.142309833762475
39.881134,6.8996434,1.7545497,9.287242,10.039055,223.94194,100.011246,54.43565,40.843961436273105
60.539776,3.3473532,8.062097,6.8342657,7.376295,230.01654,93.46715,33.116486,53.41413278136867
43.756233,6.9548845,8.884317,0.17631409,7.556203,223.0008,97.8703,56.667187,43.73685074851619
65.37523,6.986356,8.512888,5.3707423,6.7504225,234.88086,97.70989,49.540718,57.367701274091516
47.25102,7.039359,4.3336697,6.2921896,4.2618885,231.87813,95.72008,60.134758,46.591378975562556
44.736782,4.9252186,7.586739,9.946542,6.412851,221.57056,109.969925,37.6287,43.26094524387075
76.08379,9.148862,0.9757917,9.9606695,8.39055,237.79228,91.47255,40.328655,62.74757621576098
35.052746,4.8919654,0.4024477,8.576113,8.392383,232.32759,102.859024,51.73251,36.74538100794192
27.226841,4.502652,7.5323644,0.6383099,11.664316,226.32214,93.48877,49.26934,33.81393416656885
55.072586,1.9938082,4.253553,9.5327635,6.02317,220.91284,106.79048,45.454617,48.684666318670224
78.15931,3.076551,9.955493,6.1266127,11.035172,232.64453,108.28393,59.84133,64.39667834873431
42.670353,0.42334494,0.97254217,8.008867,9.093286,227.46881,98.02956,52.59006,41.60742108714584
23.722206,6.335353,8.556277,4.0719285,14.465836,238.15236,106.46957,58.410873,32.5845265256783
40.358315,2.4853575,4.7998304,3.1966946,6.393989,220.69756,94.99819,36.1302,39.56200099473575
50.3559,3.0415525,8.271502,4.6324415,13.61703,220.78204,92.80137,59.15953,48.138342295648144
29.71538,7.708145,8.171273,1.4687451,12.488996,238.986,96.317566,48.461124,36.905969428870165
59.486134,3.2722118,9.15992,3.5706613,9.9273,239.29749,96.83348,31.350718,53.464443783230436
79.86496,2.421959,2.9785001,8.576175,10.163202,220.55484,97.94715,39.37966,63.789030661666025
47.10437,1.6905775,9.497993,0.37950486,2.1850991,234.32066,97.459175,31.030256,44.859632807671
41.283714,7.748584,1.5166696,1.5087805,14.303144,224.4299,98.22289,48.274982,42.04833563690407
44.04225,1.2970626,0.8196878,1.2511616,2.497105,234.02786,104.20067,43.03519,42.520250191382914
26.908772,4.5375376,4.316155,4.0307555,8.885266,237.37465,94.911606,69.497986,34.03014299767542
72.996414,5.069301,8.28323,9.969869,5.620991,222.01663,90.37151,64.740166,61.36187418922016
44.889538,6.873899,4.7342114,1.7335793,7.0179276,224.77533,99.79361,63.026833,43.11446751717304
43.236465,6.3328347,8.292867,1.4548265,9.5425625,220.48155,98.96583,50.044662,43.23031939348761
59.581417,8.107206,7.296868,9.1505575,13.723919,220.8766,91.2013,62.2835,54.30529254503204
46.522007,0.44751433,2.0942838,8.820505,7.4059396,220.59236,92.676025,40.674786,43.10196266367209
58.89401,2.9644072,9.488816,0.3224037,14.828214,236.01364,100.19842,52.42598,53.87121536178753
23.686777,2.8013413,0.6078117,7.51706,9.299369,225.96585,94.695015,45.71672,31.230482331499566
68.8234,1.4601691,8.982797,6.554657,3.2477553,229.86423,107.55196,36.853676,58.18732976168296
76.43024,2.8917825,3.0444345,7.677408,3.66013,235.75688,93.46585,32.904537,62.69727957868765
58.925922,3.0976532,5.001481,4.9450245,11.025555,229.89888,90.40245,52.328735,52.22378999366011
77.27396,5.2188444,4.223519,9.913793,1.7055691,228.58392,98.95128,33.905567,62.92504424699976
29.08594,6.637045,1.7183455,0.43847018,7.724782,220.23146,109.72326,58.720123,33.077251774277386
48.64497,3.811005,3.5814686,2.343716,3.0750675,231.3608,102.67745,66.85874,45.21429204009169
56.108402,7.194702,1.9293444,3.9654598,7.065061,222.49486,97.0806,36.484245,49.8001336521389
54.904198,3.3616533,2.0388649,4.4977794,11.498844,235.29297,90.33736,48.837543,49.99481313379827
44.087708,2.9028368,1.8705684,9.213674,7.423381,225.15475,99.69897,59.550983,42.43553491746183
40.285065,5.4118805,4.890174,5.600044,3.2883155,233.48375,94.12932,41.473587,41.17403696852629
27.609442,0.2371636,7.979314,0.45110995,4.526955,232.92447,102.95508,66.83058,33.016394004107724
43.504547,0.79789126,5.6897,4.0786295,6.145554,232.33351,101.66017,65.53862,42.06347549873044
29.75965,4.1796956,8.932066,4.164904,1.9738566,225.33904,95.304276,34.150173,34.61619950561937
64.06194,9.429127,6.3654447,9.654909,9.180727,225.3418,91.377655,31.095991,56.15805013857002
32.529858,7.215118,6.893401,5.991971,9.505473,237.26096,105.10039,69.05834,37.77725475633465
23.513918,0.8812657,6.676072,6.3565106,1.870127,220.25615,101.70928,68.259,29.98495586323834
53.141968,8.463181,4.4945917,7.13253,6.6323586,223.63045,106.84252,46.891422,49.38190288727885
55.713783,7.3230076,6.8933883,7.700393,6.7960095,232.20341,95.196,32.022533,51.51440969984659
72.31478,6.109465,0.69707745,6.3505106,5.673474,236.34093,103.05724,54.755024,60.00436934672835
54.618896,8.2029295,8.598515,2.3719435,8.808356,227.16692,92.37361,41.736404,50.076897811635085
40.72885,4.0410986,7.7781215,8.740459,5.843405,233.06886,95.8362,67.46892,41.167687781290226
68.18071,2.2150104,2.4522996,7.321198,6.82973,231.14313,103.13078,61.786476,56.8554673532294
52.416733,5.120234,7.6803246,7.418705,12.16533,221.2908,106.51163,55.983753,49.04409020346796
24.756817,5.4884176,0.12642601,9.965568,3.269531,232.435,96.41851,41.380154,29.9486194960954
53.951035,5.3832636,2.1724658,8.025266,9.667605,236.27808,105.97707,58.050743,49.644071776973306
74.48111,5.650738,0.6513724,8.291514,8.078321,239.84897,103.555046,41.56673,61.56492164886613
43.77876,9.487049,7.802269,9.514055,5.271003,220.5928,96.973495,31.50524,42.83020007462623
37.77955,9.022456,7.5587416,1.51134,11.185485,233.20116,107.52794,50.337383,40.50505207004884
28.608168,8.757171,8.13636,4.977274,8.716637,228.29099,100.18458,49.547382,35.70145007237108
29.086731,8.014168,0.044816934,5.8056703,7.6830616,220.19576,102.964935,60.52024,33.442989908320584
45.96629,9.434281,5.012327,3.2927573,10.34737,232.28722,99.91263,64.62695,45.170454483901416
55.74079,0.9849464,7.048362,8.394033,12.232064,222.44855,99.0544,44.17874,49.40679771086156
24.836924,2.6512327,1.5540113,7.624196,14.617363,227.57133,106.95956,47.97892,30.40053381514414
76.374115,4.9505596,6.497907,7.208831,9.810905,225.22734,95.89409,48.816017,63.808595342012595
65.308014,8.465345,0.841101,9.971495,13.24216,227.22327,90.73258,42.968964,56.20244317028896
55.197433,5.051657,1.8132585,2.5938137,1.0152816,229.85391,107.59565,59.735477,49.953023838076525
69.70632,7.480347,4.757968,7.3545723,8.4233,227.18419,106.50048,50.88405,59.011036318507294
24.811205,1.3895991,6.5356517,5.514045,4.005066,231.05464,97.33121,66.55823,31.356994586931044
48.610332,2.5241382,1.4586912,3.1298919,2.3186944,224.773,93.70902,56.012432,45.20167924031743
57.805588,7.317761,1.8522333,1.6058687,8.447595,232.70723,103.51067,38.47586,52.481917980331396
69.71918,1.64734,2.0444636,8.958838,11.455571,237.07526,91.57522,36.592346,58.98382676846493
67.00817,3.5135593,2.387008,5.954555,6.7718153,224.48134,98.4751,44.895374,56.437131373847244
36.624153,2.6486626,2.2655385,8.249338,10.381504,230.15755,91.71725,43.87706,38.66115143764528
76.45281,3.498617,3.951491,5.4534497,7.8560696,232.9738,101.95819,46.285275,62.201816916432215
27.46075,7.0832405,6.5378966,2.1997707,7.119202,231.29253,90.54417,37.343643,33.92666117992158
72.50802,3.6784718,4.3803177,3.375488,5.063593,227.31299,102.58477,69.12891,60.085575353848384
78.25642,5.5526333,7.759739,3.8153884,6.3563094,232.844,103.46411,35.828392,65.14923285276217
30.629211,0.9993188,7.192685,9.729348,5.8971386,220.56493,99.74289,56.10595,34.07251450856678
63.323963,8.050177,1.2652692,0.056332786,10.04662,227.39812,93.500145,30.52277,55.44876620320737
22.417131,3.6988862,0.48841622,9.85666,2.6242592,230.65224,92.02788,46.278442,29.130612094959414
44.32537,6.4853415,8.779416,9.804616,2.296909,220.41226,96.26585,42.367336,44.048909907943134
50.976997,7.253896,0.79831064,9.961508,10.240182,230.15297,99.30413,45.280987,47.627887445386655
54.838715,2.096609,1.4833918,4.765882,8.648173,233.08508,102.84417,49.92309,49.61311892758165
76.156235,8.84675,0.22133276,9.63809,7.0228014,235.18416,90.025,54.015,62.6032794224245
60.33504,6.1622424,6.283364,3.9559917,3.1342003,222.26749,104.221275,53.340454,53.23800851844339
48.87668,4.2872515,5.8237057,0.2629444,6.7543797,239.8113,104.25424,55.228546,47.215030769650944
68.580505,1.8233519,9.869037,2.2434719,12.056245,232.12335,98.890755,63.781906,59.53734028589075
77.03197,9.423009,8.869324,9.452963,13.454698,227.26387,96.868126,65.46869,65.71610244435311
21.323969,7.550682,4.108432,0.13764693,10.836072,224.98186,106.84617,59.490013,30.371572881781567
78.95128,2.0802457,3.7158585,5.4599414,1.8387705,231.45793,105.69175,33.15769,63.19468518351054
25.167929,3.3771079,2.9685204,0.7560159,10.385736,237.63423,109.66552,68.4517,32.47873190836533
68.863205,8.096743,1.5240692,2.8639657,4.3737984,230.4113,97.438614,67.89592,56.88911112411674
36.820084,6.9567766,1.3808366,0.8809285,5.4135175,233.22945,108.13665,58.46815,39.03748858875479
27.93078,7.657843,1.3228371,8.595286,3.742225,227.15393,91.74804,50.697563,32.411249528340306
46.39134,4.412011,1.1411476,5.910707,11.860581,227.76305,98.229324,40.024734,45.06751179114631
58.637394,7.1647625,2.4051204,9.021065,10.08043,225.7235,99.30748,60.254047,53.14359053725909
42.85711,3.8649373,3.0666864,6.883532,9.565691,234.11275,98.81749,65.11441,42.04781798542101
23.273924,2.1126292,9.615789,9.710291,10.351617,227.18375,102.50196,56.607506,30.946406206471806
55.967667,6.3267703,5.7847323,5.0987763,4.3148117,223.81433,93.40416,55.162907,49.86332247044369
74.144196,9.760139,9.8759575,6.387106,7.225022,227.38802,107.32904,37.72019,61.84007105972678
42.992924,3.1060097,3.7246695,5.763088,9.865552,237.07654,101.03528,44.31186,42.8518227696284
32.979965,4.609696,4.5762663,4.842604,9.912316,234.76505,108.08419,58.92545,37.45035178984206
46.55464,6.7400136,3.2457867,8.459594,12.085926,226.69281,90.052635,30.67595,45.74364368652732
22.901762,5.415063,1.8288765,6.4452515,5.0194554,238.13618,102.59976,55.65057,30.502357348252342
69.229256,8.434278,1.4316471,8.013123,11.784706,221.49666,98.24915,60.666813,57.526785477816134
69.58045,7.617427,9.450792,7.8636394,7.162583,220.99507,100.10198,43.38818,59.390234667930415
55.28003,0.58297205,9.868107,1.9104517,10.382418,222.54941,104.87609,33.04671,48.753269803881274
41.186172,9.984212,0.44909495,6.5016356,7.380071,222.3291,94.54304,62.764774,40.15775805633129
67.987,7.5240245,1.5034587,1.9964802,14.280542,221.75668,94.09799,35.673473,57.340709789802894
53.281223,8.639033,4.235241,5.8332047,3.5102317,233.22685,104.06016,44.832043,49.57162393548468
69.55594,6.511977,1.8633348,6.774347,10.450071,232.01685,100.427315,58.290165,59.06582504193617
57.887527,8.562851,3.638804,9.972351,9.07149,232.9521,94.67278,62.67944,52.484309496196126
67.06433,1.1238297,1.2909635,0.30541977,3.4182346,233.76732,99.680374,64.49528,55.70496786289608
55.91378,3.4773784,4.5651174,0.91242397,1.9240887,235.13759,99.19117,51.216686,49.799266321993876
44.848465,8.76421,2.7169461,0.77026695,12.188022,224.14354,103.82889,49.034866,43.491465889723415
77.47675,2.0165522,3.5190506,3.9836128,3.2043188,232.44608,90.05322,63.93269,63.40432623341308
52.46683,0.782421,0.9431265,8.215883,3.6110935,231.60097,101.73521,52.523083,48.25003490063601
56.30537,7.8811893,4.2812805,8.440563,14.698079,238.8732,102.11356,53.14603,52.355838561998866
33.22926,8.354861,9.832576,7.369796,11.041652,224.64735,104.9102,47.358936,38.522581072150594
57.539047,1.6265222,3.2883306,8.968782,4.506816,221.17445,107.78461,44.91256,50.14294892808328
54.29646,8.54346,8.764293,3.2285995,9.273286,233.0699,98.803795,49.221634,50.081872661984605
31.090303,6.867678,8.431992,0.88154644,8.477566,234.80345,96.8504,44.5939,36.26841098290951
23.575226,5.2008266,9.520584,0.5815303,12.822626,225.66393,92.04641,43.74186,31.80892456019942
56.26156,8.302502,7.901095,8.521327,11.21049,231.41696,96.73672,69.746574,51.97365519858707
65.82153,4.1924925,6.5959682,7.304363,12.644095,221.19072,91.36969,43.44854,56.422439451098235
51.404083,1.9399396,8.565845,6.986153,3.9610922,239.2009,106.056404,40.25535,47.702249945710726
33.606358,2.8485267,0.7564468,3.3967633,9.963069,222.1985,106.14012,44.156963,35.7578843766855
59.991318,5.05164,4.6283064,3.799052,1.563372,221.35141,98.34475,53.631252,53.15583718019792
24.806343,5.313308,9.892562,9.581136,1.9651686,220.8822,95.192825,66.43962,31.00366593338286
46.51002,8.055808,7.6960015,0.63804746,10.989379,228.54544,92.360405,61.51457,46.50679473109726
29.802006,7.913527,9.620754,7.7373176,1.3418814,221.94319,107.02474,63.689644,34.82875272466281
31.067543,5.8136654,7.7963433,3.0963333,9.11671,234.89296,107.549904,64.360344,36.74899984444881
32.137638,7.8078547,8.748819,0.39054617,12.765672,237.97748,95.32579,66.82114,38.351433565645294
43.202423,1.9177346,7.065296,7.425701,6.3191853,225.20438,102.43521,39.40285,42.40537143576895
23.069012,0.5006453,7.60502,3.3091187,1.6277661,232.57547,95.17307,48.33464,29.084893135085082
43.867607,8.736339,5.23178,7.221475,10.993864,220.84677,94.50253,45.407906,43.69669263083068
50.702446,0.75554496,9.242377,7.076544,14.015611,227.7313,90.424164,45.27508,47.36231836913632
48.997658,2.4668844,8.250389,5.347869,11.0404,225.85884,101.54319,56.091347,46.47071377926203
42.967045,6.9531894,8.438849,7.773731,9.098262,224.57239,92.99883,46.07212,42.981481264456534
70.34879,4.0944796,6.730091,5.8103833,4.2204037,232.89447,90.24742,54.653214,59.81819338726607
28.7196,8.76314,3.0457995,2.8663685,1.2152587,222.60455,92.09702,45.291176,32.194674088002984
50.341805,2.9797978,0.35629794,7.341153,10.7254095,237.2142,96.27538,42.445126,46.69813156878856
23.722485,0.11871347,9.356551,5.891398,4.2343664,233.29672,103.38326,44.12309,29.615870375003606
24.26934,3.0065565,5.8612037,0.12727281,13.014277,234.2147,94.05246,62.150284,32.162758466517545
54.43195,5.7807503,2.9814298,9.016441,7.5290976,238.70688,107.75181,54.04204,50.35103934388818
53.961105,3.7593837,1.4913511,5.456436,8.428898,238.84746,95.76977,68.95991,48.6081518716973
72.682014,5.3487277,8.295232,8.686273,11.555112,231.03305,96.62453,63.306248,62.71999126308521
53.47242,8.765981,8.365202,8.827369,11.912028,229.9076,94.35954,49.431225,50.61850062638006
77.58746,9.12485,8.14508,4.4496665,9.997111,226.70763,95.0761,39.695053,64.92329072100141
22.92169,2.6597407,6.450827,5.0766,14.138045,234.31143,91.482704,56.956364,30.593050889872163
25.88046,4.6214046,3.6601539,4.1575437,14.752178,230.76418,95.89541,59.06584,33.00830865297417
22.643951,5.4914403,3.0407028,4.4943676,14.256396,238.6575,107.19235,48.56704,31.80606765162653
31.116611,9.491124,0.0855477,8.951471,12.538508,224.77252,103.76849,39.196884,35.15758395212115
52.476208,9.986174,8.336076,7.88144,10.878753,226.20505,107.50536,52.28953,49.86774419683004
58.73433,2.3540726,0.874327,1.2652568,10.286562,226.32181,92.09718,40.15317,51.48246483528566
22.73511,7.2697988,6.30755,6.103078,2.4525025,236.11996,99.112335,67.59993,30.302429350535874
76.758255,3.7803106,5.0407495,9.959066,4.800781,221.9808,94.5851,55.15537,61.702419695348674
70.52992,0.08108197,5.2668934,5.955507,1.0796351,229.11298,104.42431,41.67724,58.16840324657116
37.79675,0.09252522,9.267128,7.8587165,2.9237382,228.55162,109.404755,38.629227,38.63602673270682
24.631252,4.60566,0.3161501,7.6906147,7.149213,221.4628,106.30719,58.66893,31.01935753566098
30.193224,4.883349,7.7339225,3.5031753,3.0515118,228.21594,90.70557,58.31173,34.60360173933039
27.616665,0.22569697,0.52052397,3.718493,13.623288,230.26756,96.33319,53.88529,32.799972079071594
27.397026,6.869274,0.38153607,7.240764,12.279789,221.3021,90.571594,54.57204,33.41930936395875
51.1137,2.940034,4.298177,4.9998355,2.0025668,230.19724,90.80334,54.15476,46.24576004823293
34.750847,5.598931,0.6307517,5.705707,4.484792,239.18475,91.59031,44.404137,37.82368803254497
41.488384,3.0091908,7.8914394,7.129058,12.467007,239.5783,95.526535,67.496574,42.49068209829978
79.37032,1.6713432,5.295631,7.77575,12.242646,230.63359,96.08405,49.17114,64.10841110745031
61.058853,4.0717373,0.29038784,2.7151659,14.236308,230.30194,98.00907,30.813116,53.3667618975423
76.93884,2.3227336,0.40500686,1.4679376,14.965669,225.71016,98.098625,43.934452,62.04414144931438
28.553392,5.3480096,6.126685,2.9179466,14.667781,239.9423,105.42818,35.211304,34.475676099159784
42.928368,1.9882853,8.061118,5.075383,6.741932,225.48459,92.828064,44.53535,42.34855952024071
53.28391,5.0840597,4.3779955,3.4214132,4.504598,229.05803,93.154816,54.330498,48.936194500224744
24.605484,1.5737852,5.545807,5.6836276,11.617743,220.05869,102.531784,30.906578,31.88801070003664
20.251247,6.7097473,7.9982944,0.53465724,5.1898203,226.98465,101.434845,64.80802,29.82759710847539
60.22606,7.5393767,6.1050615,5.097504,12.289605,221.4288,93.08009,54.412365,54.78471727517995
58.50917,1.1039424,2.2476025,3.6798491,8.475367,234.8765,107.04529,41.814877,52.19493292703959
44.647327,4.6780243,6.1305203,5.346668,12.114982,231.22029,96.58119,42.448208,44.7673987210275
49.378643,0.708717,6.2827945,4.2253337,4.8623185,231.44344,97.33935,48.626728,45.97059232508703
44.92658,5.9818244,7.3410697,2.8422585,8.112383,225.73022,98.4092,39.92367,44.96477143653846
21.440302,2.644043,6.2087417,9.0410795,8.896333,236.29793,96.45404,30.173677,29.038443585612086
40.122295,5.2762446,9.692421,1.8476499,14.203513,220.06541,101.1491,31.062298,41.70257004318052
30.624935,5.17461,1.9728831,6.813656,4.732366,226.67203,97.77296,44.309628,33.67299352803032
25.90545,9.243544,9.510907,9.246448,14.113635,233.18996,95.1887,34.96887,34.91730453847423
77.40323,5.4908323,5.3833947,5.3866997,12.268024,238.15845,108.0895,30.894547,64.06578009139515
55.961582,5.8299847,6.7195616,8.764085,11.232516,224.69232,96.167015,64.37077,52.661264620323074
63.719376,4.0165315,0.994616,1.2485148,12.016184,230.822,103.96978,40.965492,54.68116912654457
38.921825,9.490796,3.8057594,4.9378877,9.47595,230.75983,96.944534,50.124905,41.012258503852514
43.58883,7.771859,7.6937914,4.570253,4.41712,237.48349,98.7044,37.176365,43.77339314193318
34.21544,2.854053,7.06911,0.08118807,3.6529295,221.01033,94.71887,31.869,36.58817767906074
25.81794,8.442096,0.4013939,4.4325733,13.12878,228.48952,105.04659,59.79465,31.65035567408859
30.741898,4.3239636,5.465943,3.6902976,11.151952,223.6493,104.744064,34.998276,34.919710516787745
67.850845,8.286672,0.8827819,6.697987,3.98486,220.43065,90.4448,31.028677,55.56006981141245
60.65275,8.228881,9.958565,9.383298,9.611307,222.94061,91.20388,53.489212,54.73883952186109
52.81573,1.8887019,8.972966,0.8579109,7.2656507,239.52942,108.44753,30.538702,48.71211602552289
48.505394,7.011411,0.21080661,3.2747638,3.2211723,224.29697,107.776535,47.45144,45.526553647741274
75.346054,2.9064298,8.586495,4.4406476,8.445999,238.70062,100.12174,41.55344,62.05210048512955
24.364098,2.9749267,9.194296,4.5518537,4.9412675,224.10509,99.86715,42.77672,31.985187636557658
36.83605,2.9634807,3.5354822,7.7480974,2.3474178,238.6259,106.24848,30.155962,39.424326568470434
40.996273,7.2556825,7.1950164,4.4339566,7.537416,233.09242,92.769005,68.573845,43.141408918870006
66.94555,2.2982605,4.4210377,0.271613,9.261519,222.26437,103.07398,50.678524,56.66638393947312
79.55088,0.009058353,6.552325,7.101041,1.6566898,231.6383,99.51966,52.900486,62.88989901124348
34.44023,7.1523685,3.4031742,8.848297,6.6292987,226.37029,104.86662,56.6449,38.13599078319044
72.45844,1.7118474,3.2255924,5.139047,4.607267,227.66307,90.60206,61.90087,59.15855443199333
69.837364,1.044824,4.244339,5.811085,1.4291083,228.80342,101.85451,54.316364,57.690068695441035
33.479443,2.3751612,1.4556776,1.6293644,2.7592757,228.45415,101.13457,60.487923,35.820997920935746
43.959953,3.7990053,8.31139,2.2064595,2.9464781,233.28218,106.81696,47.949413,42.79850317016773
44.58037,4.7590632,3.486979,2.3517025,3.5602396,235.36736,103.53673,44.851006,43.536411772181154
78.69324,0.4457004,4.0014954,4.30742,12.247286,226.58356,107.60321,62.925358,63.90955737050983
30.853514,9.705733,8.940546,9.281452,7.152886,238.48727,107.74547,64.61242,36.59302450756789
67.94948,7.1606307,4.966238,5.217848,3.0592039,238.76933,98.16328,35.512268,58.295979016686644
40.051563,3.2319407,5.442539,1.9209764,2.4041576,220.81381,92.74868,51.706406,38.92396179663907
63.852222,3.1869726,9.564981,2.6608775,5.1711664,220.29817,102.605675,57.345695,54.34945327244036
45.20066,4.4854255,8.867264,3.8401504,12.172217,228.50133,107.47492,33.34395,44.65999473858512
54.701588,6.2624483,1.6946671,6.2325897,6.102438,231.81291,91.49907,67.183876,49.7026766645128
69.9567,1.4637307,4.73215,4.4003315,3.238563,225.55809,101.15846,50.80439,58.250809469277186
68.24993,1.8892981,9.712962,3.9244485,6.6576266,225.18828,92.29999,55.8183,57.59834794756077
71.98539,8.594346,3.723663,5.647286,8.774362,233.56668,90.53992,37.12971,61.102537438673636
23.57704,2.5625494,3.7157311,2.41835,1.4141786,232.03409,103.592705,40.57739,30.1103201376784
61.523033,3.80195,1.9503024,0.7890327,9.786985,223.34294,103.63699,34.84005,53.563965110655175
28.399242,8.712719,1.1432312,0.24414314,6.5314107,237.69002,102.01316,40.559948,34.09074643689537
44.949116,6.6314783,7.403048,2.5125916,1.1361623,233.59952,107.184456,49.69587,43.74373426246567
52.915306,3.4171188,7.7003045,0.9159203,10.434452,227.25153,91.61753,63.345184,48.860885280906444
44.164368,6.8369956,9.690129,3.3634064,10.973427,233.6725,92.1052,51.348938,45.161133963889995
51.1767,0.19683215,7.734182,7.7293353,9.803757,222.25307,107.29071,39.778545,47.52916019697181
79.79158,7.3564267,2.4335248,7.1629434,5.787023,229.36513,100.06554,31.784843,65.27895738983699
28.113039,4.8701606,0.40116578,6.1092763,8.414468,223.37968,95.46106,54.87879,32.295294259931424
60.527363,8.131822,9.854374,8.5250025,6.420208,220.82863,104.76314,46.806396,53.35272075603911
43.76006,9.546376,3.404507,2.8206763,10.808704,226.76653,107.88808,69.37415,43.561342293048476
27.980587,9.257886,3.1197155,8.850537,9.170122,223.01471,103.79207,61.190395,33.95157303501865
29.524206,9.09265,9.059552,3.9923916,2.1451876,232.67036,105.83865,62.334515,35.429543869168945
76.95638,5.1216993,5.850999,4.008933,10.00331,233.48135,95.64995,30.4894,64.45814636505997
72.77609,3.601421,2.1487117,4.053516,10.621338,222.97385,95.775505,61.111813,60.82674642400679
74.422516,4.6503534,8.890963,0.9809437,6.1898303,220.49226,107.28248,37.78453,61.58248218905228
79.49197,6.89896,9.933609,9.754905,13.261001,235.85622,102.29726,53.431835,66.22182740227224
32.498924,8.839978,0.8667856,1.3850678,12.802201,220.04114,94.68326,47.896862,36.43012801046959
41.32636,2.069863,8.622517,3.4088573,3.4523313,226.87827,100.48324,52.864155,41.650445504859455
60.15314,9.1819315,3.905157,3.1930032,13.659728,229.89166,103.71721,35.33774,54.35017636024357
49.028152,8.151802,5.2407246,0.74679434,7.172213,236.37285,94.37098,48.27567,46.932741062499545
45.10337,9.78856,9.14816,1.5226012,11.132495,236.77118,103.09813,31.477787,45.70589938225406
41.468674,8.802518,9.733792,0.44858336,12.397358,234.4988,90.842896,31.639975,43.280017392825634
55.62684,2.7993734,2.621639,2.9240448,8.071574,224.94395,96.07383,56.309525,49.79328687828805
54.535606,1.0595591,2.1285076,8.66657,6.587427,234.40373,103.47944,68.06793,49.33427284473414
29.68747,1.1224108,0.8051656,3.394422,13.816319,224.93079,92.986984,61.09572,34.51479341005594
48.30439,2.912233,5.6179786,1.2369183,4.23195,224.29216,94.44398,48.76623,45.84122916169715
53.208305,6.141837,0.13604395,6.4569387,4.597581,230.94257,107.58186,32.23483,48.54221506292061
54.217216,8.043203,4.118983,9.966009,6.0626845,233.57709,103.48642,31.800806,49.21608197502445
32.60643,8.992503,0.73384017,2.323238,13.032521,221.06104,99.97837,36.31569,36.484161691430046
64.536285,6.237534,4.052258,2.79571,14.143036,221.20045,94.217865,69.03242,56.3804495652768
21.511946,0.056313127,0.39932188,9.718471,4.080948,235.68341,96.82819,45.94644,28.5897114812098
41.289913,1.8631678,8.352173,1.7877629,13.094182,237.18994,101.48661,63.73629,41.88009016296526
66.81276,0.99726206,2.09739,5.1121407,4.6148415,232.08882,93.106255,58.205696,56.80000570541466
53.833576,3.6332448,3.283087,2.3965213,14.588978,228.57655,99.63488,54.217148,49.17833280678285
35.669746,5.0135098,8.7004795,9.323519,9.36371,236.90633,98.17949,67.91305,38.301893314649014
61.697186,0.4339718,7.462661,9.81521,1.0992105,234.57634,99.533745,39.21646,52.833718681486566
54.043457,3.4847798,2.1903837,8.146978,1.4778186,231.59189,92.11121,48.195587,48.288409269579226
67.77462,1.7917968,0.7189942,3.147838,3.0647833,226.39514,92.129944,64.58892,57.18598656627764
64.10151,6.4707017,7.156738,4.034875,3.6260242,223.9599,109.28222,52.070454,55.58411896234025
56.606476,4.6427236,3.9070256,2.4230568,11.746668,228.37346,109.58736,39.857807,50.977435375210405
49.29066,4.9531765,7.6608,8.907579,4.1187224,225.73645,98.52329,38.356655,46.371640438040906
27.990927,4.276918,4.4529476,9.145583,14.567983,226.78517,105.77991,60.11524,34.041200988750006
35.67998,9.560197,3.460024,4.1887064,9.905569,230.31262,103.11583,30.511557,40.17077300770485
45.14597,2.1473513,4.512054,6.5653305,10.695245,223.38188,92.33834,66.56768,44.075264563245334
55.95796,5.1666427,7.48559,1.6555318,4.0494313,236.12354,95.93357,30.73672,50.2748555490609
50.82247,7.3601737,9.0222025,4.349359,13.497889,222.91058,96.273026,55.239563,48.52489609345996
37.291073,5.5684443,0.49767196,6.314991,10.349404,229.61987,101.91549,54.18992,38.822435102035094
20.387861,9.290209,5.2411156,3.854031,13.101679,234.91943,101.59953,53.136448,30.007804184557557
49.774353,3.7796836,0.3283543,3.5759952,14.390736,229.70041,108.47018,48.97372,45.565672619766964
37.137558,4.636758,4.6840954,0.009989923,2.7589736,227.22044,105.80073,64.09721,39.011508779989946
64.0765,0.88522315,8.852828,8.042934,2.3522213,229.49783,107.136955,56.373314,53.98902681447155
21.436775,6.089991,3.6159027,8.893376,12.247709,236.97342,107.82457,61.27449,31.190091273813493
55.08967,2.8821197,9.324504,9.694635,13.125765,239.80864,106.025536,34.620872,51.02318024135251
76.48846,1.6030904,6.3060846,7.1927137,9.17266,232.62286,96.65762,31.995945,62.553705790629756
30.464556,5.445313,9.341554,5.487923,6.1240077,235.86888,94.30026,31.14114,34.900612729431515
48.29897,5.3231025,7.5716662,2.692845,10.136815,220.28978,101.43535,35.88824,46.880801743399644
25.48532,0.7587164,1.0343517,9.992994,5.279297,237.60728,103.79137,56.680317,31.512061376235838
57.540916,6.9821544,2.3115137,5.8975286,4.3373995,239.081,97.73136,49.76087,51.19670323947026
53.031902,6.237722,3.9417045,6.8115406,7.834033,231.50339,106.966774,60.09009,48.53279924374229
44.441933,1.8901728,1.7010689,6.8240614,4.0261536,235.0761,109.211334,37.669212,43.58409590512081
51.28262,4.694349,4.949116,8.4525175,7.7718506,230.2549,101.38792,44.67852,47.27498037939538
73.79448,7.203229,4.7136817,0.09672539,14.392491,225.72408,99.13184,65.5399,61.900888057485446
31.777658,5.2943573,9.562592,2.2024693,12.756976,237.04495,106.85774,67.42858,37.7406605452371
21.35387,3.9548907,4.337279,6.65534,14.182833,231.93674,90.48539,66.86916,31.11822263640598
71.69989,3.2233846,7.856268,8.951457,12.288606,231.58766,92.58025,62.7322,60.4855792082477
54.627026,6.1039386,9.419106,6.853388,5.966513,233.18265,106.913155,57.529434,50.100003657892486
73.43951,9.391087,8.769888,4.134913,12.368633,237.12006,104.64057,66.54712,62.957166564103254
55.816715,6.717448,2.0866764,3.615555,13.92082,234.63812,98.32273,58.567265,51.48617417797543
68.609665,0.74745905,4.960299,7.37948,14.258501,224.22249,107.77704,68.15745,58.3092244154016
45.780403,4.6068497,3.477398,7.412377,10.56477,229.33647,97.02917,30.991533,43.93571057302349
64.99159,8.908241,3.998587,6.07058,3.959133,239.60597,102.67691,66.865685,56.49827508262139
74.782486,0.94462425,3.6080682,2.9146702,1.5562081,231.09122,102.68669,52.22962,59.83828671861349
54.327377,9.888757,8.263592,9.251548,3.0608032,238.76491,93.68664,34.47191,51.151818013398184
30.847109,9.490694,4.5213904,5.5187993,14.517657,236.2674,95.69704,38.59645,37.19046294920045
36.127857,0.7827448,5.2369432,7.9049234,7.4693556,233.32047,108.32014,64.08637,37.626396803125495
31.918674,9.334133,9.824473,2.1430826,12.969804,226.9873,93.6683,50.24468,38.60214926003818
34.81142,3.631326,0.5997927,3.440408,7.510618,226.08638,93.47149,69.312706,37.18980595724562
38.384926,8.447092,4.879576,8.745795,10.251446,232.86842,99.59231,34.701244,41.04668858944226
53.308025,4.1838336,7.7406173,0.5010703,1.3379709,228.65123,91.84395,46.500137,48.480131864821786
55.2795,4.408551,1.5116196,5.123153,4.4981093,235.97507,107.892525,43.27498,49.55181847046684
45.589985,6.342431,6.115316,4.8170547,7.10777,235.20914,92.00298,50.645416,44.75023178020626
56.925247,7.7447743,2.3946478,7.512302,9.828835,226.24261,102.33115,55.337513,50.76896294169692
24.894495,0.33789152,8.674041,2.8189378,3.4012966,234.05458,96.79564,56.46518,31.54307642067787
25.267294,5.93156,3.2709966,2.190668,11.70372,229.891,106.08546,30.051836,32.29613318691324
30.309767,1.86733,3.2906282,9.261329,6.101666,226.46584,101.79621,33.55842,34.108084576581845
51.08465,3.459495,5.981939,5.7170963,12.444094,228.25934,97.76612,31.402554,47.95378316501892
32.83968,3.4796867,1.8356291,1.0468957,2.3715672,237.90704,109.67746,64.58397,36.69382100256214
36.997063,4.6906033,2.8488865,1.9303616,10.516592,227.19035,91.32462,42.53169,39.68047272663855
44.01877,3.3413641,4.1663184,9.98826,5.1065965,225.74799,101.555725,44.682537,42.53860679527479
68.71197,1.0736111,3.5363786,1.95609,12.135365,227.03615,109.79137,48.01485,58.291319890604726
20.831728,1.4562874,5.248772,6.104755,6.630386,224.29237,103.81905,63.972176,28.73424946315844
58.96273,0.33437985,5.9964013,4.2012806,10.314895,230.8927,104.795395,30.56665,51.39254431637794
60.13259,4.702491,5.6666746,8.855991,14.080274,222.94873,90.64182,34.74473,53.31431061466773
67.91935,9.5444765,6.541683,7.551686,1.2887728,236.34888,90.42726,57.406525,58.91106801405651
75.96518,1.1567522,3.077495,5.969514,1.155635,224.51161,90.7222,68.5557,62.16431998660655
21.208271,9.462645,1.2642623,0.107389815,11.78391,231.9611,109.83448,55.711456,30.090069384634305
29.227022,7.3336153,7.6080756,8.797952,10.049502,222.5005,109.59039,40.44494,34.89536517015462
73.17028,6.374988,8.507804,4.446675,5.101716,239.56906,96.69018,50.79458,61.66917594785102
47.511112,6.4527774,2.5700624,9.315777,7.9215536,229.0915,95.81963,68.99922,45.095378396629485
53.87544,8.267277,4.0709195,4.95539,1.5870993,236.44342,92.919174,51.123062,48.97525185017996
59.78163,1.0691986,4.985692,6.942245,3.6942384,235.37296,96.58281,44.940304,51.734280502985534
60.743996,5.047543,5.3332686,0.69292647,6.9429493,234.27386,97.403,45.33702,53.6427358945152
75.90443,6.9709115,6.5949016,7.4515166,12.676621,236.5473,104.96566,68.68134,63.941671457566265
79.81696,5.8682046,0.41603234,3.3799603,7.7153406,222.00928,107.325874,58.75666,63.72145087468854
63.209446,8.32779,7.214771,3.51359,9.209075,233.56995,104.9347,57.486916,55.90806912200583
37.233273,0.7227171,0.6197101,1.1865585,13.2325535,225.31654,102.929504,39.282173,38.899759194053985
72.78514,6.9070106,4.6828856,1.4685715,5.323465,235.71744,105.318,52.379387,60.809048804172996
22.953255,5.340277,8.276711,1.8575906,10.809791,239.13737,104.76995,44.26981,31.806162774073655
33.864853,3.7916086,4.512153,3.2820616,13.063342,238.02979,99.51499,39.608063,37.864221156267114
73.84314,3.4027498,1.4908975,8.919699,3.8366199,222.29904,96.717026,65.82209,60.86136840272019
35.37149,6.2083263,9.850338,3.6826024,5.9906945,227.39105,95.65562,45.326233,38.53004214143894
33.239063,8.909954,8.892855,7.243627,14.717342,227.28645,103.58711,41.311485,38.89240728844296
28.287518,4.961759,7.713136,0.827475,14.765059,222.44592,109.18608,67.268814,34.321520604620254
71.54671,8.2472315,4.115116,5.910988,4.125219,221.96252,101.62109,37.893856,59.78237424779268
50.003494,4.021564,1.8384572,4.8189125,1.9302417,227.6978,108.25053,59.82019,46.11193280857697
60.49359,1.0239446,9.414112,9.779579,4.7929025,239.84143,90.284584,56.109886,53.57394467041719
34.343983,0.61505735,5.323511,8.462078,6.5682473,231.37886,105.88941,66.819374,36.644969508086234
65.48242,0.5133437,8.523555,4.548298,7.1740785,232.43564,107.07205,63.281887,55.09080648689522
65.600334,3.8015015,3.4209502,7.7514277,9.663288,229.42038,102.61987,58.211807,55.823990613573194
38.755882,3.3723774,3.352883,1.9303874,13.593039,233.24661,108.68122,42.582867,40.97479574381565
44.640957,7.1793704,9.855405,5.6233635,5.624872,239.13324,101.79826,49.82276,45.93748297228229
32.581417,7.428215,5.2183304,0.74619055,12.899783,231.77396,94.81074,67.77983,38.037464287117686
78.59366,0.5085397,1.4069543,3.4808903,2.3087049,221.30077,94.31435,30.928104,61.79270620601254
58.736156,2.2112327,2.1967468,2.258622,1.5862458,229.85782,101.11672,61.773273,51.42118125361361
76.07263,2.7426186,4.8194427,7.1890984,8.056633,239.85503,108.12968,40.072414,62.29557183673793
38.203133,5.47612,0.4247091,4.900907,1.8352711,227.74805,91.44736,37.400677,38.3638443070152
66.91345,1.4451523,4.62534,7.510705,6.4948573,231.87762,102.08781,39.288986,56.65113990171745
65.951515,1.3394122,4.1894083,5.1529546,13.5548935,222.13274,105.39607,32.39004,56.31773377317079
61.49934,9.437889,7.7933626,0.86484444,4.3807626,222.82361,92.308044,69.67919,54.4868778996081
77.93834,8.042029,3.5494196,7.3536763,10.883661,237.49362,92.335396,64.79477,64.36086308581257
43.61332,1.8065491,9.825488,8.332293,5.2331157,226.0069,97.32256,50.84224,43.159276929630174
27.843039,4.065678,1.8076992,9.035313,1.6288807,226.10902,95.47762,58.604126,32.215088946750306
60.302532,3.55622,5.909867,5.7199197,8.793668,227.74426,93.966286,52.263813,53.78407653816923
63.758587,7.910041,0.896993,7.5358534,12.687949,239.32957,93.973885,62.463158,55.008258522549546
54.503635,5.102129,7.3386397,7.5204434,6.7325583,221.6878,92.61338,63.790607,49.83077017330812
32.409073,1.2784973,9.947536,1.5574976,9.642114,236.37527,102.21708,39.31162,35.92134095769643
50.267357,7.3899207,8.191386,1.6422069,13.60033,226.83116,103.76251,48.38991,47.93318414578955
38.731384,3.9688797,5.5570354,0.70885503,12.055723,236.98936,104.05872,55.39391,40.59796339406192
45.64799,2.6292424,4.8474135,3.1991363,3.7142696,239.83511,100.64708,69.137634,44.96309447934159
58.713116,3.7549863,8.3503,4.735086,11.267375,226.97334,109.05813,57.307575,53.25278506323991
64.71288,4.977566,9.359741,9.978978,8.026503,222.58713,107.61066,65.9054,56.57570878429653
33.933483,3.4311552,9.892065,4.309933,11.443535,222.88751,109.152626,63.844482,37.68914030493795
44.319523,2.4190576,3.9653924,7.262426,7.923218,235.17482,97.77591,53.282524,43.476938703841626
36.149693,3.9850204,9.909175,6.9339705,2.7914143,222.89844,107.555664,65.746216,38.999046520515144
31.917896,0.19172911,1.5592625,2.0448196,8.978732,225.20844,105.25749,45.09687,35.28077992363839
67.003235,7.7249784,2.5354977,0.5850715,7.889876,224.08797,96.79946,45.17134,56.98013016687293
74.55516,1.7094489,0.8901613,5.4600677,8.250904,227.11357,92.13187,61.238625,61.55747639538104
42.213932,0.43904614,2.717385,7.003056,13.304634,221.48734,103.65243,35.38175,41.89288974396554
65.07674,6.536987,7.6793756,9.982518,13.527719,237.13486,92.72905,42.23301,57.63169985628543
73.81972,7.7393613,8.529243,3.5861106,7.3495197,237.20293,95.87552,54.3429,62.23272585427551
70.767456,8.138291,7.7889266,8.963646,7.3802485,228.25865,100.00729,46.802624,59.944826842473205
30.968803,4.935092,6.310658,3.8193245,8.212618,232.24174,103.59765,67.62895,35.84058525798587
77.37751,2.0536819,5.139665,6.894117,8.27425,232.83904,108.52455,68.34024,63.47953475606377
42.600586,7.372277,7.087043,5.982529,14.30542,234.98517,101.8648,50.103252,44.4214872248794
40.35444,6.997131,3.9083354,0.52978796,10.091606,230.4138,103.42826,51.562477,40.870033905035946
23.74588,2.4627073,8.413083,0.7838843,4.884398,230.20673,96.20028,58.985085,29.99253304445487
49.170418,9.034078,6.771901,0.2076409,8.441515,232.62607,103.74585,48.290596,47.02616187017228
26.540817,1.0437145,6.978047,3.708341,9.78113,234.06097,98.755806,37.60394,32.532330008722184
34.912388,9.826882,5.3593597,7.4580107,9.956804,226.9338,107.138626,59.878765,39.35714028907894
39.016556,8.602478,8.85229,1.727554,9.193559,226.6074,97.84901,59.511436,41.36820714797392
68.52958,6.8789864,2.5201473,6.05853,3.488306,225.39436,99.36544,39.799244,57.56409855635658
72.52932,9.387499,3.8114765,2.8882778,1.4703046,230.97693,98.65176,63.31666,60.524707290832154
38.14798,7.2231116,7.776426,7.9699264,5.7298026,227.20311,106.22246,54.545967,39.787392372262616
71.52189,1.90457,4.927489,7.9839616,6.98531,230.80626,109.07398,39.452065,60.161667461642736
71.43385,4.4215612,8.89214,7.754145,1.8652594,228.11969,96.545525,56.081566,59.283477515508515
65.87906,0.71503025,3.4639933,5.2483354,12.409543,236.73468,99.50056,39.34438,57.121758035853865
28.801706,3.8965743,3.6933017,2.8456671,5.8170843,221.4626,104.11852,40.609318,33.46846035402531
61.419373,7.4160304,8.887358,8.09444,13.790858,231.44421,107.90763,63.920372,55.20792360958566
76.70145,3.8644335,4.643703,1.8610057,3.1617415,231.51248,99.874016,67.179665,62.048057969072445
60.952427,3.3029418,5.161246,2.8975961,1.7970893,227.67435,92.17787,40.275307,52.89954461620289
39.89701,5.953557,3.3276372,1.8394771,7.7524257,228.42043,97.37343,67.12204,42.051887063117185
50.03476,8.722045,2.7666993,6.7421017,3.6478107,236.00262,101.00724,39.551952,47.18333742343426
58.743504,0.47583193,6.5594873,6.8623605,14.1235895,225.61348,98.350494,34.690693,51.958862805774466
50.634224,3.8547044,1.1984066,6.5250998,1.1442475,237.42807,93.73112,32.328957,46.15383845032702
27.197176,1.5824075,8.7927265,4.1560144,6.776675,237.92686,90.73979,39.68453,33.62772393516272
38.723843,6.9535427,7.7920313,1.00171,13.974469,233.01239,103.74818,45.409863,41.670788280480174
68.14376,1.0572456,1.9074826,9.111696,6.381855,235.45715,109.854744,67.10194,57.14015794550972
71.68508,6.6480775,6.9401994,5.0773096,2.30353,232.25896,108.38413,39.68632,60.35252257632362
28.238003,2.8618088,6.026329,4.069722,5.240529,230.50519,103.66542,44.618614,32.6559575334639
77.1432,1.9891682,1.8453505,5.888249,7.9721456,239.33356,106.8306,59.366234,62.88793496442574
39.72936,9.363525,2.7320352,1.9279044,3.5921235,225.6531,95.114555,42.082962,39.828649896937634
59.738823,0.18524577,4.089865,1.3254877,7.5318637,223.08302,102.44869,57.374725,51.5356356240302
65.10951,4.377773,6.9924273,4.055252,12.708805,225.74971,91.21208,47.28311,56.19171582249196
68.716774,0.21626993,6.387234,2.272207,13.216652,232.29251,104.14368,37.8578,57.478840489311565
76.74498,4.8359303,5.3223486,2.442903,1.6896503,223.70367,109.397446,59.362354,61.61766665132868
38.775173,5.0104737,7.6841054,8.925115,3.252647,238.17628,107.21594,31.081553,41.17842135816615
71.51038,3.2166247,7.579377,5.307592,4.854062,228.22049,100.68882,41.693394,59.28333935520433
27.901215,1.3216177,6.1785917,4.8346906,9.328122,236.99925,105.7748,44.24726,33.30707824218451
62.302456,3.7638755,7.8699007,6.894796,6.0539265,224.98473,108.877975,48.32873,54.936969447645026
64.51866,6.7226295,3.3426337,9.515481,12.816573,226.26337,94.32035,57.19477,56.37257126770664
60.663395,7.823958,8.812495,1.1219857,11.033406,221.18446,105.86517,48.3762,53.255447354706966
35.138885,5.307506,6.149101,8.335345,2.4063842,225.15535,95.39694,53.772964,38.33733174361169
72.38259,5.898344,8.223635,5.840192,9.743805,229.80627,107.53895,53.83116,61.98469194883788
30.131508,2.0061636,5.462791,1.4616536,2.5821767,238.92274,91.96709,44.930866,35.39038634473574
23.218088,2.8733034,2.1843824,2.9714932,4.5704994,227.77806,93.56437,67.35885,30.42836303231631
63.0479,1.6189561,5.4241014,4.823614,3.4901888,232.79488,104.41233,68.23415,53.606776533647874
48.52854,2.4929535,3.7111166,6.9117713,3.4228673,228.5542,93.49555,53.274036,45.22055732287462
70.945885,2.2488678,6.9749904,2.4260702,9.629538,220.93584,93.16109,32.867634,58.52594336685803
43.00383,5.194488,4.757938,5.3487883,8.890469,230.07065,101.10934,49.645103,42.537145094212434
30.096716,5.6268873,8.361128,6.8467164,3.464394,221.31827,106.699745,37.376774,34.31482316522121
70.18653,9.449474,6.780725,4.4874077,14.862419,237.674,95.36935,49.328583,60.6814071346851
52.934578,1.9557065,6.845444,8.6302595,6.905714,235.06075,106.82276,37.539326,48.68972260557764
31.351748,6.416757,2.1715534,8.694591,2.3589706,227.57303,106.159065,58.15421,34.7265498340275
63.22304,8.172593,9.842498,4.706912,2.6879663,232.80437,101.58211,33.217163,55.470071510707434
50.666817,5.6024146,8.416752,9.729257,9.174512,222.24057,102.93125,68.132164,47.70765681922569
56.258778,2.5500364,7.890049,0.7558509,14.706972,234.0511,90.80882,37.815037,52.213410307398895
47.6539,2.6255023,3.3021522,0.033623785,9.007316,236.45465,97.34271,56.426254,46.58347254533977
69.72254,0.39253053,5.3563166,3.8066826,14.286581,236.4349,95.2679,66.6785,58.57667278887545
69.773766,3.0544422,1.3710319,6.0109706,7.2178597,225.68555,93.00008,39.91545,58.18129272374899
62.563328,7.446037,5.38476,6.2920017,7.1017756,225.27492,97.79319,67.37188,54.410065231750636
26.324083,0.4751776,1.4588925,4.764457,8.000103,230.42795,97.09808,45.546986,32.19475023141541
70.33123,2.1929529,5.5303783,1.2488332,10.763956,239.35544,104.577835,68.421234,59.31527869941997
60.26078,7.062325,6.487219,1.7049752,6.1466236,238.41046,101.96193,68.85455,53.629319949113636
61.82145,7.8265157,3.9019597,8.52148,13.094404,227.19276,108.262,37.523197,55.73955314386042
41.77897,4.553184,4.985449,8.6791115,1.4099394,235.59659,92.90815,63.243492,41.07389747839172
72.756775,6.9807434,8.756534,6.7389855,7.1566987,238.42636,91.19497,37.73684,60.6035669641394
63.522297,3.8795216,1.0856315,6.6421795,8.153886,225.21854,100.692154,39.057625,54.67561073452783
26.755428,1.5991324,7.917329,5.9768214,9.498451,236.60591,90.020546,33.36506,33.06540573468138
44.466682,3.981495,1.7075455,2.029259,4.865007,225.35791,105.75438,36.26148,42.40470409279927
73.18282,5.7996783,0.36707982,4.282507,6.9847198,226.86565,100.11946,55.288757,61.28687879741155
22.831802,9.480533,1.855746,6.9589467,7.7835283,223.97641,99.761314,47.970108,30.769012924122187
77.685,0.68750954,7.650432,5.372523,10.616739,230.1416,97.249916,61.637768,63.194052992522735
60.749756,5.0739408,4.051261,0.18580334,11.829618,236.86621,97.49947,43.279873,53.704219262443736
57.882557,3.2891977,8.725205,9.535568,11.329582,230.56104,98.62267,68.74498,52.51874784636046
36.233555,5.083117,5.2470756,8.44816,5.7821627,222.4688,90.32065,31.994902,37.64935246250752
34.927505,0.23975447,0.22250351,2.6054502,14.992308,225.03552,91.67091,32.517437,36.977776654481325
76.52349,3.1302536,7.167136,6.1645894,12.881314,231.25723,100.10096,58.054996,63.361395742760074
37.896347,8.198682,1.1023291,9.232394,4.6403275,231.66374,93.00245,65.50156,39.32913128240252
66.53032,5.5394173,7.8937964,0.9601101,3.7314813,231.53812,105.57525,61.820007,57.029761964232726
43.587307,4.505825,1.6810255,5.030295,5.3962975,221.54007,95.4897,49.59268,41.7756958176115
28.355244,2.8552508,3.454464,4.5624304,7.332828,235.07391,91.95799,40.785656,34.278707049698646
20.642918,2.9804251,7.6127143,4.10205,12.911191,238.18857,94.7042,30.538061,29.42769038000999
52.65544,3.8310144,9.542314,8.355886,11.897072,230.21037,97.14197,50.37806,49.13873564018862
78.54673,8.355707,3.7143395,3.8064616,12.917446,234.37659,90.70633,49.025448,64.83191205439027
42.14817,9.6721325,8.294003,0.63663334,4.8073997,238.2803,92.83351,43.769836,44.003642888205626
41.43154,4.386554,1.9079226,0.6583774,9.308457,232.85245,96.47694,53.122913,41.43405974751933
40.645496,3.9335284,8.071797,0.42744607,4.965487,233.48651,96.20961,59.152588,41.74931269544927
51.23263,8.4655075,6.5749407,4.091454,2.5263243,234.42809,106.00774,58.03553,48.27919449832794
46.43989,4.269053,1.927435,7.184063,10.578769,225.21005,106.86511,40.530113,43.53150972308792
72.794876,5.5201817,3.0250397,2.0372245,3.0019658,231.65356,93.86837,53.412148,60.13180357825663
50.33125,2.3094165,1.3177088,6.4646854,10.347769,236.8435,92.4788,35.950977,46.125718473473086
50.46547,7.435025,3.8296702,6.870885,10.0715,225.92325,102.68325,34.864075,47.75886176465241
28.302296,5.3198833,2.0364864,2.5520213,12.343478,237.9434,106.09247,61.434235,34.00112346552779
78.96437,8.090345,6.4399796,6.0055766,2.9537644,232.40764,109.27446,57.749836,65.24550170495071
34.998375,7.8073273,9.945051,6.8486834,11.968722,228.4635,90.135925,60.717155,39.38418084886694
24.401844,2.1500478,0.12009163,4.6661363,14.989871,232.46365,98.27356,36.09849,30.892869658388687
59.788776,7.1563554,5.4091983,3.367166,12.914595,228.0372,104.679756,66.58475,54.33560790611452
55.72198,8.000545,5.736666,6.1915154,11.525369,236.76071,106.57118,35.324463,51.22347882233627
44.90874,3.4610724,9.142088,9.778471,10.270315,229.64638,91.24572,64.801476,44.90316552557184
45.331535,1.7260911,5.0600533,4.268414,6.9049406,238.02426,103.61229,44.095173,44.19026931603601
67.103836,0.026321556,5.437014,3.917351,11.227002,230.19617,95.77878,34.217365,56.28795102675438
31.742758,4.5090365,4.716528,4.642669,11.138493,233.20737,91.491936,41.470757,35.82643982686186
69.2152,3.5243273,2.689043,0.76218396,9.840976,239.9549,99.78205,37.25792,59.34393723791874
58.924828,5.5490985,0.56029135,5.531633,12.147898,222.93932,93.16307,49.62679,52.00963173611494
45.138187,1.8804109,4.086577,3.286974,7.2826943,234.73459,104.74015,67.989815,43.39485557837583
47.481716,8.596656,0.5259147,1.2142212,2.697538,222.77745,104.82523,43.114845,44.20283342458328
35.398834,2.577552,5.504925,4.6625676,8.826948,236.77733,106.841354,54.48396,38.815653662534125
65.12686,2.264296,3.0729365,0.033839867,4.7106094,231.92906,97.55138,65.66884,55.46577365316345
50.772484,4.8071404,5.336024,4.0178523,6.3820634,238.76318,90.2662,55.202957,47.94903983693431
39.251274,4.98851,1.3429697,1.0573527,1.2438086,237.31914,95.19472,44.487965,40.202013378887806
55.76301,2.1508522,9.3263,0.24292703,6.3590684,221.49744,99.35623,69.63357,50.783460545497775
79.744064,2.7186072,8.945212,8.24475,12.3232155,222.74605,103.880226,37.496544,64.92076934755458
46.115738,1.6970524,1.899965,9.162488,8.598113,232.02342,97.64081,50.93024,43.38208336688269
75.241486,7.184602,3.4344428,2.0767465,1.1372074,230.36629,100.72097,61.86822,60.94480020420155
40.70101,7.7008905,6.1349277,5.3929825,7.5778136,223.3713,100.485275,30.025955,41.49362233453828
23.283962,4.623285,0.9568621,2.7795815,5.080323,222.58719,93.299644,58.08173,29.354105606267012
32.254528,7.14087,3.5456781,4.9357743,7.685709,231.27982,102.46099,40.659954,35.686686169367306
45.121708,7.359354,2.511123,4.366313,6.665698,220.97842,98.785034,36.78907,44.52352031239219
33.178097,1.3827553,9.155168,2.6905105,14.047709,237.4747,106.15837,40.967777,37.618434933071185
20.013622,9.66178,8.525106,7.003936,1.5764822,236.14166,103.812225,68.67266,29.570958577008835
74.90009,8.2103195,5.7983274,1.2649096,10.570232,235.7074,92.229385,65.677414,63.12372087672635
70.63277,2.0448346,5.2034636,0.5307278,12.914372,220.31995,99.77517,38.55018,58.141949476071225
64.53754,1.8616503,9.307258,7.6767545,14.42934,220.95282,104.04989,34.681072,56.33160593236546
30.068876,1.2566115,9.324278,6.6593003,3.4869072,230.99678,91.740234,44.566105,33.39959336714619
27.221815,1.3837856,9.693301,4.9852614,8.438267,239.88852,105.84994,53.69346,33.70707070298494
24.056286,7.481618,1.2537888,4.677898,1.610254,226.84633,94.440094,64.68578,29.46151945678816
63.44175,4.6965427,1.6055781,4.974114,7.9885693,226.8875,100.0617,68.64361,54.362706214418864
75.72848,7.829342,6.767367,4.3702407,2.7564132,222.68556,108.811226,60.046135,62.946945228053224
45.83215,7.4625487,5.414345,3.928923,12.730554,233.48671,101.42668,53.96029,44.72079361101856
27.14844,6.0461273,0.18465905,4.996906,2.59418,232.93353,98.48109,35.69328,31.99002508173485
50.74357,6.863666,0.6197504,5.2851515,8.186037,222.02644,90.135895,32.961136,46.9825546346095
40.929913,0.18355724,8.880804,6.919023,8.295345,229.34825,92.668274,53.841076,40.9134936942406
42.489494,3.1177764,8.688708,7.1120715,14.6031065,233.34149,101.57328,51.562565,43.30328100117114
57.27984,6.378222,3.5727093,3.776291,10.16973,229.87032,99.8765,63.843525,51.923811410407616
63.123085,0.09344953,8.910506,4.135405,5.029764,233.48727,97.27658,42.904236,53.483362973562656
26.636215,0.32976943,5.936751,3.7369716,4.3711905,236.32541,108.46432,31.587635,33.094256184394744
22.135414,8.51888,8.059056,5.365358,2.7954748,233.71631,96.64965,46.94833,30.07595857618506
79.65982,6.8402486,4.2743106,4.5335355,11.591207,232.32228,100.74301,68.767296,66.12071268606724
33.9637,2.6536973,1.1339833,8.895965,10.670593,237.07181,101.37427,61.822998,37.252273899413865
23.229832,6.879628,4.3372707,6.9636126,9.53828,238.01176,100.54937,31.350887,32.04997243356039
31.392519,7.9245667,4.572998,8.986564,1.5717663,227.77773,99.551704,64.98716,35.931245618599334
22.337471,3.0679429,5.509442,7.09137,11.679605,223.465,96.74127,48.86758,30.578030925533795
43.508656,0.36037377,1.0558271,9.709922,9.986426,236.35721,108.17527,44.59072,42.02035415342459
68.144104,9.327791,9.914019,6.357368,14.494444,224.27505,99.01607,43.869583,59.45082738314879
40.474667,3.4517984,2.441368,9.635501,9.22083,238.57901,100.56898,53.80577,40.553328894401936
46.651005,1.0648177,1.985524,1.5816989,5.2553267,220.45757,103.12956,51.223976,43.36169162219006
60.535206,4.9185686,5.268029,0.5247768,6.3412876,238.42543,91.35312,56.26509,53.83780840486043
50.533646,7.684678,5.3720818,5.7912517,3.4617698,231.78366,105.62576,52.94566,47.71688018696911
71.686745,2.216473,4.398207,9.834932,11.120798,235.49484,100.250145,35.757782,60.32041505195581
71.96214,2.6949005,7.7189217,4.1760526,10.908103,227.96985,103.14354,40.28944,59.421587142500684
20.594643,2.4271498,5.166544,2.1204336,3.8091002,239.83432,105.44024,63.641182,28.8209628194923
66.68278,9.916731,6.0969543,5.2154145,3.2188506,224.55103,107.48199,56.530342,56.81483648237363
47.644016,1.9740373,7.237464,6.487986,2.078069,225.28688,97.844406,47.936024,43.948928888092624
79.33043,5.7552023,0.25025102,3.151787,13.76766,221.02866,106.2286,37.304058,63.50402899279246
48.993923,9.252646,5.706442,7.1476936,4.2629776,238.80946,95.176735,30.307642,47.23502180205672
79.21376,1.4689656,8.841945,9.751145,5.8182893,229.12059,103.20671,42.475494,64.70966161796733
65.27416,9.708542,0.17388743,8.969631,4.927063,233.49706,92.054146,32.19388,54.89157187620524
34.916294,9.474772,4.051821,2.9158537,6.7907443,233.74881,90.40061,49.291367,37.926311191165276
52.3037,8.84572,9.262275,3.267237,10.996683,237.49004,91.91526,62.87206,49.92197233794633
79.52814,2.1455653,3.531544,3.7154121,13.188339,233.29851,96.38765,41.415947,64.95478531795816
71.451836,6.3405504,4.5872884,3.9455278,3.5563824,231.24042,90.621895,63.910168,60.415641105403445
25.842014,7.608915,9.815413,1.003195,10.609773,234.20638,102.609825,58.182575,33.92748440426855
62.38232,9.860279,1.9932386,7.6196284,5.93587,235.01941,96.330894,35.010494,53.81323144285409
40.734776,1.8042382,0.6525519,3.6533926,14.727381,223.71855,104.72752,55.782475,40.154191114793804
20.418936,7.660259,8.594226,8.7982,5.1848683,222.19334,90.918304,36.067192,29.775307669050676
44.20886,3.3880117,8.684653,9.269406,1.1007013,221.49698,94.33403,56.191635,43.21940691923134
34.085266,1.7562647,4.7207785,0.24431309,8.21896,227.48106,98.160065,35.70858,37.85819204501761
69.13216,4.2137694,5.1420717,9.885031,3.1102352,229.96,97.65303,45.700455,57.43707512296348
40.239838,7.9383593,8.358064,7.1002274,1.622922,232.313,92.61997,52.663773,41.59965269550561
69.65142,4.648498,7.385595,5.2039223,10.775769,239.16069,109.88274,32.014965,59.25914756254245
20.035877,5.375231,2.65149,3.895276,11.25163,226.61575,95.68879,36.132336,28.592196756434312
38.46915,9.951594,0.16893356,5.185181,7.449786,235.21748,104.42064,42.816353,38.991739077198616
34.469913,3.991093,4.797002,3.2462473,10.4763975,230.62715,94.400536,48.4928,37.69966624005831
34.01404,6.1540074,8.589124,6.226878,8.535353,224.4018,107.55702,64.33949,37.512920661192325
24.091198,3.652442,8.958346,0.9298028,9.817216,232.3061,97.755165,37.490925,33.25046536478037
31.227457,3.9278564,9.562262,6.211226,9.353856,239.34352,108.01805,43.898838,36.345288535643334
53.332973,6.9564075,8.795632,2.7534485,10.321519,222.48616,96.8367,49.031048,50.250442325319334
37.481663,9.37887,5.8004355,0.17634828,3.7948291,230.1456,90.172874,41.831142,39.55596860238644
45.043686,5.4235897,4.446056,5.5270576,4.761893,221.03217,100.34041,55.02991,44.56516378686173
42.61201,7.683999,7.7484984,5.7844777,7.159484,226.42433,100.49576,40.2641,43.35640556444902
72.5543,0.8920656,7.3982162,4.26569,7.245792,232.41205,92.39668,60.894016,60.478914514702744
74.31794,2.1115804,5.3814344,0.7228623,11.8417635,236.82114,94.69927,50.206165,61.542063678948914
49.57742,5.0213165,0.87327373,8.93343,6.1435113,234.60657,105.669914,33.452194,46.68176167792351
39.809357,0.20011723,9.260814,6.114308,3.275072,229.25714,90.735115,55.079956,39.77743290505066
26.408043,2.5285497,4.5560255,1.157133,4.5205235,238.18445,99.790535,52.76974,32.33156064419733
77.20417,5.1740127,3.6333377,5.109306,4.006269,226.05429,100.60816,43.543896,62.1882189046519
23.613617,0.14961198,6.295674,4.9725432,11.24324,235.07967,103.77424,30.446283,30.61198792233435
37.859016,2.6454628,6.7383795,0.6040187,7.5847545,229.48018,90.74912,38.02806,39.447493024763276
37.883972,5.1403084,2.1068792,6.068597,10.92083,237.97272,101.71293,46.228382,40.40465364475935
39.224075,5.7314925,8.369389,8.083264,6.8270755,235.94865,90.06196,37.996563,41.226963103442564
29.85721,9.257517,2.899371,7.4900804,13.456299,238.02939,95.303566,53.099644,35.01683372937125
66.989685,6.4534564,1.8668393,2.029694,14.769284,224.28496,99.99368,58.492996,57.634071823345906
27.349873,4.147358,4.0639987,8.622926,10.377795,233.363,108.225624,64.24071,34.289994246350346
58.0944,9.303512,7.3056006,3.4254217,13.093376,234.76927,92.5318,55.879303,52.71215127987241
27.430761,7.8488297,9.654582,9.465084,8.111066,234.84828,93.38578,57.560368,35.68026864166969
24.232138,2.0000892,8.092813,0.71747965,14.084692,230.08,103.385,54.337673,32.51378254765716
74.56577,1.3084236,9.403483,4.862087,12.642211,220.225,97.49723,69.41944,61.18188761519262
31.407726,6.7581162,1.4060581,5.971244,14.8849,225.22862,102.46843,40.44002,35.35885571639593
69.27501,5.5988317,0.711768,2.476501,9.723312,226.46602,109.94908,40.65035,58.45973215650305
52.677853,7.896736,5.577048,7.713802,11.908895,237.04073,109.737434,35.053345,49.15610613462366
24.67139,7.3880506,2.9029748,6.2689567,8.600154,236.81772,97.07427,49.427372,31.851257603597336
77.32689,6.2521152,8.28055,0.18109438,4.6276813,222.0936,100.07851,33.84647,62.84068620968503
34.81767,9.863822,6.7198787,6.083686,5.9665723,238.99672,108.0938,40.805862,39.00886433896565
71.57872,5.3358974,9.707282,4.9147825,13.516076,223.64915,91.84335,49.307236,61.58573949884887
30.128601,1.1310576,2.5479236,1.960292,1.7832712,228.28719,99.04608,68.303825,33.94023562606114
71.23657,8.282736,4.857841,9.957482,9.280719,224.30315,97.551544,68.55252,60.741257662289655
20.793728,2.5185337,5.012405,8.9716215,6.2147765,237.20665,95.89765,59.74961,29.1753560946354
50.70683,7.7730217,2.391768,2.925077,6.4136953,234.98804,109.88409,45.570007,47.46920925363358
66.16656,9.571071,5.900934,5.4107094,13.383997,227.07057,104.67098,64.60645,57.32033955853308
76.08773,6.967955,4.43286,3.1650214,12.953513,233.63757,97.77494,65.018234,63.534162556135314
74.55213,5.9603014,4.4672155,7.7549577,9.383793,223.68733,106.58044,66.4079,61.44072646486257
69.17749,4.603862,3.6273665,9.303314,4.8208637,227.64594,99.79332,55.601,57.9092557510139
73.29148,3.6440988,0.16929352,3.5882862,7.6563888,227.54214,107.45649,38.071712,59.77285156165067
31.95318,3.5300474,5.2209525,8.055842,6.7161074,224.75873,95.3276,33.64323,35.6889015777039
37.051056,6.363727,3.3524783,4.9840755,5.9506526,237.52625,94.47201,66.59102,40.52218527664777
37.33811,7.512731,0.01319869,3.9657855,2.438998,233.57692,94.94573,32.221844,38.94251624066531
42.623238,6.7851706,3.079437,9.384218,8.603595,225.59879,100.769615,41.8356,43.194273163272236
43.59924,1.984101,2.7862833,5.104047,5.2256384,224.84242,95.82627,49.47847,43.014657512665934
52.67332,4.939872,3.9344816,4.674105,10.251311,220.35907,92.94239,30.879068,49.21304648847468
29.592785,7.916401,1.31852,6.7243443,5.468855,226.93164,109.892555,66.27649,34.129502871406125
61.4748,4.757041,5.076838,2.6123421,7.0362887,230.53543,108.00867,41.48484,53.82650854317504
30.053993,5.366233,6.9244037,3.2479286,1.7330452,225.55421,102.70025,31.140192,34.8169821075852
38.618507,7.7113605,6.3018556,9.320458,14.895533,234.00917,107.83086,69.7436,41.56847078818675
50.200706,6.6126533,8.037549,6.7852983,8.106545,228.23499,108.70925,42.455727,47.22719778193661
67.78643,4.093449,4.520083,8.266372,1.3393263,226.32635,103.52216,65.070595,56.97718073217253
64.36816,8.954127,5.1909175,2.7111175,8.5772295,238.78116,100.3736,48.138977,55.85646330161635
58.73206,1.6256707,8.104019,5.437902,13.184956,225.25601,107.64004,56.525036,52.2134306382347
29.346395,9.955165,4.277012,9.713963,11.81573,227.96515,101.35594,39.643604,34.976750877287124
52.82272,1.1885258,7.0159936,3.187039,10.812694,227.64581,92.53601,50.115013,48.32257326293807
25.24679,0.14949971,4.3460236,1.6047648,2.952505,224.82396,97.33712,40.30605,30.60867265837071
42.641792,8.900189,4.177362,5.10886,10.208319,224.34953,98.91842,68.04336,42.926043709237376
44.810993,2.4495351,7.602056,3.8782108,11.728177,226.0476,108.70738,32.437817,43.162601406835485
22.388687,7.296996,1.7483691,1.5957724,9.013866,237.28473,103.18371,40.986958,30.011500841563965
36.439285,8.110154,3.3858597,8.885514,13.4984865,235.34166,107.505554,65.72436,40.064181476222764
77.33897,8.589864,2.2417228,9.907239,4.8778567,233.62,105.15183,49.20144,62.939089645992816
77.21796,9.915942,3.5910995,5.685822,4.3900256,229.14206,96.19722,54.003365,63.64075293488613
41.13962,2.940397,2.3037481,7.7467675,13.173977,230.15508,104.37418,56.067734,41.57155754140421
22.586006,7.102433,5.7940564,8.590384,9.755575,225.34277,93.906,32.8371,31.026681235770074
30.745697,1.1539986,7.981708,7.00982,1.020261,221.48631,98.16292,30.709549,34.28676636843234
43.533066,4.068093,7.866131,0.44156048,5.9438396,226.6208,106.12183,67.51364,42.7796801759482
76.86678,8.479717,3.6450098,1.5763423,13.009984,229.91168,102.23859,40.860115,64.08467755567739
28.471943,3.6765804,9.887604,0.7098919,1.3824731,221.14626,106.50825,45.212524,33.1909384050313
65.81095,5.910954,5.938544,0.09879607,1.045471,221.76466,95.09407,57.283726,57.08596396178126
26.520952,5.0377345,3.994003,3.0599642,4.93763,225.2605,104.99498,39.452156,31.854733737970104
78.87546,6.459515,8.355392,3.9235597,13.7960005,227.34161,94.046486,59.322853,65.30657897966596
42.89699,9.728944,7.29874,2.4102974,13.620687,227.86633,100.90608,48.32969,44.04790092029382
66.51407,0.5573553,7.4927535,0.64604646,8.262668,222.35773,98.67069,64.26439,55.29899336252943
40.555466,5.739615,1.9613935,5.2986307,8.7453165,224.51643,101.12952,41.141624,41.25800857306601
57.660133,8.630288,4.6832433,2.7331932,5.6481123,225.23294,92.71067,38.1529,51.52691817527301
31.520966,4.813827,8.618281,7.9603715,4.4123135,221.35269,97.224556,63.267532,34.55952025603714
28.761261,0.7852719,5.04038,0.08052622,12.413106,226.52199,103.33807,43.053043,34.082212793808814
76.28385,5.6053934,6.8345275,8.42527,2.488128,221.44443,101.170616,46.474747,61.968111128444406
75.05884,3.3207388,5.8793373,9.547537,7.8229613,234.06915,100.97939,61.748314,62.09010663588631
73.24814,1.5494179,8.423568,7.1613507,9.881561,227.72096,100.2166,55.42306,61.04810590690913
57.52601,8.490345,2.8456085,7.3364406,2.451524,226.53505,108.8777,47.669037,50.724382204004
68.49609,5.2159953,5.7547526,9.335623,8.274499,222.53044,108.69139,39.99562,57.8622222286308
24.142216,9.332764,1.2323467,2.0907128,9.085298,224.53008,97.202896,60.56804,32.4117661505789
40.08734,8.060165,6.9021077,9.945656,11.394945,224.6541,97.0379,37.217243,40.89596734044944
38.82219,6.929718,7.3196783,7.7348123,4.2877045,239.70409,101.09797,67.13119,40.4155312728339
58.138718,0.050255034,0.42837322,7.265707,5.106585,236.70699,91.912125,36.01264,50.265776332261325
41.357468,4.2782345,6.75791,3.610906,8.973296,220.30525,96.060135,62.19735,42.64571268564584
28.910406,1.9748628,4.1469016,5.4577746,14.76377,232.33673,94.61735,46.969955,34.18461687967548
55.788025,9.107979,1.2409687,6.539178,4.0449047,225.1182,94.4678,37.44025,49.81683528656832
68.86304,1.7458398,4.1990757,6.2034287,14.802653,222.08754,102.77011,46.095158,57.755075708220495
42.92741,2.8606005,1.9423293,7.049846,11.000795,234.112,97.687004,38.862072,42.9165933205131
27.936123,5.168368,4.1555953,0.8238174,12.565149,222.63211,93.42329,35.439747,33.95292466575605
31.801292,2.6336362,3.8433902,3.5564842,2.2549777,228.87482,107.751434,39.566216,35.240923065938716
34.248997,2.0986469,7.3839164,4.34,5.2058825,232.64331,107.48297,64.69594,37.88246687968565
37.993855,5.990993,7.7421556,2.606293,1.8083079,231.08989,107.24926,34.237694,40.05163677927269
58.567703,0.8892952,6.0702868,1.7262727,6.201658,239.55258,97.814896,68.90158,51.48259755169147
56.05673,0.5816776,0.22686842,1.3892748,14.738055,235.71486,91.13965,30.199938,50.55028601913044
61.764793,3.7224529,9.310223,3.6638339,2.4738228,235.48387,92.13484,56.329525,55.30982010834883
41.75012,7.2066445,6.862333,4.934417,8.873219,227.11191,95.52096,64.26048,43.01779475760409
69.43986,5.5480676,0.3419545,0.6297644,1.0849887,220.16791,94.3994,67.35831,56.95272181661699
32.24526,4.2287645,8.188329,9.464581,10.977559,234.68822,107.47971,35.759422,36.445476796698074
48.142445,5.6575155,2.0026615,7.6524334,3.7606976,239.99464,109.727165,57.92834,45.933208510882515
68.05632,3.6545148,5.792212,7.308518,2.8141835,228.11758,106.33347,34.29397,57.73585833864836
30.809519,9.361464,4.6663437,1.7286053,5.7182493,239.71037,104.59698,44.104458,36.362533258913075
26.591787,0.5490489,4.1983876,6.0380077,11.7946205,222.83417,101.772484,59.277054,32.189686247356896
73.02104,6.733915,8.897138,5.2972493,2.4925833,225.93025,105.39816,43.83893,62.31270990415569
40.57578,8.912827,4.373613,9.824689,4.217746,223.41454,108.94067,42.53499,41.58720879484483
61.032207,8.038847,0.75344115,7.4767175,1.1185019,229.50352,102.02689,34.642185,53.052454740483974
21.520916,1.8404104,9.466388,5.757619,14.557808,235.93962,93.09226,32.657524,30.6547561123186
61.402813,2.9592636,9.205353,8.508126,9.290038,226.81323,93.27717,34.61112,53.976406944800125
38.96608,7.1704793,6.844327,1.5509427,11.078595,238.12457,101.67725,65.01899,41.99203860415248
23.344452,0.8427056,4.6789255,0.1521653,10.119365,230.8966,96.66937,30.44794,30.547898776695522
56.588764,8.118617,0.9285947,6.9023333,3.0211039,229.30849,108.20495,57.714634,49.967747213497084
34.44823,7.1890693,7.907481,0.9831146,9.329159,235.74072,102.23285,60.74497,39.04334944093565
43.208435,7.2960663,0.75477916,1.1543365,2.8398182,222.02887,103.529854,52.71553,41.28582447802512
24.834848,1.0024137,0.6860098,7.4468074,6.6173105,235.47505,90.11642,59.231014,31.176533842494603
28.829796,7.1776056,5.3738384,2.7053485,8.965484,224.85904,99.976974,56.090786,34.664913679135765
37.878635,6.798181,1.6012824,6.286312,8.824336,225.61626,98.62329,48.22234,39.81624682272842
25.38557,8.309225,0.07730267,9.174069,2.667028,231.98907,104.11744,45.30842,30.543604158496343
74.649574,0.41595957,4.2311344,3.1647453,1.4821036,238.03868,97.65277,67.65328,59.72650598033128
20.362823,0.23110668,1.3721724,2.1714416,12.175281,231.56815,109.5315,68.87752,28.436298920293055
49.031612,3.730071,1.6051542,1.0656289,11.162914,232.97899,103.40406,56.050858,46.43661662902232
27.394848,1.4878829,0.7691064,1.3046236,2.1454647,235.53189,103.198364,37.891953,32.69527989162061
38.460747,5.5838447,2.0509377,0.62222695,2.7838173,225.1865,108.386826,47.915966,38.70677028841487
75.563576,9.173489,7.154842,0.8764238,13.496173,236.54468,109.9041,49.8615,64.2969688378001
29.701674,3.9147973,8.089273,4.320046,11.767805,228.3592,93.95641,60.3188,35.933413108007755
77.949936,8.449504,4.5253363,3.2086504,14.946244,223.5131,106.21066,56.711086,64.95688582984515
32.347664,0.0024087452,5.065538,7.065608,4.5558243,227.00237,93.24639,50.59258,34.43071275710029
64.493965,1.6851465,0.32655033,8.702416,7.8292418,224.92262,99.14087,57.21458,54.133782357400584
52.800636,0.3042354,0.6931626,7.847732,4.310434,224.57426,92.00371,30.962275,47.400873473684754
73.068726,3.2814717,2.5756772,5.3063726,9.719202,225.65126,102.46742,61.065414,61.19577393980793
53.239594,9.081896,5.4389844,1.0244212,2.6157994,223.61862,99.37036,38.46529,48.83929104128463
52.073555,0.9695212,7.3955116,7.097673,2.7814045,233.35403,102.57398,56.256367,47.28522531450054
31.72748,6.064098,6.0500307,3.6282873,2.0064304,231.59984,103.55921,34.55893,35.24752165309598
29.973763,4.5149593,3.9212785,0.85650396,10.710205,232.96884,102.38864,34.578434,35.104324845368275
74.98935,9.384682,1.1832408,8.4246645,7.917016,226.8745,95.880585,31.426306,61.37314168458979
39.67029,1.2251915,7.8077326,3.3821652,9.648237,235.39467,106.73918,66.40931,40.78147716174333
42.324936,2.1202786,3.6378605,2.1824884,13.310215,222.59218,101.03372,54.18235,41.25656629199394
65.58942,0.2954197,7.36054,8.71452,11.364599,231.42273,99.79702,44.478477,55.652851173217535
40.32941,4.3393526,5.1297884,9.021338,7.464121,225.50906,109.74128,61.51111,40.49658106708758
77.12375,2.778329,7.3866205,3.3897083,14.780984,230.5522,95.67016,55.04329,64.27542975053125
64.275665,8.6990595,9.072896,3.5480142,7.3875856,226.47275,100.56061,54.80322,56.06450497198254
55.845753,6.049408,9.210295,5.796285,2.5743093,235.81024,103.64649,49.481712,50.63024248345635
72.85371,6.1409073,5.351068,7.334415,14.897166,237.82544,92.50452,30.317072,62.20915804004016
22.976355,5.319107,5.1150837,0.631492,1.3194902,234.85162,97.08479,40.3385,30.272336772423554
35.423763,0.91850334,2.6567848,5.9334364,8.69837,223.51167,106.033775,34.363068,38.45464186286255
47.90218,4.4501867,9.357998,9.5282,5.327337,225.49734,94.73517,56.496395,46.269292476804765
33.618713,9.995052,4.5791917,2.620939,8.04973,238.38716,99.86581,39.94483,38.166892369204646
64.63431,8.352293,1.2759124,9.088272,8.821981,228.7444,102.61261,48.006668,55.69811594446464
75.15248,8.93459,4.3270493,9.501683,4.3613424,238.82361,103.42325,44.13721,61.356988861431
45.42621,8.232264,1.2705325,2.6915364,8.796022,227.84903,104.56621,35.72795,44.6112118309669
40.527954,1.030417,5.0253167,7.542019,11.584856,239.03549,107.31955,68.33481,41.644125348514315
77.69305,2.2744825,5.6127553,2.3877501,4.7311378,238.51479,97.857185,67.33677,63.42718655935659
46.691147,0.031216513,3.3775575,7.3761115,6.3679657,233.21054,104.13264,33.384327,44.208290078308835
49.342903,3.0351012,0.7165061,7.9742,4.755398,220.17654,104.64349,63.094616,45.484799819189504
41.09899,1.086074,9.435036,2.472057,12.487836,228.0067,96.005486,49.534946,41.320730192749124
74.57291,4.7279334,7.733531,7.158695,11.149752,238.2247,109.36316,60.949436,62.898527763213295
54.13733,6.771275,8.388811,8.121045,13.19675,237.70221,107.30438,36.046284,51.56950242912652
65.73048,8.745053,3.668684,3.5857887,3.3806984,223.74776,95.797226,35.290966,56.3454689903773
68.708405,7.492172,7.60831,1.6770277,2.030115,227.98364,103.50137,65.6303,58.233665701581856
40.510944,9.385856,4.853729,0.91964567,2.671369,236.7102,104.35601,65.91278,41.82364760309357
46.02166,0.5389829,2.010835,5.753817,3.2542567,231.55756,98.62967,48.636486,43.99505854462516
70.90831,0.12179835,1.2442337,9.780981,8.463158,236.94598,107.274864,64.80631,59.15991468902238
41.795322,6.613381,3.4505086,8.229504,14.592769,236.53134,103.80459,56.698357,42.397362311083796
67.63611,2.8935242,1.3755211,4.3583965,6.001296,238.14964,103.16309,37.40039,57.37225341345453
76.45954,2.53501,9.98269,5.366209,14.419116,222.3444,94.41681,43.15817,63.40887343927842
57.392624,3.3088708,0.4918899,2.7952788,1.5348111,222.9043,98.156845,35.442425,50.31874579768171
64.497635,2.6979606,4.411436,1.6306586,13.976211,221.65617,98.67845,60.957947,55.570813095227535
68.30584,5.114364,4.520935,4.8208117,3.5361364,238.70538,104.673225,69.41003,57.86720095868262
70.70238,4.4014845,3.0063193,4.6350155,13.77465,229.50325,102.36789,51.855133,58.93568690694691
43.7032,5.1242857,5.7135158,5.2192993,1.787184,221.2865,91.71721,56.234577,42.159985790303
23.075808,6.727136,1.4997703,9.528046,14.275072,226.4306,96.15396,59.843704,31.570636358711965
44.112576,3.871305,7.8391237,6.038953,3.8111756,227.02826,99.46095,38.970364,43.30343468398906
60.425373,2.5130768,3.3244772,6.0577183,5.237997,236.1912,104.73466,43.44005,52.73567509285398
47.021023,1.6620054,5.913426,1.2802476,7.873193,234.70953,104.87138,46.492847,45.60038873749351
64.93779,3.4947412,7.1563926,9.964889,6.3300924,233.78773,99.81087,53.78353,56.58784027868102
41.418945,7.4180646,8.890421,7.7284493,10.345391,220.43727,92.338646,64.01971,42.32565851893367
58.08465,7.567049,8.357874,8.772034,14.647308,238.21391,95.85807,40.16814,54.29505185666565
31.185188,6.669054,6.0830903,4.143004,9.489971,224.31111,95.09385,48.835552,35.27697885145598
64.962166,2.3402817,3.8839319,5.021281,11.100796,232.58122,105.62053,60.061356,56.129896949537944
52.741756,5.880862,5.032047,5.220838,2.2320735,221.23637,93.599724,33.4954,48.2214968621729
32.243862,5.706897,7.687348,1.9409454,9.789374,221.63052,99.29842,50.51574,37.260382715709234
37.51467,4.842662,8.775455,6.8948917,7.353897,220.19154,103.414375,35.77519,39.76907978807428
64.91652,5.4997897,1.0378193,9.029767,13.400953,231.31856,109.29572,51.565956,55.772088347261
48.956074,4.9179063,3.8485627,1.6370581,6.4349556,232.5876,109.98481,60.71291,46.19487799245529
32.961887,5.6545634,7.761166,0.8631827,10.512358,221.00925,109.05844,39.477898,38.50762455016872
78.03627,7.1550593,4.316518,7.3821893,4.1941524,225.8097,104.364845,63.979137,63.63337097390277
62.9075,1.0962819,3.3222775,2.7320182,4.6312156,237.02908,104.92882,43.392166,54.29201798546406
77.42809,7.4962573,4.113227,6.2386255,6.265714,222.02617,105.184204,37.631393,62.26207302537983
45.626305,1.3588614,6.0284476,6.9575834,5.2568893,224.33095,107.2521,48.612934,42.983370154094125
48.50602,0.66628,9.998052,3.2191076,4.5543036,228.48782,109.035706,65.04301,45.47638676830344
73.87731,9.760797,4.9299245,8.151446,1.6953619,236.84549,98.91412,32.757324,60.85577892749481
51.50296,9.569918,2.0849447,5.49989,12.714449,225.09698,98.330215,43.10286,48.481751003138854
62.436733,0.60436547,1.6284658,8.689994,1.9002215,239.94273,99.20929,56.126526,52.98564701644713
35.13037,4.432534,0.42349747,7.6329355,13.423118,227.10524,103.19634,44.303234,37.075530066823674
46.80359,1.8624494,5.5881724,8.685757,2.7565155,227.72897,105.50891,32.83296,43.824542220841835
27.406992,4.853449,5.445721,0.20161383,1.9136643,222.44212,107.41089,43.27996,33.42675548754491
32.358803,8.301772,2.0523393,2.4350626,8.882067,233.60396,99.124214,62.838375,36.792372135278185
20.056604,9.506118,6.9532943,0.9000794,8.034185,224.86931,97.267456,68.721504,29.443482900359555
22.355904,6.3425264,7.4110703,4.4208302,7.877284,232.57735,109.66705,31.591167,31.551893441469197
78.63703,3.5390568,2.590982,8.899601,9.04306,224.46315,94.63775,52.77135,64.07027065313886
34.54122,6.0332556,3.4409976,4.6754026,5.0187926,227.75745,94.440094,34.21214,37.26306020015609
59.79864,3.120013,9.9047165,8.49713,10.28129,237.13344,104.30815,57.215862,54.03908306561964
70.345985,9.098236,3.7426448,3.2717824,8.033631,234.77812,93.59315,30.31569,60.42099198249215
53.039627,8.704004,7.6080165,3.3957007,5.6864085,223.09181,97.98818,30.589664,49.80376519023618
29.18867,5.5823174,4.527254,8.955617,12.57101,232.15416,95.84774,61.07519,34.82501826261333
63.686985,3.2479892,7.9334483,4.2581716,11.188095,232.57281,93.37421,32.977413,55.193968944099694
56.015083,2.9338968,7.6902323,7.897655,6.510545,221.81137,101.59415,42.207268,49.316878396153214
63.875034,0.33417994,6.6775603,2.3664355,12.866649,229.31612,97.47023,68.32162,54.59471352543244
66.1848,8.158209,8.547784,9.4880085,13.8836155,225.21336,99.24468,69.40988,57.96931820355964
78.52462,4.5038323,9.392185,5.7457824,8.516128,229.3426,93.91726,36.456116,64.53693994227919
54.413795,3.2513292,5.7998333,7.5932355,4.009334,235.54141,105.35734,52.436077,49.37056329470994
40.498466,4.7111034,2.374689,0.895157,13.82109,223.16519,96.29424,52.36595,42.076212699626474
58.907875,8.18738,3.9862895,4.9266424,3.6527147,222.46608,96.85436,48.095226,51.77266724950389
24.106443,1.246142,7.583057,9.010385,1.6779252,225.38634,95.043076,66.98801,30.337161720799163
73.84384,8.57656,6.508835,8.770387,5.584818,239.0455,98.68807,60.161358,61.32637820802266
27.16286,8.975088,1.7779834,0.46813956,11.177528,234.95648,99.27153,60.581078,34.85337435579665
39.67057,9.467079,0.5123954,3.0369847,13.9258375,220.38911,100.59334,40.782776,39.80361761427291
68.944725,3.97488,6.829616,4.4332,9.921999,228.0201,109.351364,47.37279,58.20834251115503
55.83874,2.1714041,2.5107903,1.7226481,14.32574,225.14796,108.093834,49.49695,50.51569747337166
