lag_1,lag_2,lag_3,lag_4,lag_5,lag_6,lag_7,lag_8,lag_9,lag_10,target
100.49671415301123,100.24274040452673,101.40376820960526,102.64241852947707,101.23112766760184,101.55424382495326,103.66288416332348,103.11400949251532,102.10354943061112,103.30208624602906,102.43980190612305
100.24274040452673,101.40376820960526,102.64241852947707,101.23112766760184,101.55424382495326,103.66288416332348,103.11400949251532,102.10354943061112,103.30208624602906,102.43980190612305,102.53618705367086
101.40376820960526,102.64241852947707,101.23112766760184,101.55424382495326,103.66288416332348,103.11400949251532,102.10354943061112,103.30208624602906,102.43980190612305,102.53618705367086,103.29610251691092
102.64241852947707,101.23112766760184,101.55424382495326,103.66288416332348,103.11400949251532,102.10354943061112,103.30208624602906,102.43980190612305,102.53618705367086,103.29610251691092,101.14586500569209
101.23112766760184,101.55424382495326,103.66288416332348,103.11400949251532,102.10354943061112,103.30208624602906,102.43980190612305,102.53618705367086,103.29610251691092,101.14586500569209,101.29201398974311
101.55424382495326,103.66288416332348,103.11400949251532,102.10354943061112,103.30208624602906,102.43980190612305,102.53618705367086,103.29610251691092,101.14586500569209,101.29201398974311,102.36595709471956
103.66288416332348,103.11400949251532,102.10354943061112,103.30208624602906,102.43980190612305,102.53618705367086,103.29610251691092,101.14586500569209,101.29201398974311,102.36595709471956,101.78173011714371
103.11400949251532,102.10354943061112,103.30208624602906,102.43980190612305,102.53618705367086,103.29610251691092,101.14586500569209,101.29201398974311,102.36595709471956,101.78173011714371,102.9323161941864
102.10354943061112,103.30208624602906,102.43980190612305,102.53618705367086,103.29610251691092,101.14586500569209,101.29201398974311,102.36595709471956,101.78173011714371,102.9323161941864,101.49360574289625
103.30208624602906,102.43980190612305,102.53618705367086,103.29610251691092,101.14586500569209,101.29201398974311,102.36595709471956,101.78173011714371,102.9323161941864,101.49360574289625,100.73643271154587
102.43980190612305,102.53618705367086,103.29610251691092,101.14586500569209,101.29201398974311,102.36595709471956,101.78173011714371,102.9323161941864,101.49360574289625,100.73643271154587,103.32910462589908
102.53618705367086,103.29610251691092,101.14586500569209,101.29201398974311,102.36595709471956,101.78173011714371,102.9323161941864,101.49360574289625,100.73643271154587,103.32910462589908,101.32458982692373
103.29610251691092,101.14586500569209,101.29201398974311,102.36595709471956,101.78173011714371,102.9323161941864,101.49360574289625,100.73643271154587,103.32910462589908,101.32458982692373,101.28201197285206
101.14586500569209,101.29201398974311,102.36595709471956,101.78173011714371,102.9323161941864,101.49360574289625,100.73643271154587,103.32910462589908,101.32458982692373,101.28201197285206,99.43643659039621
101.29201398974311,102.36595709471956,101.78173011714371,102.9323161941864,101.49360574289625,100.73643271154587,103.32910462589908,101.32458982692373,101.28201197285206,99.43643659039621,99.95173709628786
102.36595709471956,101.78173011714371,102.9323161941864,101.49360574289625,100.73643271154587,103.32910462589908,101.32458982692373,101.28201197285206,99.43643659039621,99.95173709628786,100.236047714835
101.78173011714371,102.9323161941864,101.49360574289625,100.73643271154587,103.32910462589908,101.32458982692373,101.28201197285206,99.43643659039621,99.95173709628786,100.236047714835,98.60313685201491
102.9323161941864,101.49360574289625,100.73643271154587,103.32910462589908,101.32458982692373,101.28201197285206,99.43643659039621,99.95173709628786,100.236047714835,98.60313685201491,99.76476349198624
101.49360574289625,100.73643271154587,103.32910462589908,101.32458982692373,101.28201197285206,99.43643659039621,99.95173709628786,100.236047714835,98.60313685201491,99.76476349198624,98.43512779216731
100.73643271154587,103.32910462589908,101.32458982692373,101.28201197285206,99.43643659039621,99.95173709628786,100.236047714835,98.60313685201491,99.76476349198624,98.43512779216731,98.40819037304672
103.32910462589908,101.32458982692373,101.28201197285206,99.43643659039621,99.95173709628786,100.236047714835,98.60313685201491,99.76476349198624,98.43512779216731,98.40819037304672,97.78508778104334
101.32458982692373,101.28201197285206,99.43643659039621,99.95173709628786,100.236047714835,98.60313685201491,99.76476349198624,98.43512779216731,98.40819037304672,97.78508778104334,99.95379202187803
101.28201197285206,99.43643659039621,99.95173709628786,100.236047714835,98.60313685201491,99.76476349198624,98.43512779216731,98.40819037304672,97.78508778104334,99.95379202187803,97.83512320709485
99.43643659039621,99.95173709628786,100.236047714835,98.60313685201491,99.76476349198624,98.43512779216731,98.40819037304672,97.78508778104334,99.95379202187803,97.83512320709485,96.57447045970322
99.95173709628786,100.236047714835,98.60313685201491,99.76476349198624,98.43512779216731,98.40819037304672,97.78508778104334,99.95379202187803,97.83512320709485,96.57447045970322,98.2782339248753
100.236047714835,98.60313685201491,99.76476349198624,98.43512779216731,98.40819037304672,97.78508778104334,99.95379202187803,97.83512320709485,96.57447045970322,98.2782339248753,96.10116197631869
98.60313685201491,99.76476349198624,98.43512779216731,98.40819037304672,97.78508778104334,99.95379202187803,97.83512320709485,96.57447045970322,98.2782339248753,96.10116197631869,97.44218202299888
99.76476349198624,98.43512779216731,98.40819037304672,97.78508778104334,99.95379202187803,97.83512320709485,96.57447045970322,98.2782339248753,96.10116197631869,97.44218202299888,95.2314348760206
98.43512779216731,98.40819037304672,97.78508778104334,99.95379202187803,97.83512320709485,96.57447045970322,98.2782339248753,96.10116197631869,97.44218202299888,95.2314348760206,95.86792395600695
98.40819037304672,97.78508778104334,99.95379202187803,97.83512320709485,96.57447045970322,98.2782339248753,96.10116197631869,97.44218202299888,95.2314348760206,95.86792395600695,97.44519467887825
97.78508778104334,99.95379202187803,97.83512320709485,96.57447045970322,98.2782339248753,96.10116197631869,97.44218202299888,95.2314348760206,95.86792395600695,97.44519467887825,98.08549723131014
99.95379202187803,97.83512320709485,96.57447045970322,98.2782339248753,96.10116197631869,97.44218202299888,95.2314348760206,95.86792395600695,97.44519467887825,98.08549723131014,97.66209232899712
97.83512320709485,96.57447045970322,98.2782339248753,96.10116197631869,97.44218202299888,95.2314348760206,95.86792395600695,97.44519467887825,98.08549723131014,97.66209232899712,97.56157815131593
96.57447045970322,98.2782339248753,96.10116197631869,97.44218202299888,95.2314348760206,95.86792395600695,97.44519467887825,98.08549723131014,97.66209232899712,97.56157815131593,97.60257179129854
98.2782339248753,96.10116197631869,97.44218202299888,95.2314348760206,95.86792395600695,97.44519467887825,98.08549723131014,97.66209232899712,97.56157815131593,97.60257179129854,96.68805691206674
96.10116197631869,97.44218202299888,95.2314348760206,95.86792395600695,97.44519467887825,98.08549723131014,97.66209232899712,97.56157815131593,97.60257179129854,96.68805691206674,97.74202525995311
97.44218202299888,95.2314348760206,95.86792395600695,97.44519467887825,98.08549723131014,97.66209232899712,97.56157815131593,97.60257179129854,96.68805691206674,97.74202525995311,98.3243304369653
95.2314348760206,95.86792395600695,97.44519467887825,98.08549723131014,97.66209232899712,97.56157815131593,97.60257179129854,96.68805691206674,97.74202525995311,98.3243304369653,100.18798380340013
95.86792395600695,97.44519467887825,98.08549723131014,97.66209232899712,97.56157815131593,97.60257179129854,96.68805691206674,97.74202525995311,98.3243304369653,100.18798380340013,99.83778886831414
97.44519467887825,98.08549723131014,97.66209232899712,97.56157815131593,97.60257179129854,96.68805691206674,97.74202525995311,98.3243304369653,100.18798380340013,99.83778886831414,98.1062053891896
98.08549723131014,97.66209232899712,97.56157815131593,97.60257179129854,96.68805691206674,97.74202525995311,98.3243304369653,100.18798380340013,99.83778886831414,98.1062053891896,100.57433421964504
97.66209232899712,97.56157815131593,97.60257179129854,96.68805691206674,97.74202525995311,98.3243304369653,100.18798380340013,99.83778886831414,98.1062053891896,100.57433421964504,100.24617267553185
97.56157815131593,97.60257179129854,96.68805691206674,97.74202525995311,98.3243304369653,100.18798380340013,99.83778886831414,98.1062053891896,100.57433421964504,100.24617267553185,100.32940792144886
97.60257179129854,96.68805691206674,97.74202525995311,98.3243304369653,100.18798380340013,99.83778886831414,98.1062053891896,100.57433421964504,100.24617267553185,100.32940792144886,101.98131521216017
96.68805691206674,97.74202525995311,98.3243304369653,100.18798380340013,99.83778886831414,98.1062053891896,100.57433421964504,100.24617267553185,100.32940792144886,101.98131521216017,102.74653081507137
97.74202525995311,98.3243304369653,100.18798380340013,99.83778886831414,98.1062053891896,100.57433421964504,100.24617267553185,100.32940792144886,101.98131521216017,102.74653081507137,102.96991115126889
98.3243304369653,100.18798380340013,99.83778886831414,98.1062053891896,100.57433421964504,100.24617267553185,100.32940792144886,101.98131521216017,102.74653081507137,102.96991115126889,101.4947040748437
100.18798380340013,99.83778886831414,98.1062053891896,100.57433421964504,100.24617267553185,100.32940792144886,101.98131521216017,102.74653081507137,102.96991115126889,101.4947040748437,102.28761263776143
99.83778886831414,98.1062053891896,100.57433421964504,100.24617267553185,100.32940792144886,101.98131521216017,102.74653081507137,102.96991115126889,101.4947040748437,102.28761263776143,103.1545374981999
98.1062053891896,100.57433421964504,100.24617267553185,100.32940792144886,101.98131521216017,102.74653081507137,102.96991115126889,101.4947040748437,102.28761263776143,103.1545374981999,103.9853215798157
100.57433421964504,100.24617267553185,100.32940792144886,101.98131521216017,102.74653081507137,102.96991115126889,101.4947040748437,102.28761263776143,103.1545374981999,103.9853215798157,102.67429561134048
100.24617267553185,100.32940792144886,101.98131521216017,102.74653081507137,102.96991115126889,101.4947040748437,102.28761263776143,103.1545374981999,103.9853215798157,102.67429561134048,103.06650808082756
100.32940792144886,101.98131521216017,102.74653081507137,102.96991115126889,101.4947040748437,102.28761263776143,103.1545374981999,103.9853215798157,102.67429561134048,103.06650808082756,102.1980555215891
101.98131521216017,102.74653081507137,102.96991115126889,101.4947040748437,102.28761263776143,103.1545374981999,103.9853215798157,102.67429561134048,103.06650808082756,102.1980555215891,102.11318887651946
102.74653081507137,102.96991115126889,101.4947040748437,102.28761263776143,103.1545374981999,103.9853215798157,102.67429561134048,103.06650808082756,102.1980555215891,102.11318887651946,104.07970789490058
102.96991115126889,101.4947040748437,102.28761263776143,103.1545374981999,103.9853215798157,102.67429561134048,103.06650808082756,102.1980555215891,102.11318887651946,104.07970789490058,104.53473490278161
101.4947040748437,102.28761263776143,103.1545374981999,103.9853215798157,102.67429561134048,103.06650808082756,102.1980555215891,102.11318887651946,104.07970789490058,104.53473490278161,102.97280136614805
102.28761263776143,103.1545374981999,103.9853215798157,102.67429561134048,103.06650808082756,102.1980555215891,102.11318887651946,104.07970789490058,104.53473490278161,102.97280136614805,103.8718520097334
103.1545374981999,103.9853215798157,102.67429561134048,103.06650808082756,102.1980555215891,102.11318887651946,104.07970789490058,104.53473490278161,102.97280136614805,103.8718520097334,103.01351609371534
103.9853215798157,102.67429561134048,103.06650808082756,102.1980555215891,102.11318887651946,104.07970789490058,104.53473490278161,102.97280136614805,103.8718520097334,103.01351609371534,101.75386690852629
102.67429561134048,103.06650808082756,102.1980555215891,102.11318887651946,104.07970789490058,104.53473490278161,102.97280136614805,103.8718520097334,103.01351609371534,101.75386690852629,102.47510171273619
103.06650808082756,102.1980555215891,102.11318887651946,104.07970789490058,104.53473490278161,102.97280136614805,103.8718520097334,103.01351609371534,101.75386690852629,102.47510171273619,103.33865294412647
102.1980555215891,102.11318887651946,104.07970789490058,104.53473490278161,102.97280136614805,103.8718520097334,103.01351609371534,101.75386690852629,102.47510171273619,103.33865294412647,101.42890797930444
102.11318887651946,104.07970789490058,104.53473490278161,102.97280136614805,103.8718520097334,103.01351609371534,101.75386690852629,102.47510171273619,103.33865294412647,101.42890797930444,102.67607868267395
104.07970789490058,104.53473490278161,102.97280136614805,103.8718520097334,103.01351609371534,101.75386690852629,102.47510171273619,103.33865294412647,101.42890797930444,102.67607868267395,98.12662496697354
104.53473490278161,102.97280136614805,103.8718520097334,103.01351609371534,101.75386690852629,102.47510171273619,103.33865294412647,101.42890797930444,102.67607868267395,98.12662496697354,101.19727787975059
102.97280136614805,103.8718520097334,103.01351609371534,101.75386690852629,102.47510171273619,103.33865294412647,101.42890797930444,102.67607868267395,98.12662496697354,101.19727787975059,100.09142774792565
103.8718520097334,103.01351609371534,101.75386690852629,102.47510171273619,103.33865294412647,101.42890797930444,102.67607868267395,98.12662496697354,101.19727787975059,100.09142774792565,99.34030837342496
103.01351609371534,101.75386690852629,102.47510171273619,103.33865294412647,101.42890797930444,102.67607868267395,98.12662496697354,101.19727787975059,100.09142774792565,99.34030837342496,99.37777750887187
101.75386690852629,102.47510171273619,103.33865294412647,101.42890797930444,102.67607868267395,98.12662496697354,101.19727787975059,100.09142774792565,99.34030837342496,99.37777750887187,96.96256545848935
102.47510171273619,103.33865294412647,101.42890797930444,102.67607868267395,98.12662496697354,101.19727787975059,100.09142774792565,99.34030837342496,99.37777750887187,96.96256545848935,98.41737275568548
103.33865294412647,101.42890797930444,102.67607868267395,98.12662496697354,101.19727787975059,100.09142774792565,99.34030837342496,99.37777750887187,96.96256545848935,98.41737275568548,98.70887665913109
101.42890797930444,102.67607868267395,98.12662496697354,101.19727787975059,100.09142774792565,99.34030837342496,99.37777750887187,96.96256545848935,98.41737275568548,98.70887665913109,99.57676472682456
102.67607868267395,98.12662496697354,101.19727787975059,100.09142774792565,99.34030837342496,99.37777750887187,96.96256545848935,98.41737275568548,98.70887665913109,99.57676472682456,97.36416142063572
98.12662496697354,101.19727787975059,100.09142774792565,99.34030837342496,99.37777750887187,96.96256545848935,98.41737275568548,98.70887665913109,99.57676472682456,97.36416142063572,96.89744566012918
101.19727787975059,100.09142774792565,99.34030837342496,99.37777750887187,96.96256545848935,98.41737275568548,98.70887665913109,99.57676472682456,97.36416142063572,96.89744566012918,97.07049883295544
100.09142774792565,99.34030837342496,99.37777750887187,96.96256545848935,98.41737275568548,98.70887665913109,99.57676472682456,97.36416142063572,96.89744566012918,97.07049883295544,98.39897079594644
99.34030837342496,99.37777750887187,96.96256545848935,98.41737275568548,98.70887665913109,99.57676472682456,97.36416142063572,96.89744566012918,97.07049883295544,98.39897079594644,97.77010635981031
99.37777750887187,96.96256545848935,98.41737275568548,98.70887665913109,99.57676472682456,97.36416142063572,96.89744566012918,97.07049883295544,98.39897079594644,97.77010635981031,96.91660005138858
96.96256545848935,98.41737275568548,98.70887665913109,99.57676472682456,97.36416142063572,96.89744566012918,97.07049883295544,98.39897079594644,97.77010635981031,96.91660005138858,98.01185112637273
98.41737275568548,98.70887665913109,99.57676472682456,97.36416142063572,96.89744566012918,97.07049883295544,98.39897079594644,97.77010635981031,96.91660005138858,98.01185112637273,97.69435845091303
98.70887665913109,99.57676472682456,97.36416142063572,96.89744566012918,97.07049883295544,98.39897079594644,97.77010635981031,96.91660005138858,98.01185112637273,97.69435845091303,98.70961928859029
99.57676472682456,97.36416142063572,96.89744566012918,97.07049883295544,98.39897079594644,97.77010635981031,96.91660005138858,98.01185112637273,97.69435845091303,98.70961928859029,97.22542359007707
97.36416142063572,96.89744566012918,97.07049883295544,98.39897079594644,97.77010635981031,96.91660005138858,98.01185112637273,97.69435845091303,98.70961928859029,97.22542359007707,97.82626359054032
96.89744566012918,97.07049883295544,98.39897079594644,97.77010635981031,96.91660005138858,98.01185112637273,97.69435845091303,98.70961928859029,97.22542359007707,97.82626359054032,98.02472099955226
97.07049883295544,98.39897079594644,97.77010635981031,96.91660005138858,98.01185112637273,97.69435845091303,98.70961928859029,97.22542359007707,97.82626359054032,98.02472099955226,97.24860477046595
98.39897079594644,97.77010635981031,96.91660005138858,98.01185112637273,97.69435845091303,98.70961928859029,97.22542359007707,97.82626359054032,98.02472099955226,97.24860477046595,99.33133973523991
97.77010635981031,96.91660005138858,98.01185112637273,97.69435845091303,98.70961928859029,97.22542359007707,97.82626359054032,98.02472099955226,97.24860477046595,99.33133973523991,99.64216709961134
96.91660005138858,98.01185112637273,97.69435845091303,98.70961928859029,97.22542359007707,97.82626359054032,98.02472099955226,97.24860477046595,99.33133973523991,99.64216709961134,99.74953428563838
98.01185112637273,97.69435845091303,98.70961928859029,97.22542359007707,97.82626359054032,98.02472099955226,97.24860477046595,99.33133973523991,99.64216709961134,99.74953428563838,99.88490866142743
97.69435845091303,98.70961928859029,97.22542359007707,97.82626359054032,98.02472099955226,97.24860477046595,99.33133973523991,99.64216709961134,99.74953428563838,99.88490866142743,99.0851297584501
98.70961928859029,97.22542359007707,97.82626359054032,98.02472099955226,97.24860477046595,99.33133973523991,99.64216709961134,99.74953428563838,99.88490866142743,99.0851297584501,100.46085988343307
97.22542359007707,97.82626359054032,98.02472099955226,97.24860477046595,99.33133973523991,99.64216709961134,99.74953428563838,99.88490866142743,99.0851297584501,100.46085988343307,100.9138656554783
97.82626359054032,98.02472099955226,97.24860477046595,99.33133973523991,99.64216709961134,99.74953428563838,99.88490866142743,99.0851297584501,100.46085988343307,100.9138656554783,100.81761190434793
98.02472099955226,97.24860477046595,99.33133973523991,99.64216709961134,99.74953428563838,99.88490866142743,99.0851297584501,100.46085988343307,100.9138656554783,100.81761190434793,101.80449583115966
97.24860477046595,99.33133973523991,99.64216709961134,99.74953428563838,99.88490866142743,99.0851297584501,100.46085988343307,100.9138656554783,100.81761190434793,101.80449583115966,102.69293213921748
99.33133973523991,99.64216709961134,99.74953428563838,99.88490866142743,99.0851297584501,100.46085988343307,100.9138656554783,100.81761190434793,101.80449583115966,102.69293213921748,104.47035774952712
99.64216709961134,99.74953428563838,99.88490866142743,99.0851297584501,100.46085988343307,100.9138656554783,100.81761190434793,101.80449583115966,102.69293213921748,104.47035774952712,103.02165307669473
99.74953428563838,99.88490866142743,99.0851297584501,100.46085988343307,100.9138656554783,100.81761190434793,101.80449583115966,102.69293213921748,104.47035774952712,103.02165307669473,103.33107470776936
99.88490866142743,99.0851297584501,100.46085988343307,100.9138656554783,100.81761190434793,101.80449583115966,102.69293213921748,104.47035774952712,103.02165307669473,103.33107470776936,103.18558078717744
99.0851297584501,100.46085988343307,100.9138656554783,100.81761190434793,101.80449583115966,102.69293213921748,104.47035774952712,103.02165307669473,103.33107470776936,103.18558078717744,101.48494888413697
100.46085988343307,100.9138656554783,100.81761190434793,101.80449583115966,102.69293213921748,104.47035774952712,103.02165307669473,103.33107470776936,103.18558078717744,101.48494888413697,103.47590343229241
100.9138656554783,100.81761190434793,101.80449583115966,102.69293213921748,104.47035774952712,103.02165307669473,103.33107470776936,103.18558078717744,101.48494888413697,103.47590343229241,103.6148709557864
100.81761190434793,101.80449583115966,102.69293213921748,104.47035774952712,103.02165307669473,103.33107470776936,103.18558078717744,101.48494888413697,103.47590343229241,103.6148709557864,106.02288786333567
101.80449583115966,102.69293213921748,104.47035774952712,103.02165307669473,103.33107470776936,103.18558078717744,101.48494888413697,103.47590343229241,103.6148709557864,106.02288786333567,103.32507135797552
102.69293213921748,104.47035774952712,103.02165307669473,103.33107470776936,103.18558078717744,101.48494888413697,103.47590343229241,103.6148709557864,106.02288786333567,103.32507135797552,103.73029246679464
104.47035774952712,103.02165307669473,103.33107470776936,103.18558078717744,101.48494888413697,103.47590343229241,103.6148709557864,106.02288786333567,103.32507135797552,103.73029246679464,103.2603499682734
103.02165307669473,103.33107470776936,103.18558078717744,101.48494888413697,103.47590343229241,103.6148709557864,106.02288786333567,103.32507135797552,103.73029246679464,103.2603499682734,101.9498913244721
103.33107470776936,103.18558078717744,101.48494888413697,103.47590343229241,103.6148709557864,106.02288786333567,103.32507135797552,103.73029246679464,103.2603499682734,101.9498913244721,104.04495313343298
103.18558078717744,101.48494888413697,103.47590343229241,103.6148709557864,106.02288786333567,103.32507135797552,103.73029246679464,103.2603499682734,101.9498913244721,104.04495313343298,103.40116994606845
101.48494888413697,103.47590343229241,103.6148709557864,106.02288786333567,103.32507135797552,103.73029246679464,103.2603499682734,101.9498913244721,104.04495313343298,103.40116994606845,103.15498830452108
103.47590343229241,103.6148709557864,106.02288786333567,103.32507135797552,103.73029246679464,103.2603499682734,101.9498913244721,104.04495313343298,103.40116994606845,103.15498830452108,101.14147917311601
103.6148709557864,106.02288786333567,103.32507135797552,103.73029246679464,103.2603499682734,101.9498913244721,104.04495313343298,103.40116994606845,103.15498830452108,101.14147917311601,103.11777857960074
106.02288786333567,103.32507135797552,103.73029246679464,103.2603499682734,101.9498913244721,104.04495313343298,103.40116994606845,103.15498830452108,101.14147917311601,103.11777857960074,99.95983421431791
103.32507135797552,103.73029246679464,103.2603499682734,101.9498913244721,104.04495313343298,103.40116994606845,103.15498830452108,101.14147917311601,103.11777857960074,99.95983421431791,101.58347741511382
103.73029246679464,103.2603499682734,101.9498913244721,104.04495313343298,103.40116994606845,103.15498830452108,101.14147917311601,103.11777857960074,99.95983421431791,101.58347741511382,102.81608125143562
103.2603499682734,101.9498913244721,104.04495313343298,103.40116994606845,103.15498830452108,101.14147917311601,103.11777857960074,99.95983421431791,101.58347741511382,102.81608125143562,99.26409460480703
101.9498913244721,104.04495313343298,103.40116994606845,103.15498830452108,101.14147917311601,103.11777857960074,99.95983421431791,101.58347741511382,102.81608125143562,99.26409460480703,99.32326824453831
104.04495313343298,103.40116994606845,103.15498830452108,101.14147917311601,103.11777857960074,99.95983421431791,101.58347741511382,102.81608125143562,99.26409460480703,99.32326824453831,99.63591834767425
103.40116994606845,103.15498830452108,101.14147917311601,103.11777857960074,99.95983421431791,101.58347741511382,102.81608125143562,99.26409460480703,99.32326824453831,99.63591834767425,98.6969089692243
103.15498830452108,101.14147917311601,103.11777857960074,99.95983421431791,101.58347741511382,102.81608125143562,99.26409460480703,99.32326824453831,99.63591834767425,98.6969089692243,97.3366314627071
101.14147917311601,103.11777857960074,99.95983421431791,101.58347741511382,102.81608125143562,99.26409460480703,99.32326824453831,99.63591834767425,98.6969089692243,97.3366314627071,98.67057731267562
103.11777857960074,99.95983421431791,101.58347741511382,102.81608125143562,99.26409460480703,99.32326824453831,99.63591834767425,98.6969089692243,97.3366314627071,98.67057731267562,97.28681721860718
99.95983421431791,101.58347741511382,102.81608125143562,99.26409460480703,99.32326824453831,99.63591834767425,98.6969089692243,97.3366314627071,98.67057731267562,97.28681721860718,98.6062743197948
101.58347741511382,102.81608125143562,99.26409460480703,99.32326824453831,99.63591834767425,98.6969089692243,97.3366314627071,98.67057731267562,97.28681721860718,98.6062743197948,97.03676527903882
102.81608125143562,99.26409460480703,99.32326824453831,99.63591834767425,98.6969089692243,97.3366314627071,98.67057731267562,97.28681721860718,98.6062743197948,97.03676527903882,99.37244053180775
99.26409460480703,99.32326824453831,99.63591834767425,98.6969089692243,97.3366314627071,98.67057731267562,97.28681721860718,98.6062743197948,97.03676527903882,99.37244053180775,96.95056563615837
99.32326824453831,99.63591834767425,98.6969089692243,97.3366314627071,98.67057731267562,97.28681721860718,98.6062743197948,97.03676527903882,99.37244053180775,96.95056563615837,97.36954398419519
99.63591834767425,98.6969089692243,97.3366314627071,98.67057731267562,97.28681721860718,98.6062743197948,97.03676527903882,99.37244053180775,96.95056563615837,97.36954398419519,98.51012772277554
98.6969089692243,97.3366314627071,98.67057731267562,97.28681721860718,98.6062743197948,97.03676527903882,99.37244053180775,96.95056563615837,97.36954398419519,98.51012772277554,96.51796962707567
97.3366314627071,98.67057731267562,97.28681721860718,98.6062743197948,97.03676527903882,99.37244053180775,96.95056563615837,97.36954398419519,98.51012772277554,96.51796962707567,98.07499108641937
98.67057731267562,97.28681721860718,98.6062743197948,97.03676527903882,99.37244053180775,96.95056563615837,97.36954398419519,98.51012772277554,96.51796962707567,98.07499108641937,99.29836730259008
97.28681721860718,98.6062743197948,97.03676527903882,99.37244053180775,96.95056563615837,97.36954398419519,98.51012772277554,96.51796962707567,98.07499108641937,99.29836730259008,96.57024369964344
98.6062743197948,97.03676527903882,99.37244053180775,96.95056563615837,97.36954398419519,98.51012772277554,96.51796962707567,98.07499108641937,99.29836730259008,96.57024369964344,98.58880984592066
97.03676527903882,99.37244053180775,96.95056563615837,97.36954398419519,98.51012772277554,96.51796962707567,98.07499108641937,99.29836730259008,96.57024369964344,98.58880984592066,98.92696219718309
99.37244053180775,96.95056563615837,97.36954398419519,98.51012772277554,96.51796962707567,98.07499108641937,99.29836730259008,96.57024369964344,98.58880984592066,98.92696219718309,99.74419284062562
96.95056563615837,97.36954398419519,98.51012772277554,96.51796962707567,98.07499108641937,99.29836730259008,96.57024369964344,98.58880984592066,98.92696219718309,99.74419284062562,98.0485189975475
97.36954398419519,98.51012772277554,96.51796962707567,98.07499108641937,99.29836730259008,96.57024369964344,98.58880984592066,98.92696219718309,99.74419284062562,98.0485189975475,98.31090546459743
98.51012772277554,96.51796962707567,98.07499108641937,99.29836730259008,96.57024369964344,98.58880984592066,98.92696219718309,99.74419284062562,98.0485189975475,98.31090546459743,100.51661264486309
96.51796962707567,98.07499108641937,99.29836730259008,96.57024369964344,98.58880984592066,98.92696219718309,99.74419284062562,98.0485189975475,98.31090546459743,100.51661264486309,100.66673071828602
98.07499108641937,99.29836730259008,96.57024369964344,98.58880984592066,98.92696219718309,99.74419284062562,98.0485189975475,98.31090546459743,100.51661264486309,100.66673071828602,101.00124360109663
99.29836730259008,96.57024369964344,98.58880984592066,98.92696219718309,99.74419284062562,98.0485189975475,98.31090546459743,100.51661264486309,100.66673071828602,101.00124360109663,101.47820366594564
96.57024369964344,98.58880984592066,98.92696219718309,99.74419284062562,98.0485189975475,98.31090546459743,100.51661264486309,100.66673071828602,101.00124360109663,101.47820366594564,100.82680570067683
98.58880984592066,98.92696219718309,99.74419284062562,98.0485189975475,98.31090546459743,100.51661264486309,100.66673071828602,101.00124360109663,101.47820366594564,100.82680570067683,102.10239312098079
98.92696219718309,99.74419284062562,98.0485189975475,98.31090546459743,100.51661264486309,100.66673071828602,101.00124360109663,101.47820366594564,100.82680570067683,102.10239312098079,102.50910426637459
99.74419284062562,98.0485189975475,98.31090546459743,100.51661264486309,100.66673071828602,101.00124360109663,101.47820366594564,100.82680570067683,102.10239312098079,102.50910426637459,101.82478011462682
98.0485189975475,98.31090546459743,100.51661264486309,100.66673071828602,101.00124360109663,101.47820366594564,100.82680570067683,102.10239312098079,102.50910426637459,101.82478011462682,104.7001966097116
98.31090546459743,100.51661264486309,100.66673071828602,101.00124360109663,101.47820366594564,100.82680570067683,102.10239312098079,102.50910426637459,101.82478011462682,104.7001966097116,103.57115843502494
100.51661264486309,100.66673071828602,101.00124360109663,101.47820366594564,100.82680570067683,102.10239312098079,102.50910426637459,101.82478011462682,104.7001966097116,103.57115843502494,102.13247107009418
100.66673071828602,101.00124360109663,101.47820366594564,100.82680570067683,102.10239312098079,102.50910426637459,101.82478011462682,104.7001966097116,103.57115843502494,102.13247107009418,104.16683056182768
101.00124360109663,101.47820366594564,100.82680570067683,102.10239312098079,102.50910426637459,101.82478011462682,104.7001966097116,103.57115843502494,102.13247107009418,104.16683056182768,102.67928867945894
101.47820366594564,100.82680570067683,102.10239312098079,102.50910426637459,101.82478011462682,104.7001966097116,103.57115843502494,102.13247107009418,104.16683056182768,102.67928867945894,104.53975216173433
100.82680570067683,102.10239312098079,102.50910426637459,101.82478011462682,104.7001966097116,103.57115843502494,102.13247107009418,104.16683056182768,102.67928867945894,104.53975216173433,104.96348657510303
102.10239312098079,102.50910426637459,101.82478011462682,104.7001966097116,103.57115843502494,102.13247107009418,104.16683056182768,102.67928867945894,104.53975216173433,104.96348657510303,102.98921368274891
102.50910426637459,101.82478011462682,104.7001966097116,103.57115843502494,102.13247107009418,104.16683056182768,102.67928867945894,104.53975216173433,104.96348657510303,102.98921368274891,104.73105870225122
101.82478011462682,104.7001966097116,103.57115843502494,102.13247107009418,104.16683056182768,102.67928867945894,104.53975216173433,104.96348657510303,102.98921368274891,104.73105870225122,104.09177630164778
104.7001966097116,103.57115843502494,102.13247107009418,104.16683056182768,102.67928867945894,104.53975216173433,104.96348657510303,102.98921368274891,104.73105870225122,104.09177630164778,104.36737214822338
103.57115843502494,102.13247107009418,104.16683056182768,102.67928867945894,104.53975216173433,104.96348657510303,102.98921368274891,104.73105870225122,104.09177630164778,104.36737214822338,105.26561259499583
102.13247107009418,104.16683056182768,102.67928867945894,104.53975216173433,104.96348657510303,102.98921368274891,104.73105870225122,104.09177630164778,104.36737214822338,105.26561259499583,102.90699245316533
104.16683056182768,102.67928867945894,104.53975216173433,104.96348657510303,102.98921368274891,104.73105870225122,104.09177630164778,104.36737214822338,105.26561259499583,102.90699245316533,102.14575099927441
102.67928867945894,104.53975216173433,104.96348657510303,102.98921368274891,104.73105870225122,104.09177630164778,104.36737214822338,105.26561259499583,102.90699245316533,102.14575099927441,101.72469217810274
104.53975216173433,104.96348657510303,102.98921368274891,104.73105870225122,104.09177630164778,104.36737214822338,105.26561259499583,102.90699245316533,102.14575099927441,101.72469217810274,101.48530659319556
104.96348657510303,102.98921368274891,104.73105870225122,104.09177630164778,104.36737214822338,105.26561259499583,102.90699245316533,102.14575099927441,101.72469217810274,101.48530659319556,101.8881328095008
102.98921368274891,104.73105870225122,104.09177630164778,104.36737214822338,105.26561259499583,102.90699245316533,102.14575099927441,101.72469217810274,101.48530659319556,101.8881328095008,101.95308750217708
104.73105870225122,104.09177630164778,104.36737214822338,105.26561259499583,102.90699245316533,102.14575099927441,101.72469217810274,101.48530659319556,101.8881328095008,101.95308750217708,101.52356137089382
104.09177630164778,104.36737214822338,105.26561259499583,102.90699245316533,102.14575099927441,101.72469217810274,101.48530659319556,101.8881328095008,101.95308750217708,101.52356137089382,101.70305912491192
104.36737214822338,105.26561259499583,102.90699245316533,102.14575099927441,101.72469217810274,101.48530659319556,101.8881328095008,101.95308750217708,101.52356137089382,101.70305912491192,100.51788307206589
105.26561259499583,102.90699245316533,102.14575099927441,101.72469217810274,101.48530659319556,101.8881328095008,101.95308750217708,101.52356137089382,101.70305912491192,100.51788307206589,101.59335030154863
102.90699245316533,102.14575099927441,101.72469217810274,101.48530659319556,101.8881328095008,101.95308750217708,101.52356137089382,101.70305912491192,100.51788307206589,101.59335030154863,99.5218603995989
102.14575099927441,101.72469217810274,101.48530659319556,101.8881328095008,101.95308750217708,101.52356137089382,101.70305912491192,100.51788307206589,101.59335030154863,99.5218603995989,102.17080404018036
101.72469217810274,101.48530659319556,101.8881328095008,101.95308750217708,101.52356137089382,101.70305912491192,100.51788307206589,101.59335030154863,99.5218603995989,102.17080404018036,99.7632124917885
101.48530659319556,101.8881328095008,101.95308750217708,101.52356137089382,101.70305912491192,100.51788307206589,101.59335030154863,99.5218603995989,102.17080404018036,99.7632124917885,97.99510703170357
101.8881328095008,101.95308750217708,101.52356137089382,101.70305912491192,100.51788307206589,101.59335030154863,99.5218603995989,102.17080404018036,99.7632124917885,97.99510703170357,97.52847868452244
101.95308750217708,101.52356137089382,101.70305912491192,100.51788307206589,101.59335030154863,99.5218603995989,102.17080404018036,99.7632124917885,97.99510703170357,97.52847868452244,98.86540455465305
101.52356137089382,101.70305912491192,100.51788307206589,101.59335030154863,99.5218603995989,102.17080404018036,99.7632124917885,97.99510703170357,97.52847868452244,98.86540455465305,97.98297697819702
101.70305912491192,100.51788307206589,101.59335030154863,99.5218603995989,102.17080404018036,99.7632124917885,97.99510703170357,97.52847868452244,98.86540455465305,97.98297697819702,98.78675687113255
100.51788307206589,101.59335030154863,99.5218603995989,102.17080404018036,99.7632124917885,97.99510703170357,97.52847868452244,98.86540455465305,97.98297697819702,98.78675687113255,98.4573068033184
101.59335030154863,99.5218603995989,102.17080404018036,99.7632124917885,97.99510703170357,97.52847868452244,98.86540455465305,97.98297697819702,98.78675687113255,98.4573068033184,97.86902683799424
99.5218603995989,102.17080404018036,99.7632124917885,97.99510703170357,97.52847868452244,98.86540455465305,97.98297697819702,98.78675687113255,98.4573068033184,97.86902683799424,97.10006703758772
102.17080404018036,99.7632124917885,97.99510703170357,97.52847868452244,98.86540455465305,97.98297697819702,98.78675687113255,98.4573068033184,97.86902683799424,97.10006703758772,96.48423696907402
99.7632124917885,97.99510703170357,97.52847868452244,98.86540455465305,97.98297697819702,98.78675687113255,98.4573068033184,97.86902683799424,97.10006703758772,96.48423696907402,97.65126644999847
97.99510703170357,97.52847868452244,98.86540455465305,97.98297697819702,98.78675687113255,98.4573068033184,97.86902683799424,97.10006703758772,96.48423696907402,97.65126644999847,99.09787359288137
97.52847868452244,98.86540455465305,97.98297697819702,98.78675687113255,98.4573068033184,97.86902683799424,97.10006703758772,96.48423696907402,97.65126644999847,99.09787359288137,98.64207092858513
98.86540455465305,97.98297697819702,98.78675687113255,98.4573068033184,97.86902683799424,97.10006703758772,96.48423696907402,97.65126644999847,99.09787359288137,98.64207092858513,97.40868745892661
97.98297697819702,98.78675687113255,98.4573068033184,97.86902683799424,97.10006703758772,96.48423696907402,97.65126644999847,99.09787359288137,98.64207092858513,97.40868745892661,99.09051057903609
98.78675687113255,98.4573068033184,97.86902683799424,97.10006703758772,96.48423696907402,97.65126644999847,99.09787359288137,98.64207092858513,97.40868745892661,99.09051057903609,99.59793759882739
98.4573068033184,97.86902683799424,97.10006703758772,96.48423696907402,97.65126644999847,99.09787359288137,98.64207092858513,97.40868745892661,99.09051057903609,99.59793759882739,98.6518625224747
97.86902683799424,97.10006703758772,96.48423696907402,97.65126644999847,99.09787359288137,98.64207092858513,97.40868745892661,99.09051057903609,99.59793759882739,98.6518625224747,100.03533743387747
97.10006703758772,96.48423696907402,97.65126644999847,99.09787359288137,98.64207092858513,97.40868745892661,99.09051057903609,99.59793759882739,98.6518625224747,100.03533743387747,100.30313004794243
96.48423696907402,97.65126644999847,99.09787359288137,98.64207092858513,97.40868745892661,99.09051057903609,99.59793759882739,98.6518625224747,100.03533743387747,100.30313004794243,99.47702599747245
97.65126644999847,99.09787359288137,98.64207092858513,97.40868745892661,99.09051057903609,99.59793759882739,98.6518625224747,100.03533743387747,100.30313004794243,99.47702599747245,101.35878836134928
99.09787359288137,98.64207092858513,97.40868745892661,99.09051057903609,99.59793759882739,98.6518625224747,100.03533743387747,100.30313004794243,99.47702599747245,101.35878836134928,101.94279023306714
98.64207092858513,97.40868745892661,99.09051057903609,99.59793759882739,98.6518625224747,100.03533743387747,100.30313004794243,99.47702599747245,101.35878836134928,101.94279023306714,102.84013191568084
97.40868745892661,99.09051057903609,99.59793759882739,98.6518625224747,100.03533743387747,100.30313004794243,99.47702599747245,101.35878836134928,101.94279023306714,102.84013191568084,103.17419172610494
99.09051057903609,99.59793759882739,98.6518625224747,100.03533743387747,100.30313004794243,99.47702599747245,101.35878836134928,101.94279023306714,102.84013191568084,103.17419172610494,101.08861267536908
99.59793759882739,98.6518625224747,100.03533743387747,100.30313004794243,99.47702599747245,101.35878836134928,101.94279023306714,102.84013191568084,103.17419172610494,101.08861267536908,101.85155674298832
98.6518625224747,100.03533743387747,100.30313004794243,99.47702599747245,101.35878836134928,101.94279023306714,102.84013191568084,103.17419172610494,101.08861267536908,101.85155674298832,103.59970761602575
100.03533743387747,100.30313004794243,99.47702599747245,101.35878836134928,101.94279023306714,102.84013191568084,103.17419172610494,101.08861267536908,101.85155674298832,103.59970761602575,103.8613617152756
100.30313004794243,99.47702599747245,101.35878836134928,101.94279023306714,102.84013191568084,103.17419172610494,101.08861267536908,101.85155674298832,103.59970761602575,103.8613617152756,104.08907250385313
99.47702599747245,101.35878836134928,101.94279023306714,102.84013191568084,103.17419172610494,101.08861267536908,101.85155674298832,103.59970761602575,103.8613617152756,104.08907250385313,107.61325869409882
101.35878836134928,101.94279023306714,102.84013191568084,103.17419172610494,101.08861267536908,101.85155674298832,103.59970761602575,103.8613617152756,104.08907250385313,107.61325869409882,104.47511111062967
101.94279023306714,102.84013191568084,103.17419172610494,101.08861267536908,101.85155674298832,103.59970761602575,103.8613617152756,104.08907250385313,107.61325869409882,104.47511111062967,105.13848344842272
102.84013191568084,103.17419172610494,101.08861267536908,101.85155674298832,103.59970761602575,103.8613617152756,104.08907250385313,107.61325869409882,104.47511111062967,105.13848344842272,105.00914300983908
103.17419172610494,101.08861267536908,101.85155674298832,103.59970761602575,103.8613617152756,104.08907250385313,107.61325869409882,104.47511111062967,105.13848344842272,105.00914300983908,104.71153750265668
101.08861267536908,101.85155674298832,103.59970761602575,103.8613617152756,104.08907250385313,107.61325869409882,104.47511111062967,105.13848344842272,105.00914300983908,104.71153750265668,103.7026635786168
101.85155674298832,103.59970761602575,103.8613617152756,104.08907250385313,107.61325869409882,104.47511111062967,105.13848344842272,105.00914300983908,104.71153750265668,103.7026635786168,104.68821484545481
103.59970761602575,103.8613617152756,104.08907250385313,107.61325869409882,104.47511111062967,105.13848344842272,105.00914300983908,104.71153750265668,103.7026635786168,104.68821484545481,103.02273702394156
103.8613617152756,104.08907250385313,107.61325869409882,104.47511111062967,105.13848344842272,105.00914300983908,104.71153750265668,103.7026635786168,104.68821484545481,103.02273702394156,103.38225125585211
104.08907250385313,107.61325869409882,104.47511111062967,105.13848344842272,105.00914300983908,104.71153750265668,103.7026635786168,104.68821484545481,103.02273702394156,103.38225125585211,102.91726727158935
107.61325869409882,104.47511111062967,105.13848344842272,105.00914300983908,104.71153750265668,103.7026635786168,104.68821484545481,103.02273702394156,103.38225125585211,102.91726727158935,103.23161155326848
104.47511111062967,105.13848344842272,105.00914300983908,104.71153750265668,103.7026635786168,104.68821484545481,103.02273702394156,103.38225125585211,102.91726727158935,103.23161155326848,105.17911542465204
105.13848344842272,105.00914300983908,104.71153750265668,103.7026635786168,104.68821484545481,103.02273702394156,103.38225125585211,102.91726727158935,103.23161155326848,105.17911542465204,100.68410193581951
105.00914300983908,104.71153750265668,103.7026635786168,104.68821484545481,103.02273702394156,103.38225125585211,102.91726727158935,103.23161155326848,105.17911542465204,100.68410193581951,102.90174495953966
104.71153750265668,103.7026635786168,104.68821484545481,103.02273702394156,103.38225125585211,102.91726727158935,103.23161155326848,105.17911542465204,100.68410193581951,102.90174495953966,100.24946990642103
103.7026635786168,104.68821484545481,103.02273702394156,103.38225125585211,102.91726727158935,103.23161155326848,105.17911542465204,100.68410193581951,102.90174495953966,100.24946990642103,101.0251889560246
104.68821484545481,103.02273702394156,103.38225125585211,102.91726727158935,103.23161155326848,105.17911542465204,100.68410193581951,102.90174495953966,100.24946990642103,101.0251889560246,102.21507672309349
103.02273702394156,103.38225125585211,102.91726727158935,103.23161155326848,105.17911542465204,100.68410193581951,102.90174495953966,100.24946990642103,101.0251889560246,102.21507672309349,100.81941144953369
103.38225125585211,102.91726727158935,103.23161155326848,105.17911542465204,100.68410193581951,102.90174495953966,100.24946990642103,101.0251889560246,102.21507672309349,100.81941144953369,99.31232169671226
102.91726727158935,103.23161155326848,105.17911542465204,100.68410193581951,102.90174495953966,100.24946990642103,101.0251889560246,102.21507672309349,100.81941144953369,99.31232169671226,99.32146377382715
103.23161155326848,105.17911542465204,100.68410193581951,102.90174495953966,100.24946990642103,101.0251889560246,102.21507672309349,100.81941144953369,99.31232169671226,99.32146377382715,100.3804828727757
105.17911542465204,100.68410193581951,102.90174495953966,100.24946990642103,101.0251889560246,102.21507672309349,100.81941144953369,99.31232169671226,99.32146377382715,100.3804828727757,98.65742876255659
100.68410193581951,102.90174495953966,100.24946990642103,101.0251889560246,102.21507672309349,100.81941144953369,99.31232169671226,99.32146377382715,100.3804828727757,98.65742876255659,99.31897342795206
102.90174495953966,100.24946990642103,101.0251889560246,102.21507672309349,100.81941144953369,99.31232169671226,99.32146377382715,100.3804828727757,98.65742876255659,99.31897342795206,98.8951932727376
100.24946990642103,101.0251889560246,102.21507672309349,100.81941144953369,99.31232169671226,99.32146377382715,100.3804828727757,98.65742876255659,99.31897342795206,98.8951932727376,97.9815820420543
101.0251889560246,102.21507672309349,100.81941144953369,99.31232169671226,99.32146377382715,100.3804828727757,98.65742876255659,99.31897342795206,98.8951932727376,97.9815820420543,100.60063410309844
102.21507672309349,100.81941144953369,99.31232169671226,99.32146377382715,100.3804828727757,98.65742876255659,99.31897342795206,98.8951932727376,97.9815820420543,100.60063410309844,98.95692564960872
100.81941144953369,99.31232169671226,99.32146377382715,100.3804828727757,98.65742876255659,99.31897342795206,98.8951932727376,97.9815820420543,100.60063410309844,98.95692564960872,96.20917684233751
99.31232169671226,99.32146377382715,100.3804828727757,98.65742876255659,99.31897342795206,98.8951932727376,97.9815820420543,100.60063410309844,98.95692564960872,96.20917684233751,98.3785603156708
99.32146377382715,100.3804828727757,98.65742876255659,99.31897342795206,98.8951932727376,97.9815820420543,100.60063410309844,98.95692564960872,96.20917684233751,98.3785603156708,97.535324541138
100.3804828727757,98.65742876255659,99.31897342795206,98.8951932727376,97.9815820420543,100.60063410309844,98.95692564960872,96.20917684233751,98.3785603156708,97.535324541138,99.10176777880635
98.65742876255659,99.31897342795206,98.8951932727376,97.9815820420543,100.60063410309844,98.95692564960872,96.20917684233751,98.3785603156708,97.535324541138,99.10176777880635,97.55551091388304
99.31897342795206,98.8951932727376,97.9815820420543,100.60063410309844,98.95692564960872,96.20917684233751,98.3785603156708,97.535324541138,99.10176777880635,97.55551091388304,98.37698860734125
98.8951932727376,97.9815820420543,100.60063410309844,98.95692564960872,96.20917684233751,98.3785603156708,97.535324541138,99.10176777880635,97.55551091388304,98.37698860734125,99.18321471368562
97.9815820420543,100.60063410309844,98.95692564960872,96.20917684233751,98.3785603156708,97.535324541138,99.10176777880635,97.55551091388304,98.37698860734125,99.18321471368562,99.77043168205897
100.60063410309844,98.95692564960872,96.20917684233751,98.3785603156708,97.535324541138,99.10176777880635,97.55551091388304,98.37698860734125,99.18321471368562,99.77043168205897,97.96728349637938
98.95692564960872,96.20917684233751,98.3785603156708,97.535324541138,99.10176777880635,97.55551091388304,98.37698860734125,99.18321471368562,99.77043168205897,97.96728349637938,99.12836923350787
96.20917684233751,98.3785603156708,97.535324541138,99.10176777880635,97.55551091388304,98.37698860734125,99.18321471368562,99.77043168205897,97.96728349637938,99.12836923350787,99.31102489776514
98.3785603156708,97.535324541138,99.10176777880635,97.55551091388304,98.37698860734125,99.18321471368562,99.77043168205897,97.96728349637938,99.12836923350787,99.31102489776514,99.47853334560848
97.535324541138,99.10176777880635,97.55551091388304,98.37698860734125,99.18321471368562,99.77043168205897,97.96728349637938,99.12836923350787,99.31102489776514,99.47853334560848,102.26062582002777
99.10176777880635,97.55551091388304,98.37698860734125,99.18321471368562,99.77043168205897,97.96728349637938,99.12836923350787,99.31102489776514,99.47853334560848,102.26062582002777,101.27522825651427
97.55551091388304,98.37698860734125,99.18321471368562,99.77043168205897,97.96728349637938,99.12836923350787,99.31102489776514,99.47853334560848,102.26062582002777,101.27522825651427,99.99036729691619
98.37698860734125,99.18321471368562,99.77043168205897,97.96728349637938,99.12836923350787,99.31102489776514,99.47853334560848,102.26062582002777,101.27522825651427,99.99036729691619,102.55011790400394
99.18321471368562,99.77043168205897,97.96728349637938,99.12836923350787,99.31102489776514,99.47853334560848,102.26062582002777,101.27522825651427,99.99036729691619,102.55011790400394,104.12948711976847
99.77043168205897,97.96728349637938,99.12836923350787,99.31102489776514,99.47853334560848,102.26062582002777,101.27522825651427,99.99036729691619,102.55011790400394,104.12948711976847,103.40310518487145
97.96728349637938,99.12836923350787,99.31102489776514,99.47853334560848,102.26062582002777,101.27522825651427,99.99036729691619,102.55011790400394,104.12948711976847,103.40310518487145,101.19716232762241
99.12836923350787,99.31102489776514,99.47853334560848,102.26062582002777,101.27522825651427,99.99036729691619,102.55011790400394,104.12948711976847,103.40310518487145,101.19716232762241,102.55539796028745
99.31102489776514,99.47853334560848,102.26062582002777,101.27522825651427,99.99036729691619,102.55011790400394,104.12948711976847,103.40310518487145,101.19716232762241,102.55539796028745,104.60183374825398
99.47853334560848,102.26062582002777,101.27522825651427,99.99036729691619,102.55011790400394,104.12948711976847,103.40310518487145,101.19716232762241,102.55539796028745,104.60183374825398,102.89015654899488
102.26062582002777,101.27522825651427,99.99036729691619,102.55011790400394,104.12948711976847,103.40310518487145,101.19716232762241,102.55539796028745,104.60183374825398,102.89015654899488,104.26809449594356
101.27522825651427,99.99036729691619,102.55011790400394,104.12948711976847,103.40310518487145,101.19716232762241,102.55539796028745,104.60183374825398,102.89015654899488,104.26809449594356,104.78541150712368
99.99036729691619,102.55011790400394,104.12948711976847,103.40310518487145,101.19716232762241,102.55539796028745,104.60183374825398,102.89015654899488,104.26809449594356,104.78541150712368,103.22754037860868
102.55011790400394,104.12948711976847,103.40310518487145,101.19716232762241,102.55539796028745,104.60183374825398,102.89015654899488,104.26809449594356,104.78541150712368,103.22754037860868,104.19364270243058
104.12948711976847,103.40310518487145,101.19716232762241,102.55539796028745,104.60183374825398,102.89015654899488,104.26809449594356,104.78541150712368,103.22754037860868,104.19364270243058,101.06412415652706
103.40310518487145,101.19716232762241,102.55539796028745,104.60183374825398,102.89015654899488,104.26809449594356,104.78541150712368,103.22754037860868,104.19364270243058,101.06412415652706,103.28600886026685
101.19716232762241,102.55539796028745,104.60183374825398,102.89015654899488,104.26809449594356,104.78541150712368,103.22754037860868,104.19364270243058,101.06412415652706,103.28600886026685,104.01561492211422
102.55539796028745,104.60183374825398,102.89015654899488,104.26809449594356,104.78541150712368,103.22754037860868,104.19364270243058,101.06412415652706,103.28600886026685,104.01561492211422,102.93171269324694
104.60183374825398,102.89015654899488,104.26809449594356,104.78541150712368,103.22754037860868,104.19364270243058,101.06412415652706,103.28600886026685,104.01561492211422,102.93171269324694,105.67822379266102
102.89015654899488,104.26809449594356,104.78541150712368,103.22754037860868,104.19364270243058,101.06412415652706,103.28600886026685,104.01561492211422,102.93171269324694,105.67822379266102,102.43917873488174
104.26809449594356,104.78541150712368,103.22754037860868,104.19364270243058,101.06412415652706,103.28600886026685,104.01561492211422,102.93171269324694,105.67822379266102,102.43917873488174,103.21283658297172
104.78541150712368,103.22754037860868,104.19364270243058,101.06412415652706,103.28600886026685,104.01561492211422,102.93171269324694,105.67822379266102,102.43917873488174,103.21283658297172,103.53072824141852
103.22754037860868,104.19364270243058,101.06412415652706,103.28600886026685,104.01561492211422,102.93171269324694,105.67822379266102,102.43917873488174,103.21283658297172,103.53072824141852,104.55598039729489
104.19364270243058,101.06412415652706,103.28600886026685,104.01561492211422,102.93171269324694,105.67822379266102,102.43917873488174,103.21283658297172,103.53072824141852,104.55598039729489,101.36575522748207
101.06412415652706,103.28600886026685,104.01561492211422,102.93171269324694,105.67822379266102,102.43917873488174,103.21283658297172,103.53072824141852,104.55598039729489,101.36575522748207,103.62889877157033
103.28600886026685,104.01561492211422,102.93171269324694,105.67822379266102,102.43917873488174,103.21283658297172,103.53072824141852,104.55598039729489,101.36575522748207,103.62889877157033,102.12266908888051
104.01561492211422,102.93171269324694,105.67822379266102,102.43917873488174,103.21283658297172,103.53072824141852,104.55598039729489,101.36575522748207,103.62889877157033,102.12266908888051,100.76586242101632
102.93171269324694,105.67822379266102,102.43917873488174,103.21283658297172,103.53072824141852,104.55598039729489,101.36575522748207,103.62889877157033,102.12266908888051,100.76586242101632,101.83847985063964
105.67822379266102,102.43917873488174,103.21283658297172,103.53072824141852,104.55598039729489,101.36575522748207,103.62889877157033,102.12266908888051,100.76586242101632,101.83847985063964,101.20444137626194
102.43917873488174,103.21283658297172,103.53072824141852,104.55598039729489,101.36575522748207,103.62889877157033,102.12266908888051,100.76586242101632,101.83847985063964,101.20444137626194,100.04009984773302
103.21283658297172,103.53072824141852,104.55598039729489,101.36575522748207,103.62889877157033,102.12266908888051,100.76586242101632,101.83847985063964,101.20444137626194,100.04009984773302,100.35681981832738
103.53072824141852,104.55598039729489,101.36575522748207,103.62889877157033,102.12266908888051,100.76586242101632,101.83847985063964,101.20444137626194,100.04009984773302,100.35681981832738,99.56582177722949
104.55598039729489,101.36575522748207,103.62889877157033,102.12266908888051,100.76586242101632,101.83847985063964,101.20444137626194,100.04009984773302,100.35681981832738,99.56582177722949,99.75156298977524
101.36575522748207,103.62889877157033,102.12266908888051,100.76586242101632,101.83847985063964,101.20444137626194,100.04009984773302,100.35681981832738,99.56582177722949,99.75156298977524,100.0148957631414
103.62889877157033,102.12266908888051,100.76586242101632,101.83847985063964,101.20444137626194,100.04009984773302,100.35681981832738,99.56582177722949,99.75156298977524,100.0148957631414,100.68588849922939
102.12266908888051,100.76586242101632,101.83847985063964,101.20444137626194,100.04009984773302,100.35681981832738,99.56582177722949,99.75156298977524,100.0148957631414,100.68588849922939,97.6456171410835
100.76586242101632,101.83847985063964,101.20444137626194,100.04009984773302,100.35681981832738,99.56582177722949,99.75156298977524,100.0148957631414,100.68588849922939,97.6456171410835,100.83997363867962
101.83847985063964,101.20444137626194,100.04009984773302,100.35681981832738,99.56582177722949,99.75156298977524,100.0148957631414,100.68588849922939,97.6456171410835,100.83997363867962,96.62116907801847
101.20444137626194,100.04009984773302,100.35681981832738,99.56582177722949,99.75156298977524,100.0148957631414,100.68588849922939,97.6456171410835,100.83997363867962,96.62116907801847,98.33278458420979
100.04009984773302,100.35681981832738,99.56582177722949,99.75156298977524,100.0148957631414,100.68588849922939,97.6456171410835,100.83997363867962,96.62116907801847,98.33278458420979,99.0306734576362
100.35681981832738,99.56582177722949,99.75156298977524,100.0148957631414,100.68588849922939,97.6456171410835,100.83997363867962,96.62116907801847,98.33278458420979,99.0306734576362,98.72835312389167
99.56582177722949,99.75156298977524,100.0148957631414,100.68588849922939,97.6456171410835,100.83997363867962,96.62116907801847,98.33278458420979,99.0306734576362,98.72835312389167,97.87688517443978
99.75156298977524,100.0148957631414,100.68588849922939,97.6456171410835,100.83997363867962,96.62116907801847,98.33278458420979,99.0306734576362,98.72835312389167,97.87688517443978,98.39015965220871
100.0148957631414,100.68588849922939,97.6456171410835,100.83997363867962,96.62116907801847,98.33278458420979,99.0306734576362,98.72835312389167,97.87688517443978,98.39015965220871,98.24897436439956
100.68588849922939,97.6456171410835,100.83997363867962,96.62116907801847,98.33278458420979,99.0306734576362,98.72835312389167,97.87688517443978,98.39015965220871,98.24897436439956,98.33911292801122
97.6456171410835,100.83997363867962,96.62116907801847,98.33278458420979,99.0306734576362,98.72835312389167,97.87688517443978,98.39015965220871,98.24897436439956,98.33911292801122,100.00452883516012
100.83997363867962,96.62116907801847,98.33278458420979,99.0306734576362,98.72835312389167,97.87688517443978,98.39015965220871,98.24897436439956,98.33911292801122,100.00452883516012,99.77484563965047
96.62116907801847,98.33278458420979,99.0306734576362,98.72835312389167,97.87688517443978,98.39015965220871,98.24897436439956,98.33911292801122,100.00452883516012,99.77484563965047,99.0202111243384
98.33278458420979,99.0306734576362,98.72835312389167,97.87688517443978,98.39015965220871,98.24897436439956,98.33911292801122,100.00452883516012,99.77484563965047,99.0202111243384,100.93582033460959
99.0306734576362,98.72835312389167,97.87688517443978,98.39015965220871,98.24897436439956,98.33911292801122,100.00452883516012,99.77484563965047,99.0202111243384,100.93582033460959,100.68941234930907
98.72835312389167,97.87688517443978,98.39015965220871,98.24897436439956,98.33911292801122,100.00452883516012,99.77484563965047,99.0202111243384,100.93582033460959,100.68941234930907,101.55828394883589
97.87688517443978,98.39015965220871,98.24897436439956,98.33911292801122,100.00452883516012,99.77484563965047,99.0202111243384,100.93582033460959,100.68941234930907,101.55828394883589,101.7501256377272
98.39015965220871,98.24897436439956,98.33911292801122,100.00452883516012,99.77484563965047,99.0202111243384,100.93582033460959,100.68941234930907,101.55828394883589,101.7501256377272,100.67250649057944
98.24897436439956,98.33911292801122,100.00452883516012,99.77484563965047,99.0202111243384,100.93582033460959,100.68941234930907,101.55828394883589,101.7501256377272,100.67250649057944,101.32232516700245
98.33911292801122,100.00452883516012,99.77484563965047,99.0202111243384,100.93582033460959,100.68941234930907,101.55828394883589,101.7501256377272,100.67250649057944,101.32232516700245,103.00487477812933
100.00452883516012,99.77484563965047,99.0202111243384,100.93582033460959,100.68941234930907,101.55828394883589,101.7501256377272,100.67250649057944,101.32232516700245,103.00487477812933,103.23126044000401
99.77484563965047,99.0202111243384,100.93582033460959,100.68941234930907,101.55828394883589,101.7501256377272,100.67250649057944,101.32232516700245,103.00487477812933,103.23126044000401,102.9458809498625
99.0202111243384,100.93582033460959,100.68941234930907,101.55828394883589,101.7501256377272,100.67250649057944,101.32232516700245,103.00487477812933,103.23126044000401,102.9458809498625,103.40720966671273
100.93582033460959,100.68941234930907,101.55828394883589,101.7501256377272,100.67250649057944,101.32232516700245,103.00487477812933,103.23126044000401,102.9458809498625,103.40720966671273,104.86283774510602
100.68941234930907,101.55828394883589,101.7501256377272,100.67250649057944,101.32232516700245,103.00487477812933,103.23126044000401,102.9458809498625,103.40720966671273,104.86283774510602,103.25650487602807
101.55828394883589,101.7501256377272,100.67250649057944,101.32232516700245,103.00487477812933,103.23126044000401,102.9458809498625,103.40720966671273,104.86283774510602,103.25650487602807,104.62162269921762
101.7501256377272,100.67250649057944,101.32232516700245,103.00487477812933,103.23126044000401,102.9458809498625,103.40720966671273,104.86283774510602,103.25650487602807,104.62162269921762,104.05883505151071
100.67250649057944,101.32232516700245,103.00487477812933,103.23126044000401,102.9458809498625,103.40720966671273,104.86283774510602,103.25650487602807,104.62162269921762,104.05883505151071,104.1870398972098
101.32232516700245,103.00487477812933,103.23126044000401,102.9458809498625,103.40720966671273,104.86283774510602,103.25650487602807,104.62162269921762,104.05883505151071,104.1870398972098,105.60219516072982
103.00487477812933,103.23126044000401,102.9458809498625,103.40720966671273,104.86283774510602,103.25650487602807,104.62162269921762,104.05883505151071,104.1870398972098,105.60219516072982,105.3810580958344
103.23126044000401,102.9458809498625,103.40720966671273,104.86283774510602,103.25650487602807,104.62162269921762,104.05883505151071,104.1870398972098,105.60219516072982,105.3810580958344,105.37415638785201
102.9458809498625,103.40720966671273,104.86283774510602,103.25650487602807,104.62162269921762,104.05883505151071,104.1870398972098,105.60219516072982,105.3810580958344,105.37415638785201,105.82391213091196
103.40720966671273,104.86283774510602,103.25650487602807,104.62162269921762,104.05883505151071,104.1870398972098,105.60219516072982,105.3810580958344,105.37415638785201,105.82391213091196,104.4507499670948
104.86283774510602,103.25650487602807,104.62162269921762,104.05883505151071,104.1870398972098,105.60219516072982,105.3810580958344,105.37415638785201,105.82391213091196,104.4507499670948,104.9780157102746
103.25650487602807,104.62162269921762,104.05883505151071,104.1870398972098,105.60219516072982,105.3810580958344,105.37415638785201,105.82391213091196,104.4507499670948,104.9780157102746,103.80930360649918
104.62162269921762,104.05883505151071,104.1870398972098,105.60219516072982,105.3810580958344,105.37415638785201,105.82391213091196,104.4507499670948,104.9780157102746,103.80930360649918,104.22729767240742
104.05883505151071,104.1870398972098,105.60219516072982,105.3810580958344,105.37415638785201,105.82391213091196,104.4507499670948,104.9780157102746,103.80930360649918,104.22729767240742,103.52009486001499
104.1870398972098,105.60219516072982,105.3810580958344,105.37415638785201,105.82391213091196,104.4507499670948,104.9780157102746,103.80930360649918,104.22729767240742,103.52009486001499,103.46195332347173
105.60219516072982,105.3810580958344,105.37415638785201,105.82391213091196,104.4507499670948,104.9780157102746,103.80930360649918,104.22729767240742,103.52009486001499,103.46195332347173,103.64702465434867
105.3810580958344,105.37415638785201,105.82391213091196,104.4507499670948,104.9780157102746,103.80930360649918,104.22729767240742,103.52009486001499,103.46195332347173,103.64702465434867,101.89776458643217
105.37415638785201,105.82391213091196,104.4507499670948,104.9780157102746,103.80930360649918,104.22729767240742,103.52009486001499,103.46195332347173,103.64702465434867,101.89776458643217,104.45507355379664
105.82391213091196,104.4507499670948,104.9780157102746,103.80930360649918,104.22729767240742,103.52009486001499,103.46195332347173,103.64702465434867,101.89776458643217,104.45507355379664,100.99160394081485
104.4507499670948,104.9780157102746,103.80930360649918,104.22729767240742,103.52009486001499,103.46195332347173,103.64702465434867,101.89776458643217,104.45507355379664,100.99160394081485,100.41243801383891
104.9780157102746,103.80930360649918,104.22729767240742,103.52009486001499,103.46195332347173,103.64702465434867,101.89776458643217,104.45507355379664,100.99160394081485,100.41243801383891,102.4137428044388
103.80930360649918,104.22729767240742,103.52009486001499,103.46195332347173,103.64702465434867,101.89776458643217,104.45507355379664,100.99160394081485,100.41243801383891,102.4137428044388,101.68222966910501
104.22729767240742,103.52009486001499,103.46195332347173,103.64702465434867,101.89776458643217,104.45507355379664,100.99160394081485,100.41243801383891,102.4137428044388,101.68222966910501,101.16138780063979
103.52009486001499,103.46195332347173,103.64702465434867,101.89776458643217,104.45507355379664,100.99160394081485,100.41243801383891,102.4137428044388,101.68222966910501,101.16138780063979,100.82973113360578
103.46195332347173,103.64702465434867,101.89776458643217,104.45507355379664,100.99160394081485,100.41243801383891,102.4137428044388,101.68222966910501,101.16138780063979,100.82973113360578,99.87604912192734
103.64702465434867,101.89776458643217,104.45507355379664,100.99160394081485,100.41243801383891,102.4137428044388,101.68222966910501,101.16138780063979,100.82973113360578,99.87604912192734,98.70576096738476
101.89776458643217,104.45507355379664,100.99160394081485,100.41243801383891,102.4137428044388,101.68222966910501,101.16138780063979,100.82973113360578,99.87604912192734,98.70576096738476,99.42592649152802
104.45507355379664,100.99160394081485,100.41243801383891,102.4137428044388,101.68222966910501,101.16138780063979,100.82973113360578,99.87604912192734,98.70576096738476,99.42592649152802,98.45652117864852
100.99160394081485,100.41243801383891,102.4137428044388,101.68222966910501,101.16138780063979,100.82973113360578,99.87604912192734,98.70576096738476,99.42592649152802,98.45652117864852,99.93231024769136
100.41243801383891,102.4137428044388,101.68222966910501,101.16138780063979,100.82973113360578,99.87604912192734,98.70576096738476,99.42592649152802,98.45652117864852,99.93231024769136,98.67644974628908
102.4137428044388,101.68222966910501,101.16138780063979,100.82973113360578,99.87604912192734,98.70576096738476,99.42592649152802,98.45652117864852,99.93231024769136,98.67644974628908,97.9093227327031
101.68222966910501,101.16138780063979,100.82973113360578,99.87604912192734,98.70576096738476,99.42592649152802,98.45652117864852,99.93231024769136,98.67644974628908,97.9093227327031,98.37122065974887
101.16138780063979,100.82973113360578,99.87604912192734,98.70576096738476,99.42592649152802,98.45652117864852,99.93231024769136,98.67644974628908,97.9093227327031,98.37122065974887,99.1105429606825
100.82973113360578,99.87604912192734,98.70576096738476,99.42592649152802,98.45652117864852,99.93231024769136,98.67644974628908,97.9093227327031,98.37122065974887,99.1105429606825,98.18611039170665
99.87604912192734,98.70576096738476,99.42592649152802,98.45652117864852,99.93231024769136,98.67644974628908,97.9093227327031,98.37122065974887,99.1105429606825,98.18611039170665,98.02631175724981
98.70576096738476,99.42592649152802,98.45652117864852,99.93231024769136,98.67644974628908,97.9093227327031,98.37122065974887,99.1105429606825,98.18611039170665,98.02631175724981,99.23591276080056
99.42592649152802,98.45652117864852,99.93231024769136,98.67644974628908,97.9093227327031,98.37122065974887,99.1105429606825,98.18611039170665,98.02631175724981,99.23591276080056,99.42369450631439
98.45652117864852,99.93231024769136,98.67644974628908,97.9093227327031,98.37122065974887,99.1105429606825,98.18611039170665,98.02631175724981,99.23591276080056,99.42369450631439,98.89823381301822
99.93231024769136,98.67644974628908,97.9093227327031,98.37122065974887,99.1105429606825,98.18611039170665,98.02631175724981,99.23591276080056,99.42369450631439,98.89823381301822,99.19704209831733
98.67644974628908,97.9093227327031,98.37122065974887,99.1105429606825,98.18611039170665,98.02631175724981,99.23591276080056,99.42369450631439,98.89823381301822,99.19704209831733,100.19542090720694
97.9093227327031,98.37122065974887,99.1105429606825,98.18611039170665,98.02631175724981,99.23591276080056,99.42369450631439,98.89823381301822,99.19704209831733,100.19542090720694,98.83838636792925
98.37122065974887,99.1105429606825,98.18611039170665,98.02631175724981,99.23591276080056,99.42369450631439,98.89823381301822,99.19704209831733,100.19542090720694,98.83838636792925,99.22489930430615
99.1105429606825,98.18611039170665,98.02631175724981,99.23591276080056,99.42369450631439,98.89823381301822,99.19704209831733,100.19542090720694,98.83838636792925,99.22489930430615,100.27722785899472
98.18611039170665,98.02631175724981,99.23591276080056,99.42369450631439,98.89823381301822,99.19704209831733,100.19542090720694,98.83838636792925,99.22489930430615,100.27722785899472,101.15729989434199
98.02631175724981,99.23591276080056,99.42369450631439,98.89823381301822,99.19704209831733,100.19542090720694,98.83838636792925,99.22489930430615,100.27722785899472,101.15729989434199,102.06265931734973
99.23591276080056,99.42369450631439,98.89823381301822,99.19704209831733,100.19542090720694,98.83838636792925,99.22489930430615,100.27722785899472,101.15729989434199,102.06265931734973,103.60811267439921
99.42369450631439,98.89823381301822,99.19704209831733,100.19542090720694,98.83838636792925,99.22489930430615,100.27722785899472,101.15729989434199,102.06265931734973,103.60811267439921,103.36549104645835
98.89823381301822,99.19704209831733,100.19542090720694,98.83838636792925,99.22489930430615,100.27722785899472,101.15729989434199,102.06265931734973,103.60811267439921,103.36549104645835,102.71120189485737
99.19704209831733,100.19542090720694,98.83838636792925,99.22489930430615,100.27722785899472,101.15729989434199,102.06265931734973,103.60811267439921,103.36549104645835,102.71120189485737,103.19801658617422
100.19542090720694,98.83838636792925,99.22489930430615,100.27722785899472,101.15729989434199,102.06265931734973,103.60811267439921,103.36549104645835,102.71120189485737,103.19801658617422,102.53760316901636
98.83838636792925,99.22489930430615,100.27722785899472,101.15729989434199,102.06265931734973,103.60811267439921,103.36549104645835,102.71120189485737,103.19801658617422,102.53760316901636,103.81690996357547
99.22489930430615,100.27722785899472,101.15729989434199,102.06265931734973,103.60811267439921,103.36549104645835,102.71120189485737,103.19801658617422,102.53760316901636,103.81690996357547,103.80966787619401
100.27722785899472,101.15729989434199,102.06265931734973,103.60811267439921,103.36549104645835,102.71120189485737,103.19801658617422,102.53760316901636,103.81690996357547,103.80966787619401,104.64749412863593
101.15729989434199,102.06265931734973,103.60811267439921,103.36549104645835,102.71120189485737,103.19801658617422,102.53760316901636,103.81690996357547,103.80966787619401,104.64749412863593,103.68404701064253
102.06265931734973,103.60811267439921,103.36549104645835,102.71120189485737,103.19801658617422,102.53760316901636,103.81690996357547,103.80966787619401,104.64749412863593,103.68404701064253,105.17431786492844
103.60811267439921,103.36549104645835,102.71120189485737,103.19801658617422,102.53760316901636,103.81690996357547,103.80966787619401,104.64749412863593,103.68404701064253,105.17431786492844,106.28640747199545
103.36549104645835,102.71120189485737,103.19801658617422,102.53760316901636,103.81690996357547,103.80966787619401,104.64749412863593,103.68404701064253,105.17431786492844,106.28640747199545,104.69713184863977
102.71120189485737,103.19801658617422,102.53760316901636,103.81690996357547,103.80966787619401,104.64749412863593,103.68404701064253,105.17431786492844,106.28640747199545,104.69713184863977,105.21260872420056
103.19801658617422,102.53760316901636,103.81690996357547,103.80966787619401,104.64749412863593,103.68404701064253,105.17431786492844,106.28640747199545,104.69713184863977,105.21260872420056,105.458827565719
102.53760316901636,103.81690996357547,103.80966787619401,104.64749412863593,103.68404701064253,105.17431786492844,106.28640747199545,104.69713184863977,105.21260872420056,105.458827565719,104.27877590382646
103.81690996357547,103.80966787619401,104.64749412863593,103.68404701064253,105.17431786492844,106.28640747199545,104.69713184863977,105.21260872420056,105.458827565719,104.27877590382646,104.77040547104032
103.80966787619401,104.64749412863593,103.68404701064253,105.17431786492844,106.28640747199545,104.69713184863977,105.21260872420056,105.458827565719,104.27877590382646,104.77040547104032,104.38241301412468
104.64749412863593,103.68404701064253,105.17431786492844,106.28640747199545,104.69713184863977,105.21260872420056,105.458827565719,104.27877590382646,104.77040547104032,104.38241301412468,104.25105766871805
103.68404701064253,105.17431786492844,106.28640747199545,104.69713184863977,105.21260872420056,105.458827565719,104.27877590382646,104.77040547104032,104.38241301412468,104.25105766871805,103.12747838077745
105.17431786492844,106.28640747199545,104.69713184863977,105.21260872420056,105.458827565719,104.27877590382646,104.77040547104032,104.38241301412468,104.25105766871805,103.12747838077745,103.63971778298821
106.28640747199545,104.69713184863977,105.21260872420056,105.458827565719,104.27877590382646,104.77040547104032,104.38241301412468,104.25105766871805,103.12747838077745,103.63971778298821,103.80011617040745
104.69713184863977,105.21260872420056,105.458827565719,104.27877590382646,104.77040547104032,104.38241301412468,104.25105766871805,103.12747838077745,103.63971778298821,103.80011617040745,104.41737912771096
105.21260872420056,105.458827565719,104.27877590382646,104.77040547104032,104.38241301412468,104.25105766871805,103.12747838077745,103.63971778298821,103.80011617040745,104.41737912771096,103.57220735444665
105.458827565719,104.27877590382646,104.77040547104032,104.38241301412468,104.25105766871805,103.12747838077745,103.63971778298821,103.80011617040745,104.41737912771096,103.57220735444665,104.40105403007634
104.27877590382646,104.77040547104032,104.38241301412468,104.25105766871805,103.12747838077745,103.63971778298821,103.80011617040745,104.41737912771096,103.57220735444665,104.40105403007634,101.10952931398884
104.77040547104032,104.38241301412468,104.25105766871805,103.12747838077745,103.63971778298821,103.80011617040745,104.41737912771096,103.57220735444665,104.40105403007634,101.10952931398884,102.37820281790964
104.38241301412468,104.25105766871805,103.12747838077745,103.63971778298821,103.80011617040745,104.41737912771096,103.57220735444665,104.40105403007634,101.10952931398884,102.37820281790964,101.3241592311307
104.25105766871805,103.12747838077745,103.63971778298821,103.80011617040745,104.41737912771096,103.57220735444665,104.40105403007634,101.10952931398884,102.37820281790964,101.3241592311307,102.97732116705554
103.12747838077745,103.63971778298821,103.80011617040745,104.41737912771096,103.57220735444665,104.40105403007634,101.10952931398884,102.37820281790964,101.3241592311307,102.97732116705554,99.6433375892366
103.63971778298821,103.80011617040745,104.41737912771096,103.57220735444665,104.40105403007634,101.10952931398884,102.37820281790964,101.3241592311307,102.97732116705554,99.6433375892366,99.29882430284371
103.80011617040745,104.41737912771096,103.57220735444665,104.40105403007634,101.10952931398884,102.37820281790964,101.3241592311307,102.97732116705554,99.6433375892366,99.29882430284371,99.25387294367683
104.41737912771096,103.57220735444665,104.40105403007634,101.10952931398884,102.37820281790964,101.3241592311307,102.97732116705554,99.6433375892366,99.29882430284371,99.25387294367683,97.47647645927475
103.57220735444665,104.40105403007634,101.10952931398884,102.37820281790964,101.3241592311307,102.97732116705554,99.6433375892366,99.29882430284371,99.25387294367683,97.47647645927475,98.85817811873011
104.40105403007634,101.10952931398884,102.37820281790964,101.3241592311307,102.97732116705554,99.6433375892366,99.29882430284371,99.25387294367683,97.47647645927475,98.85817811873011,98.44830810297017
101.10952931398884,102.37820281790964,101.3241592311307,102.97732116705554,99.6433375892366,99.29882430284371,99.25387294367683,97.47647645927475,98.85817811873011,98.44830810297017,99.22415116451766
102.37820281790964,101.3241592311307,102.97732116705554,99.6433375892366,99.29882430284371,99.25387294367683,97.47647645927475,98.85817811873011,98.44830810297017,99.22415116451766,99.32682615552302
101.3241592311307,102.97732116705554,99.6433375892366,99.29882430284371,99.25387294367683,97.47647645927475,98.85817811873011,98.44830810297017,99.22415116451766,99.32682615552302,100.819027590868
102.97732116705554,99.6433375892366,99.29882430284371,99.25387294367683,97.47647645927475,98.85817811873011,98.44830810297017,99.22415116451766,99.32682615552302,100.819027590868,99.89828559484319
99.6433375892366,99.29882430284371,99.25387294367683,97.47647645927475,98.85817811873011,98.44830810297017,99.22415116451766,99.32682615552302,100.819027590868,99.89828559484319,98.42318153909848
99.29882430284371,99.25387294367683,97.47647645927475,98.85817811873011,98.44830810297017,99.22415116451766,99.32682615552302,100.819027590868,99.89828559484319,98.42318153909848,98.20036773171813
99.25387294367683,97.47647645927475,98.85817811873011,98.44830810297017,99.22415116451766,99.32682615552302,100.819027590868,99.89828559484319,98.42318153909848,98.20036773171813,99.7343949710654
97.47647645927475,98.85817811873011,98.44830810297017,99.22415116451766,99.32682615552302,100.819027590868,99.89828559484319,98.42318153909848,98.20036773171813,99.7343949710654,98.10874497843528
98.85817811873011,98.44830810297017,99.22415116451766,99.32682615552302,100.819027590868,99.89828559484319,98.42318153909848,98.20036773171813,99.7343949710654,98.10874497843528,101.48688600449394
98.44830810297017,99.22415116451766,99.32682615552302,100.819027590868,99.89828559484319,98.42318153909848,98.20036773171813,99.7343949710654,98.10874497843528,101.48688600449394,101.09777077490718
99.22415116451766,99.32682615552302,100.819027590868,99.89828559484319,98.42318153909848,98.20036773171813,99.7343949710654,98.10874497843528,101.48688600449394,101.09777077490718,99.74444556799483
99.32682615552302,100.819027590868,99.89828559484319,98.42318153909848,98.20036773171813,99.7343949710654,98.10874497843528,101.48688600449394,101.09777077490718,99.74444556799483,98.82358643058596
100.819027590868,99.89828559484319,98.42318153909848,98.20036773171813,99.7343949710654,98.10874497843528,101.48688600449394,101.09777077490718,99.74444556799483,98.82358643058596,102.23648570309838
99.89828559484319,98.42318153909848,98.20036773171813,99.7343949710654,98.10874497843528,101.48688600449394,101.09777077490718,99.74444556799483,98.82358643058596,102.23648570309838,101.13138248524481
98.42318153909848,98.20036773171813,99.7343949710654,98.10874497843528,101.48688600449394,101.09777077490718,99.74444556799483,98.82358643058596,102.23648570309838,101.13138248524481,102.85881360827754
98.20036773171813,99.7343949710654,98.10874497843528,101.48688600449394,101.09777077490718,99.74444556799483,98.82358643058596,102.23648570309838,101.13138248524481,102.85881360827754,100.40757434320763
99.7343949710654,98.10874497843528,101.48688600449394,101.09777077490718,99.74444556799483,98.82358643058596,102.23648570309838,101.13138248524481,102.85881360827754,100.40757434320763,101.78363168474613
98.10874497843528,101.48688600449394,101.09777077490718,99.74444556799483,98.82358643058596,102.23648570309838,101.13138248524481,102.85881360827754,100.40757434320763,101.78363168474613,102.76332537322475
101.48688600449394,101.09777077490718,99.74444556799483,98.82358643058596,102.23648570309838,101.13138248524481,102.85881360827754,100.40757434320763,101.78363168474613,102.76332537322475,103.16837126883577
101.09777077490718,99.74444556799483,98.82358643058596,102.23648570309838,101.13138248524481,102.85881360827754,100.40757434320763,101.78363168474613,102.76332537322475,103.16837126883577,103.01721757284791
99.74444556799483,98.82358643058596,102.23648570309838,101.13138248524481,102.85881360827754,100.40757434320763,101.78363168474613,102.76332537322475,103.16837126883577,103.01721757284791,104.41323271625193
98.82358643058596,102.23648570309838,101.13138248524481,102.85881360827754,100.40757434320763,101.78363168474613,102.76332537322475,103.16837126883577,103.01721757284791,104.41323271625193,103.01805292043551
102.23648570309838,101.13138248524481,102.85881360827754,100.40757434320763,101.78363168474613,102.76332537322475,103.16837126883577,103.01721757284791,104.41323271625193,103.01805292043551,104.20619728034312
101.13138248524481,102.85881360827754,100.40757434320763,101.78363168474613,102.76332537322475,103.16837126883577,103.01721757284791,104.41323271625193,103.01805292043551,104.20619728034312,104.69532145025998
102.85881360827754,100.40757434320763,101.78363168474613,102.76332537322475,103.16837126883577,103.01721757284791,104.41323271625193,103.01805292043551,104.20619728034312,104.69532145025998,105.27596703850385
100.40757434320763,101.78363168474613,102.76332537322475,103.16837126883577,103.01721757284791,104.41323271625193,103.01805292043551,104.20619728034312,104.69532145025998,105.27596703850385,105.6168364790264
101.78363168474613,102.76332537322475,103.16837126883577,103.01721757284791,104.41323271625193,103.01805292043551,104.20619728034312,104.69532145025998,105.27596703850385,105.6168364790264,103.87927671740525
102.76332537322475,103.16837126883577,103.01721757284791,104.41323271625193,103.01805292043551,104.20619728034312,104.69532145025998,105.27596703850385,105.6168364790264,103.87927671740525,103.52202807661126
103.16837126883577,103.01721757284791,104.41323271625193,103.01805292043551,104.20619728034312,104.69532145025998,105.27596703850385,105.6168364790264,103.87927671740525,103.52202807661126,106.3388240742504
103.01721757284791,104.41323271625193,103.01805292043551,104.20619728034312,104.69532145025998,105.27596703850385,105.6168364790264,103.87927671740525,103.52202807661126,106.3388240742504,105.35124783623773
104.41323271625193,103.01805292043551,104.20619728034312,104.69532145025998,105.27596703850385,105.6168364790264,103.87927671740525,103.52202807661126,106.3388240742504,105.35124783623773,104.18176008940598
103.01805292043551,104.20619728034312,104.69532145025998,105.27596703850385,105.6168364790264,103.87927671740525,103.52202807661126,106.3388240742504,105.35124783623773,104.18176008940598,106.34771521500267
104.20619728034312,104.69532145025998,105.27596703850385,105.6168364790264,103.87927671740525,103.52202807661126,106.3388240742504,105.35124783623773,104.18176008940598,106.34771521500267,104.73574549788599
104.69532145025998,105.27596703850385,105.6168364790264,103.87927671740525,103.52202807661126,106.3388240742504,105.35124783623773,104.18176008940598,106.34771521500267,104.73574549788599,105.58292900448329
105.27596703850385,105.6168364790264,103.87927671740525,103.52202807661126,106.3388240742504,105.35124783623773,104.18176008940598,106.34771521500267,104.73574549788599,105.58292900448329,104.21825689629327
105.6168364790264,103.87927671740525,103.52202807661126,106.3388240742504,105.35124783623773,104.18176008940598,106.34771521500267,104.73574549788599,105.58292900448329,104.21825689629327,105.92620578386152
103.87927671740525,103.52202807661126,106.3388240742504,105.35124783623773,104.18176008940598,106.34771521500267,104.73574549788599,105.58292900448329,104.21825689629327,105.92620578386152,105.30770897185546
103.52202807661126,106.3388240742504,105.35124783623773,104.18176008940598,106.34771521500267,104.73574549788599,105.58292900448329,104.21825689629327,105.92620578386152,105.30770897185546,102.96752162168708
106.3388240742504,105.35124783623773,104.18176008940598,106.34771521500267,104.73574549788599,105.58292900448329,104.21825689629327,105.92620578386152,105.30770897185546,102.96752162168708,103.83475772956605
105.35124783623773,104.18176008940598,106.34771521500267,104.73574549788599,105.58292900448329,104.21825689629327,105.92620578386152,105.30770897185546,102.96752162168708,103.83475772956605,103.14349777240017
104.18176008940598,106.34771521500267,104.73574549788599,105.58292900448329,104.21825689629327,105.92620578386152,105.30770897185546,102.96752162168708,103.83475772956605,103.14349777240017,103.49575868465949
106.34771521500267,104.73574549788599,105.58292900448329,104.21825689629327,105.92620578386152,105.30770897185546,102.96752162168708,103.83475772956605,103.14349777240017,103.49575868465949,100.7912089708591
104.73574549788599,105.58292900448329,104.21825689629327,105.92620578386152,105.30770897185546,102.96752162168708,103.83475772956605,103.14349777240017,103.49575868465949,100.7912089708591,102.07711893564101
105.58292900448329,104.21825689629327,105.92620578386152,105.30770897185546,102.96752162168708,103.83475772956605,103.14349777240017,103.49575868465949,100.7912089708591,102.07711893564101,102.09619297093771
104.21825689629327,105.92620578386152,105.30770897185546,102.96752162168708,103.83475772956605,103.14349777240017,103.49575868465949,100.7912089708591,102.07711893564101,102.09619297093771,98.9431466384189
105.92620578386152,105.30770897185546,102.96752162168708,103.83475772956605,103.14349777240017,103.49575868465949,100.7912089708591,102.07711893564101,102.09619297093771,98.9431466384189,99.20553788260897
105.30770897185546,102.96752162168708,103.83475772956605,103.14349777240017,103.49575868465949,100.7912089708591,102.07711893564101,102.09619297093771,98.9431466384189,99.20553788260897,98.064283661611
102.96752162168708,103.83475772956605,103.14349777240017,103.49575868465949,100.7912089708591,102.07711893564101,102.09619297093771,98.9431466384189,99.20553788260897,98.064283661611,99.58121559939025
103.83475772956605,103.14349777240017,103.49575868465949,100.7912089708591,102.07711893564101,102.09619297093771,98.9431466384189,99.20553788260897,98.064283661611,99.58121559939025,100.35172564645708
103.14349777240017,103.49575868465949,100.7912089708591,102.07711893564101,102.09619297093771,98.9431466384189,99.20553788260897,98.064283661611,99.58121559939025,100.35172564645708,100.96004806687014
103.49575868465949,100.7912089708591,102.07711893564101,102.09619297093771,98.9431466384189,99.20553788260897,98.064283661611,99.58121559939025,100.35172564645708,100.96004806687014,99.39810240871148
100.7912089708591,102.07711893564101,102.09619297093771,98.9431466384189,99.20553788260897,98.064283661611,99.58121559939025,100.35172564645708,100.96004806687014,99.39810240871148,100.86393597556741
102.07711893564101,102.09619297093771,98.9431466384189,99.20553788260897,98.064283661611,99.58121559939025,100.35172564645708,100.96004806687014,99.39810240871148,100.86393597556741,97.81300554368748
102.09619297093771,98.9431466384189,99.20553788260897,98.064283661611,99.58121559939025,100.35172564645708,100.96004806687014,99.39810240871148,100.86393597556741,97.81300554368748,97.49472956755223
98.9431466384189,99.20553788260897,98.064283661611,99.58121559939025,100.35172564645708,100.96004806687014,99.39810240871148,100.86393597556741,97.81300554368748,97.49472956755223,99.19478774611451
99.20553788260897,98.064283661611,99.58121559939025,100.35172564645708,100.96004806687014,99.39810240871148,100.86393597556741,97.81300554368748,97.49472956755223,99.19478774611451,99.73309810225605
98.064283661611,99.58121559939025,100.35172564645708,100.96004806687014,99.39810240871148,100.86393597556741,97.81300554368748,97.49472956755223,99.19478774611451,99.73309810225605,99.46003130171505
99.58121559939025,100.35172564645708,100.96004806687014,99.39810240871148,100.86393597556741,97.81300554368748,97.49472956755223,99.19478774611451,99.73309810225605,99.46003130171505,97.6117863356663
100.35172564645708,100.96004806687014,99.39810240871148,100.86393597556741,97.81300554368748,97.49472956755223,99.19478774611451,99.73309810225605,99.46003130171505,97.6117863356663,99.81655744937704
100.96004806687014,99.39810240871148,100.86393597556741,97.81300554368748,97.49472956755223,99.19478774611451,99.73309810225605,99.46003130171505,97.6117863356663,99.81655744937704,98.86411140393132
99.39810240871148,100.86393597556741,97.81300554368748,97.49472956755223,99.19478774611451,99.73309810225605,99.46003130171505,97.6117863356663,99.81655744937704,98.86411140393132,101.13354401917984
100.86393597556741,97.81300554368748,97.49472956755223,99.19478774611451,99.73309810225605,99.46003130171505,97.6117863356663,99.81655744937704,98.86411140393132,101.13354401917984,101.15356945602393
97.81300554368748,97.49472956755223,99.19478774611451,99.73309810225605,99.46003130171505,97.6117863356663,99.81655744937704,98.86411140393132,101.13354401917984,101.15356945602393,100.19298379285583
97.49472956755223,99.19478774611451,99.73309810225605,99.46003130171505,97.6117863356663,99.81655744937704,98.86411140393132,101.13354401917984,101.15356945602393,100.19298379285583,100.98230566341097
99.19478774611451,99.73309810225605,99.46003130171505,97.6117863356663,99.81655744937704,98.86411140393132,101.13354401917984,101.15356945602393,100.19298379285583,100.98230566341097,100.81203402466538
99.73309810225605,99.46003130171505,97.6117863356663,99.81655744937704,98.86411140393132,101.13354401917984,101.15356945602393,100.19298379285583,100.98230566341097,100.81203402466538,102.18957315497907
99.46003130171505,97.6117863356663,99.81655744937704,98.86411140393132,101.13354401917984,101.15356945602393,100.19298379285583,100.98230566341097,100.81203402466538,102.18957315497907,103.58839927845142
97.6117863356663,99.81655744937704,98.86411140393132,101.13354401917984,101.15356945602393,100.19298379285583,100.98230566341097,100.81203402466538,102.18957315497907,103.58839927845142,102.02260587742128
99.81655744937704,98.86411140393132,101.13354401917984,101.15356945602393,100.19298379285583,100.98230566341097,100.81203402466538,102.18957315497907,103.58839927845142,102.02260587742128,103.87568744083916
98.86411140393132,101.13354401917984,101.15356945602393,100.19298379285583,100.98230566341097,100.81203402466538,102.18957315497907,103.58839927845142,102.02260587742128,103.87568744083916,103.18727567620496
101.13354401917984,101.15356945602393,100.19298379285583,100.98230566341097,100.81203402466538,102.18957315497907,103.58839927845142,102.02260587742128,103.87568744083916,103.18727567620496,103.24776020189235
101.15356945602393,100.19298379285583,100.98230566341097,100.81203402466538,102.18957315497907,103.58839927845142,102.02260587742128,103.87568744083916,103.18727567620496,103.24776020189235,104.22889324011376
100.19298379285583,100.98230566341097,100.81203402466538,102.18957315497907,103.58839927845142,102.02260587742128,103.87568744083916,103.18727567620496,103.24776020189235,104.22889324011376,103.56358469319527
100.98230566341097,100.81203402466538,102.18957315497907,103.58839927845142,102.02260587742128,103.87568744083916,103.18727567620496,103.24776020189235,104.22889324011376,103.56358469319527,104.27162676345114
100.81203402466538,102.18957315497907,103.58839927845142,102.02260587742128,103.87568744083916,103.18727567620496,103.24776020189235,104.22889324011376,103.56358469319527,104.27162676345114,103.8139005621065
102.18957315497907,103.58839927845142,102.02260587742128,103.87568744083916,103.18727567620496,103.24776020189235,104.22889324011376,103.56358469319527,104.27162676345114,103.8139005621065,107.12019698410415
103.58839927845142,102.02260587742128,103.87568744083916,103.18727567620496,103.24776020189235,104.22889324011376,103.56358469319527,104.27162676345114,103.8139005621065,107.12019698410415,105.2894326114651
102.02260587742128,103.87568744083916,103.18727567620496,103.24776020189235,104.22889324011376,103.56358469319527,104.27162676345114,103.8139005621065,107.12019698410415,105.2894326114651,104.60666698960455
103.87568744083916,103.18727567620496,103.24776020189235,104.22889324011376,103.56358469319527,104.27162676345114,103.8139005621065,107.12019698410415,105.2894326114651,104.60666698960455,105.52537741333636
103.18727567620496,103.24776020189235,104.22889324011376,103.56358469319527,104.27162676345114,103.8139005621065,107.12019698410415,105.2894326114651,104.60666698960455,105.52537741333636,105.15685602481756
103.24776020189235,104.22889324011376,103.56358469319527,104.27162676345114,103.8139005621065,107.12019698410415,105.2894326114651,104.60666698960455,105.52537741333636,105.15685602481756,104.95952727667957
104.22889324011376,103.56358469319527,104.27162676345114,103.8139005621065,107.12019698410415,105.2894326114651,104.60666698960455,105.52537741333636,105.15685602481756,104.95952727667957,105.66098018977381
103.56358469319527,104.27162676345114,103.8139005621065,107.12019698410415,105.2894326114651,104.60666698960455,105.52537741333636,105.15685602481756,104.95952727667957,105.66098018977381,105.6278288238907
104.27162676345114,103.8139005621065,107.12019698410415,105.2894326114651,104.60666698960455,105.52537741333636,105.15685602481756,104.95952727667957,105.66098018977381,105.6278288238907,104.1233809230592
103.8139005621065,107.12019698410415,105.2894326114651,104.60666698960455,105.52537741333636,105.15685602481756,104.95952727667957,105.66098018977381,105.6278288238907,104.1233809230592,103.82517042448876
107.12019698410415,105.2894326114651,104.60666698960455,105.52537741333636,105.15685602481756,104.95952727667957,105.66098018977381,105.6278288238907,104.1233809230592,103.82517042448876,103.84065641207815
105.2894326114651,104.60666698960455,105.52537741333636,105.15685602481756,104.95952727667957,105.66098018977381,105.6278288238907,104.1233809230592,103.82517042448876,103.84065641207815,101.5006972149269
104.60666698960455,105.52537741333636,105.15685602481756,104.95952727667957,105.66098018977381,105.6278288238907,104.1233809230592,103.82517042448876,103.84065641207815,101.5006972149269,101.95154495821785
105.52537741333636,105.15685602481756,104.95952727667957,105.66098018977381,105.6278288238907,104.1233809230592,103.82517042448876,103.84065641207815,101.5006972149269,101.95154495821785,104.48031129630645
105.15685602481756,104.95952727667957,105.66098018977381,105.6278288238907,104.1233809230592,103.82517042448876,103.84065641207815,101.5006972149269,101.95154495821785,104.48031129630645,104.39333978656659
104.95952727667957,105.66098018977381,105.6278288238907,104.1233809230592,103.82517042448876,103.84065641207815,101.5006972149269,101.95154495821785,104.48031129630645,104.39333978656659,102.128341337821
105.66098018977381,105.6278288238907,104.1233809230592,103.82517042448876,103.84065641207815,101.5006972149269,101.95154495821785,104.48031129630645,104.39333978656659,102.128341337821,102.58293964474527
105.6278288238907,104.1233809230592,103.82517042448876,103.84065641207815,101.5006972149269,101.95154495821785,104.48031129630645,104.39333978656659,102.128341337821,102.58293964474527,101.95256788043636
104.1233809230592,103.82517042448876,103.84065641207815,101.5006972149269,101.95154495821785,104.48031129630645,104.39333978656659,102.128341337821,102.58293964474527,101.95256788043636,104.36689954279362
103.82517042448876,103.84065641207815,101.5006972149269,101.95154495821785,104.48031129630645,104.39333978656659,102.128341337821,102.58293964474527,101.95256788043636,104.36689954279362,102.07171128652683
103.84065641207815,101.5006972149269,101.95154495821785,104.48031129630645,104.39333978656659,102.128341337821,102.58293964474527,101.95256788043636,104.36689954279362,102.07171128652683,100.51112905404423
101.5006972149269,101.95154495821785,104.48031129630645,104.39333978656659,102.128341337821,102.58293964474527,101.95256788043636,104.36689954279362,102.07171128652683,100.51112905404423,99.39822564902092
101.95154495821785,104.48031129630645,104.39333978656659,102.128341337821,102.58293964474527,101.95256788043636,104.36689954279362,102.07171128652683,100.51112905404423,99.39822564902092,98.49442636382746
104.48031129630645,104.39333978656659,102.128341337821,102.58293964474527,101.95256788043636,104.36689954279362,102.07171128652683,100.51112905404423,99.39822564902092,98.49442636382746,100.08789727677859
104.39333978656659,102.128341337821,102.58293964474527,101.95256788043636,104.36689954279362,102.07171128652683,100.51112905404423,99.39822564902092,98.49442636382746,100.08789727677859,98.95159051974007
102.128341337821,102.58293964474527,101.95256788043636,104.36689954279362,102.07171128652683,100.51112905404423,99.39822564902092,98.49442636382746,100.08789727677859,98.95159051974007,98.1520041689443
102.58293964474527,101.95256788043636,104.36689954279362,102.07171128652683,100.51112905404423,99.39822564902092,98.49442636382746,100.08789727677859,98.95159051974007,98.1520041689443,98.83899779600384
101.95256788043636,104.36689954279362,102.07171128652683,100.51112905404423,99.39822564902092,98.49442636382746,100.08789727677859,98.95159051974007,98.1520041689443,98.83899779600384,98.36180924853822
104.36689954279362,102.07171128652683,100.51112905404423,99.39822564902092,98.49442636382746,100.08789727677859,98.95159051974007,98.1520041689443,98.83899779600384,98.36180924853822,101.13550389223019
102.07171128652683,100.51112905404423,99.39822564902092,98.49442636382746,100.08789727677859,98.95159051974007,98.1520041689443,98.83899779600384,98.36180924853822,101.13550389223019,100.38222545221083
100.51112905404423,99.39822564902092,98.49442636382746,100.08789727677859,98.95159051974007,98.1520041689443,98.83899779600384,98.36180924853822,101.13550389223019,100.38222545221083,99.59131026225037
99.39822564902092,98.49442636382746,100.08789727677859,98.95159051974007,98.1520041689443,98.83899779600384,98.36180924853822,101.13550389223019,100.38222545221083,99.59131026225037,101.22292043894942
98.49442636382746,100.08789727677859,98.95159051974007,98.1520041689443,98.83899779600384,98.36180924853822,101.13550389223019,100.38222545221083,99.59131026225037,101.22292043894942,100.00684699360403
100.08789727677859,98.95159051974007,98.1520041689443,98.83899779600384,98.36180924853822,101.13550389223019,100.38222545221083,99.59131026225037,101.22292043894942,100.00684699360403,99.29464353781185
98.95159051974007,98.1520041689443,98.83899779600384,98.36180924853822,101.13550389223019,100.38222545221083,99.59131026225037,101.22292043894942,100.00684699360403,99.29464353781185,101.94195523195606
98.1520041689443,98.83899779600384,98.36180924853822,101.13550389223019,100.38222545221083,99.59131026225037,101.22292043894942,100.00684699360403,99.29464353781185,101.94195523195606,101.25303176428471
98.83899779600384,98.36180924853822,101.13550389223019,100.38222545221083,99.59131026225037,101.22292043894942,100.00684699360403,99.29464353781185,101.94195523195606,101.25303176428471,99.99997530585087
98.36180924853822,101.13550389223019,100.38222545221083,99.59131026225037,101.22292043894942,100.00684699360403,99.29464353781185,101.94195523195606,101.25303176428471,99.99997530585087,101.19277515134985
101.13550389223019,100.38222545221083,99.59131026225037,101.22292043894942,100.00684699360403,99.29464353781185,101.94195523195606,101.25303176428471,99.99997530585087,101.19277515134985,100.87080457761314
100.38222545221083,99.59131026225037,101.22292043894942,100.00684699360403,99.29464353781185,101.94195523195606,101.25303176428471,99.99997530585087,101.19277515134985,100.87080457761314,100.73869806584024
99.59131026225037,101.22292043894942,100.00684699360403,99.29464353781185,101.94195523195606,101.25303176428471,99.99997530585087,101.19277515134985,100.87080457761314,100.73869806584024,103.42868005003412
101.22292043894942,100.00684699360403,99.29464353781185,101.94195523195606,101.25303176428471,99.99997530585087,101.19277515134985,100.87080457761314,100.73869806584024,103.42868005003412,104.79292384867054
100.00684699360403,99.29464353781185,101.94195523195606,101.25303176428471,99.99997530585087,101.19277515134985,100.87080457761314,100.73869806584024,103.42868005003412,104.79292384867054,101.86001460018795
99.29464353781185,101.94195523195606,101.25303176428471,99.99997530585087,101.19277515134985,100.87080457761314,100.73869806584024,103.42868005003412,104.79292384867054,101.86001460018795,104.18486041226211
101.94195523195606,101.25303176428471,99.99997530585087,101.19277515134985,100.87080457761314,100.73869806584024,103.42868005003412,104.79292384867054,101.86001460018795,104.18486041226211,103.31714097570584
101.25303176428471,99.99997530585087,101.19277515134985,100.87080457761314,100.73869806584024,103.42868005003412,104.79292384867054,101.86001460018795,104.18486041226211,103.31714097570584,103.80375790064024
99.99997530585087,101.19277515134985,100.87080457761314,100.73869806584024,103.42868005003412,104.79292384867054,101.86001460018795,104.18486041226211,103.31714097570584,103.80375790064024,103.99377992607974
101.19277515134985,100.87080457761314,100.73869806584024,103.42868005003412,104.79292384867054,101.86001460018795,104.18486041226211,103.31714097570584,103.80375790064024,103.99377992607974,103.98508649618506
100.87080457761314,100.73869806584024,103.42868005003412,104.79292384867054,101.86001460018795,104.18486041226211,103.31714097570584,103.80375790064024,103.99377992607974,103.98508649618506,105.12404794699341
100.73869806584024,103.42868005003412,104.79292384867054,101.86001460018795,104.18486041226211,103.31714097570584,103.80375790064024,103.99377992607974,103.98508649618506,105.12404794699341,104.43107858853458
103.42868005003412,104.79292384867054,101.86001460018795,104.18486041226211,103.31714097570584,103.80375790064024,103.99377992607974,103.98508649618506,105.12404794699341,104.43107858853458,105.67617892721786
104.79292384867054,101.86001460018795,104.18486041226211,103.31714097570584,103.80375790064024,103.99377992607974,103.98508649618506,105.12404794699341,104.43107858853458,105.67617892721786,105.45418120029449
101.86001460018795,104.18486041226211,103.31714097570584,103.80375790064024,103.99377992607974,103.98508649618506,105.12404794699341,104.43107858853458,105.67617892721786,105.45418120029449,105.31769470098097
104.18486041226211,103.31714097570584,103.80375790064024,103.99377992607974,103.98508649618506,105.12404794699341,104.43107858853458,105.67617892721786,105.45418120029449,105.31769470098097,104.65408409081078
103.31714097570584,103.80375790064024,103.99377992607974,103.98508649618506,105.12404794699341,104.43107858853458,105.67617892721786,105.45418120029449,105.31769470098097,104.65408409081078,104.9426629941903
103.80375790064024,103.99377992607974,103.98508649618506,105.12404794699341,104.43107858853458,105.67617892721786,105.45418120029449,105.31769470098097,104.65408409081078,104.9426629941903,106.1861383522888
103.99377992607974,103.98508649618506,105.12404794699341,104.43107858853458,105.67617892721786,105.45418120029449,105.31769470098097,104.65408409081078,104.9426629941903,106.1861383522888,105.79798092760502
103.98508649618506,105.12404794699341,104.43107858853458,105.67617892721786,105.45418120029449,105.31769470098097,104.65408409081078,104.9426629941903,106.1861383522888,105.79798092760502,104.14301611929507
105.12404794699341,104.43107858853458,105.67617892721786,105.45418120029449,105.31769470098097,104.65408409081078,104.9426629941903,106.1861383522888,105.79798092760502,104.14301611929507,105.0034646263492
104.43107858853458,105.67617892721786,105.45418120029449,105.31769470098097,104.65408409081078,104.9426629941903,106.1861383522888,105.79798092760502,104.14301611929507,105.0034646263492,105.40262603875544
105.67617892721786,105.45418120029449,105.31769470098097,104.65408409081078,104.9426629941903,106.1861383522888,105.79798092760502,104.14301611929507,105.0034646263492,105.40262603875544,102.69655307835866
105.45418120029449,105.31769470098097,104.65408409081078,104.9426629941903,106.1861383522888,105.79798092760502,104.14301611929507,105.0034646263492,105.40262603875544,102.69655307835866,104.59622882229267
105.31769470098097,104.65408409081078,104.9426629941903,106.1861383522888,105.79798092760502,104.14301611929507,105.0034646263492,105.40262603875544,102.69655307835866,104.59622882229267,103.05436251172081
104.65408409081078,104.9426629941903,106.1861383522888,105.79798092760502,104.14301611929507,105.0034646263492,105.40262603875544,102.69655307835866,104.59622882229267,103.05436251172081,103.93428594770533
104.9426629941903,106.1861383522888,105.79798092760502,104.14301611929507,105.0034646263492,105.40262603875544,102.69655307835866,104.59622882229267,103.05436251172081,103.93428594770533,102.23536316677304
106.1861383522888,105.79798092760502,104.14301611929507,105.0034646263492,105.40262603875544,102.69655307835866,104.59622882229267,103.05436251172081,103.93428594770533,102.23536316677304,100.82274552696312
105.79798092760502,104.14301611929507,105.0034646263492,105.40262603875544,102.69655307835866,104.59622882229267,103.05436251172081,103.93428594770533,102.23536316677304,100.82274552696312,100.62909049405654
104.14301611929507,105.0034646263492,105.40262603875544,102.69655307835866,104.59622882229267,103.05436251172081,103.93428594770533,102.23536316677304,100.82274552696312,100.62909049405654,101.93965292280446
105.0034646263492,105.40262603875544,102.69655307835866,104.59622882229267,103.05436251172081,103.93428594770533,102.23536316677304,100.82274552696312,100.62909049405654,101.93965292280446,101.79799148631008
105.40262603875544,102.69655307835866,104.59622882229267,103.05436251172081,103.93428594770533,102.23536316677304,100.82274552696312,100.62909049405654,101.93965292280446,101.79799148631008,100.29807000023808
102.69655307835866,104.59622882229267,103.05436251172081,103.93428594770533,102.23536316677304,100.82274552696312,100.62909049405654,101.93965292280446,101.79799148631008,100.29807000023808,101.52788935455258
104.59622882229267,103.05436251172081,103.93428594770533,102.23536316677304,100.82274552696312,100.62909049405654,101.93965292280446,101.79799148631008,100.29807000023808,101.52788935455258,98.94249627760263
103.05436251172081,103.93428594770533,102.23536316677304,100.82274552696312,100.62909049405654,101.93965292280446,101.79799148631008,100.29807000023808,101.52788935455258,98.94249627760263,100.28504313568797
103.93428594770533,102.23536316677304,100.82274552696312,100.62909049405654,101.93965292280446,101.79799148631008,100.29807000023808,101.52788935455258,98.94249627760263,100.28504313568797,98.92366769139917
102.23536316677304,100.82274552696312,100.62909049405654,101.93965292280446,101.79799148631008,100.29807000023808,101.52788935455258,98.94249627760263,100.28504313568797,98.92366769139917,99.30635540747247
100.82274552696312,100.62909049405654,101.93965292280446,101.79799148631008,100.29807000023808,101.52788935455258,98.94249627760263,100.28504313568797,98.92366769139917,99.30635540747247,99.87190680010863
100.62909049405654,101.93965292280446,101.79799148631008,100.29807000023808,101.52788935455258,98.94249627760263,100.28504313568797,98.92366769139917,99.30635540747247,99.87190680010863,98.87540756521267
101.93965292280446,101.79799148631008,100.29807000023808,101.52788935455258,98.94249627760263,100.28504313568797,98.92366769139917,99.30635540747247,99.87190680010863,98.87540756521267,99.30905195817304
101.79799148631008,100.29807000023808,101.52788935455258,98.94249627760263,100.28504313568797,98.92366769139917,99.30635540747247,99.87190680010863,98.87540756521267,99.30905195817304,100.70490531662232
100.29807000023808,101.52788935455258,98.94249627760263,100.28504313568797,98.92366769139917,99.30635540747247,99.87190680010863,98.87540756521267,99.30905195817304,100.70490531662232,99.17394407598847
101.52788935455258,98.94249627760263,100.28504313568797,98.92366769139917,99.30635540747247,99.87190680010863,98.87540756521267,99.30905195817304,100.70490531662232,99.17394407598847,100.6852252658824
98.94249627760263,100.28504313568797,98.92366769139917,99.30635540747247,99.87190680010863,98.87540756521267,99.30905195817304,100.70490531662232,99.17394407598847,100.6852252658824,98.86351969565204
100.28504313568797,98.92366769139917,99.30635540747247,99.87190680010863,98.87540756521267,99.30905195817304,100.70490531662232,99.17394407598847,100.6852252658824,98.86351969565204,100.70953311412194
98.92366769139917,99.30635540747247,99.87190680010863,98.87540756521267,99.30905195817304,100.70490531662232,99.17394407598847,100.6852252658824,98.86351969565204,100.70953311412194,101.84774661004826
99.30635540747247,99.87190680010863,98.87540756521267,99.30905195817304,100.70490531662232,99.17394407598847,100.6852252658824,98.86351969565204,100.70953311412194,101.84774661004826,98.1974369048094
99.87190680010863,98.87540756521267,99.30905195817304,100.70490531662232,99.17394407598847,100.6852252658824,98.86351969565204,100.70953311412194,101.84774661004826,98.1974369048094,100.16747671537983
98.87540756521267,99.30905195817304,100.70490531662232,99.17394407598847,100.6852252658824,98.86351969565204,100.70953311412194,101.84774661004826,98.1974369048094,100.16747671537983,101.86454383760814
99.30905195817304,100.70490531662232,99.17394407598847,100.6852252658824,98.86351969565204,100.70953311412194,101.84774661004826,98.1974369048094,100.16747671537983,101.86454383760814,101.43031869364071
100.70490531662232,99.17394407598847,100.6852252658824,98.86351969565204,100.70953311412194,101.84774661004826,98.1974369048094,100.16747671537983,101.86454383760814,101.43031869364071,102.36781895461951
99.17394407598847,100.6852252658824,98.86351969565204,100.70953311412194,101.84774661004826,98.1974369048094,100.16747671537983,101.86454383760814,101.43031869364071,102.36781895461951,101.76776286033902
100.6852252658824,98.86351969565204,100.70953311412194,101.84774661004826,98.1974369048094,100.16747671537983,101.86454383760814,101.43031869364071,102.36781895461951,101.76776286033902,102.83934254022567
98.86351969565204,100.70953311412194,101.84774661004826,98.1974369048094,100.16747671537983,101.86454383760814,101.43031869364071,102.36781895461951,101.76776286033902,102.83934254022567,102.97808022305858
100.70953311412194,101.84774661004826,98.1974369048094,100.16747671537983,101.86454383760814,101.43031869364071,102.36781895461951,101.76776286033902,102.83934254022567,102.97808022305858,104.67661448591714
101.84774661004826,98.1974369048094,100.16747671537983,101.86454383760814,101.43031869364071,102.36781895461951,101.76776286033902,102.83934254022567,102.97808022305858,104.67661448591714,104.126562269123
98.1974369048094,100.16747671537983,101.86454383760814,101.43031869364071,102.36781895461951,101.76776286033902,102.83934254022567,102.97808022305858,104.67661448591714,104.126562269123,104.55563645715311
100.16747671537983,101.86454383760814,101.43031869364071,102.36781895461951,101.76776286033902,102.83934254022567,102.97808022305858,104.67661448591714,104.126562269123,104.55563645715311,104.12925656853275
101.86454383760814,101.43031869364071,102.36781895461951,101.76776286033902,102.83934254022567,102.97808022305858,104.67661448591714,104.126562269123,104.55563645715311,104.12925656853275,104.34881787649635
101.43031869364071,102.36781895461951,101.76776286033902,102.83934254022567,102.97808022305858,104.67661448591714,104.126562269123,104.55563645715311,104.12925656853275,104.34881787649635,104.66676932829554
102.36781895461951,101.76776286033902,102.83934254022567,102.97808022305858,104.67661448591714,104.126562269123,104.55563645715311,104.12925656853275,104.34881787649635,104.66676932829554,105.72022871167714
101.76776286033902,102.83934254022567,102.97808022305858,104.67661448591714,104.126562269123,104.55563645715311,104.12925656853275,104.34881787649635,104.66676932829554,105.72022871167714,105.0912944743756
102.83934254022567,102.97808022305858,104.67661448591714,104.126562269123,104.55563645715311,104.12925656853275,104.34881787649635,104.66676932829554,105.72022871167714,105.0912944743756,105.94574720858468
102.97808022305858,104.67661448591714,104.126562269123,104.55563645715311,104.12925656853275,104.34881787649635,104.66676932829554,105.72022871167714,105.0912944743756,105.94574720858468,107.8300703586393
104.67661448591714,104.126562269123,104.55563645715311,104.12925656853275,104.34881787649635,104.66676932829554,105.72022871167714,105.0912944743756,105.94574720858468,107.8300703586393,106.67801770152931
104.126562269123,104.55563645715311,104.12925656853275,104.34881787649635,104.66676932829554,105.72022871167714,105.0912944743756,105.94574720858468,107.8300703586393,106.67801770152931,105.48587447093479
104.55563645715311,104.12925656853275,104.34881787649635,104.66676932829554,105.72022871167714,105.0912944743756,105.94574720858468,107.8300703586393,106.67801770152931,105.48587447093479,106.97089849717284
104.12925656853275,104.34881787649635,104.66676932829554,105.72022871167714,105.0912944743756,105.94574720858468,107.8300703586393,106.67801770152931,105.48587447093479,106.97089849717284,105.27292200369175
104.34881787649635,104.66676932829554,105.72022871167714,105.0912944743756,105.94574720858468,107.8300703586393,106.67801770152931,105.48587447093479,106.97089849717284,105.27292200369175,103.50918945505303
104.66676932829554,105.72022871167714,105.0912944743756,105.94574720858468,107.8300703586393,106.67801770152931,105.48587447093479,106.97089849717284,105.27292200369175,103.50918945505303,104.36273530342648
105.72022871167714,105.0912944743756,105.94574720858468,107.8300703586393,106.67801770152931,105.48587447093479,106.97089849717284,105.27292200369175,103.50918945505303,104.36273530342648,103.28359065014435
105.0912944743756,105.94574720858468,107.8300703586393,106.67801770152931,105.48587447093479,106.97089849717284,105.27292200369175,103.50918945505303,104.36273530342648,103.28359065014435,104.54997568159261
105.94574720858468,107.8300703586393,106.67801770152931,105.48587447093479,106.97089849717284,105.27292200369175,103.50918945505303,104.36273530342648,103.28359065014435,104.54997568159261,104.6346269889198
107.8300703586393,106.67801770152931,105.48587447093479,106.97089849717284,105.27292200369175,103.50918945505303,104.36273530342648,103.28359065014435,104.54997568159261,104.6346269889198,105.9795561924383
106.67801770152931,105.48587447093479,106.97089849717284,105.27292200369175,103.50918945505303,104.36273530342648,103.28359065014435,104.54997568159261,104.6346269889198,105.9795561924383,104.29416389468106
105.48587447093479,106.97089849717284,105.27292200369175,103.50918945505303,104.36273530342648,103.28359065014435,104.54997568159261,104.6346269889198,105.9795561924383,104.29416389468106,103.39483700055358
106.97089849717284,105.27292200369175,103.50918945505303,104.36273530342648,103.28359065014435,104.54997568159261,104.6346269889198,105.9795561924383,104.29416389468106,103.39483700055358,104.07827815474928
105.27292200369175,103.50918945505303,104.36273530342648,103.28359065014435,104.54997568159261,104.6346269889198,105.9795561924383,104.29416389468106,103.39483700055358,104.07827815474928,100.66674256887
103.50918945505303,104.36273530342648,103.28359065014435,104.54997568159261,104.6346269889198,105.9795561924383,104.29416389468106,103.39483700055358,104.07827815474928,100.66674256887,102.74249774029853
104.36273530342648,103.28359065014435,104.54997568159261,104.6346269889198,105.9795561924383,104.29416389468106,103.39483700055358,104.07827815474928,100.66674256887,102.74249774029853,102.91268342028026
103.28359065014435,104.54997568159261,104.6346269889198,105.9795561924383,104.29416389468106,103.39483700055358,104.07827815474928,100.66674256887,102.74249774029853,102.91268342028026,100.30993298905902
104.54997568159261,104.6346269889198,105.9795561924383,104.29416389468106,103.39483700055358,104.07827815474928,100.66674256887,102.74249774029853,102.91268342028026,100.30993298905902,102.59639091879966
104.6346269889198,105.9795561924383,104.29416389468106,103.39483700055358,104.07827815474928,100.66674256887,102.74249774029853,102.91268342028026,100.30993298905902,102.59639091879966,101.47804355351991
105.9795561924383,104.29416389468106,103.39483700055358,104.07827815474928,100.66674256887,102.74249774029853,102.91268342028026,100.30993298905902,102.59639091879966,101.47804355351991,100.43897867622104
104.29416389468106,103.39483700055358,104.07827815474928,100.66674256887,102.74249774029853,102.91268342028026,100.30993298905902,102.59639091879966,101.47804355351991,100.43897867622104,101.23415505069184
103.39483700055358,104.07827815474928,100.66674256887,102.74249774029853,102.91268342028026,100.30993298905902,102.59639091879966,101.47804355351991,100.43897867622104,101.23415505069184,102.65562699921627
104.07827815474928,100.66674256887,102.74249774029853,102.91268342028026,100.30993298905902,102.59639091879966,101.47804355351991,100.43897867622104,101.23415505069184,102.65562699921627,100.39030802058336
100.66674256887,102.74249774029853,102.91268342028026,100.30993298905902,102.59639091879966,101.47804355351991,100.43897867622104,101.23415505069184,102.65562699921627,100.39030802058336,100.3229789653428
102.74249774029853,102.91268342028026,100.30993298905902,102.59639091879966,101.47804355351991,100.43897867622104,101.23415505069184,102.65562699921627,100.39030802058336,100.3229789653428,99.52671028120662
102.91268342028026,100.30993298905902,102.59639091879966,101.47804355351991,100.43897867622104,101.23415505069184,102.65562699921627,100.39030802058336,100.3229789653428,99.52671028120662,99.09401338318833
100.30993298905902,102.59639091879966,101.47804355351991,100.43897867622104,101.23415505069184,102.65562699921627,100.39030802058336,100.3229789653428,99.52671028120662,99.09401338318833,100.77919857420238
102.59639091879966,101.47804355351991,100.43897867622104,101.23415505069184,102.65562699921627,100.39030802058336,100.3229789653428,99.52671028120662,99.09401338318833,100.77919857420238,99.14500236985302
101.47804355351991,100.43897867622104,101.23415505069184,102.65562699921627,100.39030802058336,100.3229789653428,99.52671028120662,99.09401338318833,100.77919857420238,99.14500236985302,100.17134964128688
100.43897867622104,101.23415505069184,102.65562699921627,100.39030802058336,100.3229789653428,99.52671028120662,99.09401338318833,100.77919857420238,99.14500236985302,100.17134964128688,99.76581935379477
101.23415505069184,102.65562699921627,100.39030802058336,100.3229789653428,99.52671028120662,99.09401338318833,100.77919857420238,99.14500236985302,100.17134964128688,99.76581935379477,100.90895901220331
102.65562699921627,100.39030802058336,100.3229789653428,99.52671028120662,99.09401338318833,100.77919857420238,99.14500236985302,100.17134964128688,99.76581935379477,100.90895901220331,100.99009034492754
100.39030802058336,100.3229789653428,99.52671028120662,99.09401338318833,100.77919857420238,99.14500236985302,100.17134964128688,99.76581935379477,100.90895901220331,100.99009034492754,101.95687159944481
100.3229789653428,99.52671028120662,99.09401338318833,100.77919857420238,99.14500236985302,100.17134964128688,99.76581935379477,100.90895901220331,100.99009034492754,101.95687159944481,100.7046058222458
99.52671028120662,99.09401338318833,100.77919857420238,99.14500236985302,100.17134964128688,99.76581935379477,100.90895901220331,100.99009034492754,101.95687159944481,100.7046058222458,101.26784702538447
99.09401338318833,100.77919857420238,99.14500236985302,100.17134964128688,99.76581935379477,100.90895901220331,100.99009034492754,101.95687159944481,100.7046058222458,101.26784702538447,100.90485061415163
100.77919857420238,99.14500236985302,100.17134964128688,99.76581935379477,100.90895901220331,100.99009034492754,101.95687159944481,100.7046058222458,101.26784702538447,100.90485061415163,101.80263007142231
99.14500236985302,100.17134964128688,99.76581935379477,100.90895901220331,100.99009034492754,101.95687159944481,100.7046058222458,101.26784702538447,100.90485061415163,101.80263007142231,102.99929879034995
100.17134964128688,99.76581935379477,100.90895901220331,100.99009034492754,101.95687159944481,100.7046058222458,101.26784702538447,100.90485061415163,101.80263007142231,102.99929879034995,103.75999161964835
99.76581935379477,100.90895901220331,100.99009034492754,101.95687159944481,100.7046058222458,101.26784702538447,100.90485061415163,101.80263007142231,102.99929879034995,103.75999161964835,102.46184238452331
100.90895901220331,100.99009034492754,101.95687159944481,100.7046058222458,101.26784702538447,100.90485061415163,101.80263007142231,102.99929879034995,103.75999161964835,102.46184238452331,104.62868859461321
100.99009034492754,101.95687159944481,100.7046058222458,101.26784702538447,100.90485061415163,101.80263007142231,102.99929879034995,103.75999161964835,102.46184238452331,104.62868859461321,105.47802953487701
101.95687159944481,100.7046058222458,101.26784702538447,100.90485061415163,101.80263007142231,102.99929879034995,103.75999161964835,102.46184238452331,104.62868859461321,105.47802953487701,104.88171894855186
100.7046058222458,101.26784702538447,100.90485061415163,101.80263007142231,102.99929879034995,103.75999161964835,102.46184238452331,104.62868859461321,105.47802953487701,104.88171894855186,106.66817959746352
101.26784702538447,100.90485061415163,101.80263007142231,102.99929879034995,103.75999161964835,102.46184238452331,104.62868859461321,105.47802953487701,104.88171894855186,106.66817959746352,104.3128851517155
100.90485061415163,101.80263007142231,102.99929879034995,103.75999161964835,102.46184238452331,104.62868859461321,105.47802953487701,104.88171894855186,106.66817959746352,104.3128851517155,104.10492306305399
101.80263007142231,102.99929879034995,103.75999161964835,102.46184238452331,104.62868859461321,105.47802953487701,104.88171894855186,106.66817959746352,104.3128851517155,104.10492306305399,103.79730657064479
102.99929879034995,103.75999161964835,102.46184238452331,104.62868859461321,105.47802953487701,104.88171894855186,106.66817959746352,104.3128851517155,104.10492306305399,103.79730657064479,107.25857351693529
103.75999161964835,102.46184238452331,104.62868859461321,105.47802953487701,104.88171894855186,106.66817959746352,104.3128851517155,104.10492306305399,103.79730657064479,107.25857351693529,106.56058825829257
102.46184238452331,104.62868859461321,105.47802953487701,104.88171894855186,106.66817959746352,104.3128851517155,104.10492306305399,103.79730657064479,107.25857351693529,106.56058825829257,105.94933513933367
104.62868859461321,105.47802953487701,104.88171894855186,106.66817959746352,104.3128851517155,104.10492306305399,103.79730657064479,107.25857351693529,106.56058825829257,105.94933513933367,106.3371118746677
105.47802953487701,104.88171894855186,106.66817959746352,104.3128851517155,104.10492306305399,103.79730657064479,107.25857351693529,106.56058825829257,105.94933513933367,106.3371118746677,104.93665920605451
104.88171894855186,106.66817959746352,104.3128851517155,104.10492306305399,103.79730657064479,107.25857351693529,106.56058825829257,105.94933513933367,106.3371118746677,104.93665920605451,108.46568680487597
106.66817959746352,104.3128851517155,104.10492306305399,103.79730657064479,107.25857351693529,106.56058825829257,105.94933513933367,106.3371118746677,104.93665920605451,108.46568680487597,106.06046880893877
104.3128851517155,104.10492306305399,103.79730657064479,107.25857351693529,106.56058825829257,105.94933513933367,106.3371118746677,104.93665920605451,108.46568680487597,106.06046880893877,105.90695903508603
104.10492306305399,103.79730657064479,107.25857351693529,106.56058825829257,105.94933513933367,106.3371118746677,104.93665920605451,108.46568680487597,106.06046880893877,105.90695903508603,106.34683848849284
103.79730657064479,107.25857351693529,106.56058825829257,105.94933513933367,106.3371118746677,104.93665920605451,108.46568680487597,106.06046880893877,105.90695903508603,106.34683848849284,105.88564205315717
107.25857351693529,106.56058825829257,105.94933513933367,106.3371118746677,104.93665920605451,108.46568680487597,106.06046880893877,105.90695903508603,106.34683848849284,105.88564205315717,105.37562344016328
106.56058825829257,105.94933513933367,106.3371118746677,104.93665920605451,108.46568680487597,106.06046880893877,105.90695903508603,106.34683848849284,105.88564205315717,105.37562344016328,104.07598440453523
105.94933513933367,106.3371118746677,104.93665920605451,108.46568680487597,106.06046880893877,105.90695903508603,106.34683848849284,105.88564205315717,105.37562344016328,104.07598440453523,105.02483748754923
106.3371118746677,104.93665920605451,108.46568680487597,106.06046880893877,105.90695903508603,106.34683848849284,105.88564205315717,105.37562344016328,104.07598440453523,105.02483748754923,106.0995112676422
104.93665920605451,108.46568680487597,106.06046880893877,105.90695903508603,106.34683848849284,105.88564205315717,105.37562344016328,104.07598440453523,105.02483748754923,106.0995112676422,105.20960782576766
108.46568680487597,106.06046880893877,105.90695903508603,106.34683848849284,105.88564205315717,105.37562344016328,104.07598440453523,105.02483748754923,106.0995112676422,105.20960782576766,105.09230945045545
106.06046880893877,105.90695903508603,106.34683848849284,105.88564205315717,105.37562344016328,104.07598440453523,105.02483748754923,106.0995112676422,105.20960782576766,105.09230945045545,102.61691245169693
105.90695903508603,106.34683848849284,105.88564205315717,105.37562344016328,104.07598440453523,105.02483748754923,106.0995112676422,105.20960782576766,105.09230945045545,102.61691245169693,101.76752861218166
106.34683848849284,105.88564205315717,105.37562344016328,104.07598440453523,105.02483748754923,106.0995112676422,105.20960782576766,105.09230945045545,102.61691245169693,101.76752861218166,102.26628155654393
105.88564205315717,105.37562344016328,104.07598440453523,105.02483748754923,106.0995112676422,105.20960782576766,105.09230945045545,102.61691245169693,101.76752861218166,102.26628155654393,102.09449439737783
105.37562344016328,104.07598440453523,105.02483748754923,106.0995112676422,105.20960782576766,105.09230945045545,102.61691245169693,101.76752861218166,102.26628155654393,102.09449439737783,102.79707864431396
104.07598440453523,105.02483748754923,106.0995112676422,105.20960782576766,105.09230945045545,102.61691245169693,101.76752861218166,102.26628155654393,102.09449439737783,102.79707864431396,99.6973327665609
105.02483748754923,106.0995112676422,105.20960782576766,105.09230945045545,102.61691245169693,101.76752861218166,102.26628155654393,102.09449439737783,102.79707864431396,99.6973327665609,102.63406715983271
106.0995112676422,105.20960782576766,105.09230945045545,102.61691245169693,101.76752861218166,102.26628155654393,102.09449439737783,102.79707864431396,99.6973327665609,102.63406715983271,100.6936155362568
105.20960782576766,105.09230945045545,102.61691245169693,101.76752861218166,102.26628155654393,102.09449439737783,102.79707864431396,99.6973327665609,102.63406715983271,100.6936155362568,100.20830332171471
105.09230945045545,102.61691245169693,101.76752861218166,102.26628155654393,102.09449439737783,102.79707864431396,99.6973327665609,102.63406715983271,100.6936155362568,100.20830332171471,99.44658764051495
102.61691245169693,101.76752861218166,102.26628155654393,102.09449439737783,102.79707864431396,99.6973327665609,102.63406715983271,100.6936155362568,100.20830332171471,99.44658764051495,98.67015195742694
101.76752861218166,102.26628155654393,102.09449439737783,102.79707864431396,99.6973327665609,102.63406715983271,100.6936155362568,100.20830332171471,99.44658764051495,98.67015195742694,101.05949201495903
102.26628155654393,102.09449439737783,102.79707864431396,99.6973327665609,102.63406715983271,100.6936155362568,100.20830332171471,99.44658764051495,98.67015195742694,101.05949201495903,100.26742597009178
102.09449439737783,102.79707864431396,99.6973327665609,102.63406715983271,100.6936155362568,100.20830332171471,99.44658764051495,98.67015195742694,101.05949201495903,100.26742597009178,98.90915210816732
102.79707864431396,99.6973327665609,102.63406715983271,100.6936155362568,100.20830332171471,99.44658764051495,98.67015195742694,101.05949201495903,100.26742597009178,98.90915210816732,98.95625767394851
99.6973327665609,102.63406715983271,100.6936155362568,100.20830332171471,99.44658764051495,98.67015195742694,101.05949201495903,100.26742597009178,98.90915210816732,98.95625767394851,100.01424895502761
102.63406715983271,100.6936155362568,100.20830332171471,99.44658764051495,98.67015195742694,101.05949201495903,100.26742597009178,98.90915210816732,98.95625767394851,100.01424895502761,102.16274857609955
100.6936155362568,100.20830332171471,99.44658764051495,98.67015195742694,101.05949201495903,100.26742597009178,98.90915210816732,98.95625767394851,100.01424895502761,102.16274857609955,100.42063808534354
100.20830332171471,99.44658764051495,98.67015195742694,101.05949201495903,100.26742597009178,98.90915210816732,98.95625767394851,100.01424895502761,102.16274857609955,100.42063808534354,99.40353553677275
99.44658764051495,98.67015195742694,101.05949201495903,100.26742597009178,98.90915210816732,98.95625767394851,100.01424895502761,102.16274857609955,100.42063808534354,99.40353553677275,100.92383884135121
98.67015195742694,101.05949201495903,100.26742597009178,98.90915210816732,98.95625767394851,100.01424895502761,102.16274857609955,100.42063808534354,99.40353553677275,100.92383884135121,101.19214890160315
101.05949201495903,100.26742597009178,98.90915210816732,98.95625767394851,100.01424895502761,102.16274857609955,100.42063808534354,99.40353553677275,100.92383884135121,101.19214890160315,99.0910855679865
100.26742597009178,98.90915210816732,98.95625767394851,100.01424895502761,102.16274857609955,100.42063808534354,99.40353553677275,100.92383884135121,101.19214890160315,99.0910855679865,102.07956971366639
98.90915210816732,98.95625767394851,100.01424895502761,102.16274857609955,100.42063808534354,99.40353553677275,100.92383884135121,101.19214890160315,99.0910855679865,102.07956971366639,102.26623905153998
98.95625767394851,100.01424895502761,102.16274857609955,100.42063808534354,99.40353553677275,100.92383884135121,101.19214890160315,99.0910855679865,102.07956971366639,102.26623905153998,103.56845491236875
100.01424895502761,102.16274857609955,100.42063808534354,99.40353553677275,100.92383884135121,101.19214890160315,99.0910855679865,102.07956971366639,102.26623905153998,103.56845491236875,105.10220934819857
102.16274857609955,100.42063808534354,99.40353553677275,100.92383884135121,101.19214890160315,99.0910855679865,102.07956971366639,102.26623905153998,103.56845491236875,105.10220934819857,104.76082298849892
100.42063808534354,99.40353553677275,100.92383884135121,101.19214890160315,99.0910855679865,102.07956971366639,102.26623905153998,103.56845491236875,105.10220934819857,104.76082298849892,103.74044423420297
99.40353553677275,100.92383884135121,101.19214890160315,99.0910855679865,102.07956971366639,102.26623905153998,103.56845491236875,105.10220934819857,104.76082298849892,103.74044423420297,103.26611601758066
100.92383884135121,101.19214890160315,99.0910855679865,102.07956971366639,102.26623905153998,103.56845491236875,105.10220934819857,104.76082298849892,103.74044423420297,103.26611601758066,107.29189409882828
101.19214890160315,99.0910855679865,102.07956971366639,102.26623905153998,103.56845491236875,105.10220934819857,104.76082298849892,103.74044423420297,103.26611601758066,107.29189409882828,105.10085246917016
99.0910855679865,102.07956971366639,102.26623905153998,103.56845491236875,105.10220934819857,104.76082298849892,103.74044423420297,103.26611601758066,107.29189409882828,105.10085246917016,105.35085389298226
102.07956971366639,102.26623905153998,103.56845491236875,105.10220934819857,104.76082298849892,103.74044423420297,103.26611601758066,107.29189409882828,105.10085246917016,105.35085389298226,105.57570292950565
102.26623905153998,103.56845491236875,105.10220934819857,104.76082298849892,103.74044423420297,103.26611601758066,107.29189409882828,105.10085246917016,105.35085389298226,105.57570292950565,106.02436183056719
103.56845491236875,105.10220934819857,104.76082298849892,103.74044423420297,103.26611601758066,107.29189409882828,105.10085246917016,105.35085389298226,105.57570292950565,106.02436183056719,105.86841904377239
105.10220934819857,104.76082298849892,103.74044423420297,103.26611601758066,107.29189409882828,105.10085246917016,105.35085389298226,105.57570292950565,106.02436183056719,105.86841904377239,105.58281084530852
104.76082298849892,103.74044423420297,103.26611601758066,107.29189409882828,105.10085246917016,105.35085389298226,105.57570292950565,106.02436183056719,105.86841904377239,105.58281084530852,105.70831111925399
103.74044423420297,103.26611601758066,107.29189409882828,105.10085246917016,105.35085389298226,105.57570292950565,106.02436183056719,105.86841904377239,105.58281084530852,105.70831111925399,106.27464022838214
103.26611601758066,107.29189409882828,105.10085246917016,105.35085389298226,105.57570292950565,106.02436183056719,105.86841904377239,105.58281084530852,105.70831111925399,106.27464022838214,105.76897373246936
107.29189409882828,105.10085246917016,105.35085389298226,105.57570292950565,106.02436183056719,105.86841904377239,105.58281084530852,105.70831111925399,106.27464022838214,105.76897373246936,105.55733929283222
105.10085246917016,105.35085389298226,105.57570292950565,106.02436183056719,105.86841904377239,105.58281084530852,105.70831111925399,106.27464022838214,105.76897373246936,105.55733929283222,106.28792810490569
105.35085389298226,105.57570292950565,106.02436183056719,105.86841904377239,105.58281084530852,105.70831111925399,106.27464022838214,105.76897373246936,105.55733929283222,106.28792810490569,105.79283727331054
105.57570292950565,106.02436183056719,105.86841904377239,105.58281084530852,105.70831111925399,106.27464022838214,105.76897373246936,105.55733929283222,106.28792810490569,105.79283727331054,107.3753151034271
106.02436183056719,105.86841904377239,105.58281084530852,105.70831111925399,106.27464022838214,105.76897373246936,105.55733929283222,106.28792810490569,105.79283727331054,107.3753151034271,103.0039132632777
105.86841904377239,105.58281084530852,105.70831111925399,106.27464022838214,105.76897373246936,105.55733929283222,106.28792810490569,105.79283727331054,107.3753151034271,103.0039132632777,106.49349651805689
105.58281084530852,105.70831111925399,106.27464022838214,105.76897373246936,105.55733929283222,106.28792810490569,105.79283727331054,107.3753151034271,103.0039132632777,106.49349651805689,106.36279430272843
105.70831111925399,106.27464022838214,105.76897373246936,105.55733929283222,106.28792810490569,105.79283727331054,107.3753151034271,103.0039132632777,106.49349651805689,106.36279430272843,102.7302291482554
106.27464022838214,105.76897373246936,105.55733929283222,106.28792810490569,105.79283727331054,107.3753151034271,103.0039132632777,106.49349651805689,106.36279430272843,102.7302291482554,104.12504942733705
105.76897373246936,105.55733929283222,106.28792810490569,105.79283727331054,107.3753151034271,103.0039132632777,106.49349651805689,106.36279430272843,102.7302291482554,104.12504942733705,103.74299716386714
105.55733929283222,106.28792810490569,105.79283727331054,107.3753151034271,103.0039132632777,106.49349651805689,106.36279430272843,102.7302291482554,104.12504942733705,103.74299716386714,102.3418613793485
106.28792810490569,105.79283727331054,107.3753151034271,103.0039132632777,106.49349651805689,106.36279430272843,102.7302291482554,104.12504942733705,103.74299716386714,102.3418613793485,102.60056169078747
105.79283727331054,107.3753151034271,103.0039132632777,106.49349651805689,106.36279430272843,102.7302291482554,104.12504942733705,103.74299716386714,102.3418613793485,102.60056169078747,101.89680783722464
107.3753151034271,103.0039132632777,106.49349651805689,106.36279430272843,102.7302291482554,104.12504942733705,103.74299716386714,102.3418613793485,102.60056169078747,101.89680783722464,104.39458917031747
103.0039132632777,106.49349651805689,106.36279430272843,102.7302291482554,104.12504942733705,103.74299716386714,102.3418613793485,102.60056169078747,101.89680783722464,104.39458917031747,103.22469812848686
106.49349651805689,106.36279430272843,102.7302291482554,104.12504942733705,103.74299716386714,102.3418613793485,102.60056169078747,101.89680783722464,104.39458917031747,103.22469812848686,103.2246924710874
106.36279430272843,102.7302291482554,104.12504942733705,103.74299716386714,102.3418613793485,102.60056169078747,101.89680783722464,104.39458917031747,103.22469812848686,103.2246924710874,102.36171971056922
102.7302291482554,104.12504942733705,103.74299716386714,102.3418613793485,102.60056169078747,101.89680783722464,104.39458917031747,103.22469812848686,103.2246924710874,102.36171971056922,100.22571531940513
104.12504942733705,103.74299716386714,102.3418613793485,102.60056169078747,101.89680783722464,104.39458917031747,103.22469812848686,103.2246924710874,102.36171971056922,100.22571531940513,100.5773534188063
103.74299716386714,102.3418613793485,102.60056169078747,101.89680783722464,104.39458917031747,103.22469812848686,103.2246924710874,102.36171971056922,100.22571531940513,100.5773534188063,101.37480920314029
102.3418613793485,102.60056169078747,101.89680783722464,104.39458917031747,103.22469812848686,103.2246924710874,102.36171971056922,100.22571531940513,100.5773534188063,101.37480920314029,99.48681445713343
102.60056169078747,101.89680783722464,104.39458917031747,103.22469812848686,103.2246924710874,102.36171971056922,100.22571531940513,100.5773534188063,101.37480920314029,99.48681445713343,101.28825730971538
101.89680783722464,104.39458917031747,103.22469812848686,103.2246924710874,102.36171971056922,100.22571531940513,100.5773534188063,101.37480920314029,99.48681445713343,101.28825730971538,100.24624628308923
104.39458917031747,103.22469812848686,103.2246924710874,102.36171971056922,100.22571531940513,100.5773534188063,101.37480920314029,99.48681445713343,101.28825730971538,100.24624628308923,100.06953744560403
103.22469812848686,103.2246924710874,102.36171971056922,100.22571531940513,100.5773534188063,101.37480920314029,99.48681445713343,101.28825730971538,100.24624628308923,100.06953744560403,101.16032322636212
103.2246924710874,102.36171971056922,100.22571531940513,100.5773534188063,101.37480920314029,99.48681445713343,101.28825730971538,100.24624628308923,100.06953744560403,101.16032322636212,100.9458500077484
102.36171971056922,100.22571531940513,100.5773534188063,101.37480920314029,99.48681445713343,101.28825730971538,100.24624628308923,100.06953744560403,101.16032322636212,100.9458500077484,100.23931773874891
100.22571531940513,100.5773534188063,101.37480920314029,99.48681445713343,101.28825730971538,100.24624628308923,100.06953744560403,101.16032322636212,100.9458500077484,100.23931773874891,101.90330710442463
100.5773534188063,101.37480920314029,99.48681445713343,101.28825730971538,100.24624628308923,100.06953744560403,101.16032322636212,100.9458500077484,100.23931773874891,101.90330710442463,99.8494163593575
101.37480920314029,99.48681445713343,101.28825730971538,100.24624628308923,100.06953744560403,101.16032322636212,100.9458500077484,100.23931773874891,101.90330710442463,99.8494163593575,101.77286434708536
99.48681445713343,101.28825730971538,100.24624628308923,100.06953744560403,101.16032322636212,100.9458500077484,100.23931773874891,101.90330710442463,99.8494163593575,101.77286434708536,102.0129334136558
101.28825730971538,100.24624628308923,100.06953744560403,101.16032322636212,100.9458500077484,100.23931773874891,101.90330710442463,99.8494163593575,101.77286434708536,102.0129334136558,101.40557628228706
100.24624628308923,100.06953744560403,101.16032322636212,100.9458500077484,100.23931773874891,101.90330710442463,99.8494163593575,101.77286434708536,102.0129334136558,101.40557628228706,102.36435548342041
100.06953744560403,101.16032322636212,100.9458500077484,100.23931773874891,101.90330710442463,99.8494163593575,101.77286434708536,102.0129334136558,101.40557628228706,102.36435548342041,101.13300125404916
101.16032322636212,100.9458500077484,100.23931773874891,101.90330710442463,99.8494163593575,101.77286434708536,102.0129334136558,101.40557628228706,102.36435548342041,101.13300125404916,103.67145085120582
100.9458500077484,100.23931773874891,101.90330710442463,99.8494163593575,101.77286434708536,102.0129334136558,101.40557628228706,102.36435548342041,101.13300125404916,103.67145085120582,102.93759666136256
100.23931773874891,101.90330710442463,99.8494163593575,101.77286434708536,102.0129334136558,101.40557628228706,102.36435548342041,101.13300125404916,103.67145085120582,102.93759666136256,102.98078048298441
101.90330710442463,99.8494163593575,101.77286434708536,102.0129334136558,101.40557628228706,102.36435548342041,101.13300125404916,103.67145085120582,102.93759666136256,102.98078048298441,104.93351743503831
99.8494163593575,101.77286434708536,102.0129334136558,101.40557628228706,102.36435548342041,101.13300125404916,103.67145085120582,102.93759666136256,102.98078048298441,104.93351743503831,103.5552394844653
101.77286434708536,102.0129334136558,101.40557628228706,102.36435548342041,101.13300125404916,103.67145085120582,102.93759666136256,102.98078048298441,104.93351743503831,103.5552394844653,103.21443088020897
102.0129334136558,101.40557628228706,102.36435548342041,101.13300125404916,103.67145085120582,102.93759666136256,102.98078048298441,104.93351743503831,103.5552394844653,103.21443088020897,103.41215537230475
101.40557628228706,102.36435548342041,101.13300125404916,103.67145085120582,102.93759666136256,102.98078048298441,104.93351743503831,103.5552394844653,103.21443088020897,103.41215537230475,105.89789423675158
102.36435548342041,101.13300125404916,103.67145085120582,102.93759666136256,102.98078048298441,104.93351743503831,103.5552394844653,103.21443088020897,103.41215537230475,105.89789423675158,104.30674549882329
101.13300125404916,103.67145085120582,102.93759666136256,102.98078048298441,104.93351743503831,103.5552394844653,103.21443088020897,103.41215537230475,105.89789423675158,104.30674549882329,107.60487244885023
103.67145085120582,102.93759666136256,102.98078048298441,104.93351743503831,103.5552394844653,103.21443088020897,103.41215537230475,105.89789423675158,104.30674549882329,107.60487244885023,103.99459791216589
102.93759666136256,102.98078048298441,104.93351743503831,103.5552394844653,103.21443088020897,103.41215537230475,105.89789423675158,104.30674549882329,107.60487244885023,103.99459791216589,107.95948607423665
102.98078048298441,104.93351743503831,103.5552394844653,103.21443088020897,103.41215537230475,105.89789423675158,104.30674549882329,107.60487244885023,103.99459791216589,107.95948607423665,106.61774056964163
104.93351743503831,103.5552394844653,103.21443088020897,103.41215537230475,105.89789423675158,104.30674549882329,107.60487244885023,103.99459791216589,107.95948607423665,106.61774056964163,106.40870719887424
103.5552394844653,103.21443088020897,103.41215537230475,105.89789423675158,104.30674549882329,107.60487244885023,103.99459791216589,107.95948607423665,106.61774056964163,106.40870719887424,106.01272466203943
103.21443088020897,103.41215537230475,105.89789423675158,104.30674549882329,107.60487244885023,103.99459791216589,107.95948607423665,106.61774056964163,106.40870719887424,106.01272466203943,106.96178486820546
103.41215537230475,105.89789423675158,104.30674549882329,107.60487244885023,103.99459791216589,107.95948607423665,106.61774056964163,106.40870719887424,106.01272466203943,106.96178486820546,106.4828006233348
105.89789423675158,104.30674549882329,107.60487244885023,103.99459791216589,107.95948607423665,106.61774056964163,106.40870719887424,106.01272466203943,106.96178486820546,106.4828006233348,107.53505000948056
104.30674549882329,107.60487244885023,103.99459791216589,107.95948607423665,106.61774056964163,106.40870719887424,106.01272466203943,106.96178486820546,106.4828006233348,107.53505000948056,106.41229238964368
107.60487244885023,103.99459791216589,107.95948607423665,106.61774056964163,106.40870719887424,106.01272466203943,106.96178486820546,106.4828006233348,107.53505000948056,106.41229238964368,106.27187412655653
103.99459791216589,107.95948607423665,106.61774056964163,106.40870719887424,106.01272466203943,106.96178486820546,106.4828006233348,107.53505000948056,106.41229238964368,106.27187412655653,105.54152110970715
107.95948607423665,106.61774056964163,106.40870719887424,106.01272466203943,106.96178486820546,106.4828006233348,107.53505000948056,106.41229238964368,106.27187412655653,105.54152110970715,105.5952942926636
106.61774056964163,106.40870719887424,106.01272466203943,106.96178486820546,106.4828006233348,107.53505000948056,106.41229238964368,106.27187412655653,105.54152110970715,105.5952942926636,105.6747611293731
106.40870719887424,106.01272466203943,106.96178486820546,106.4828006233348,107.53505000948056,106.41229238964368,106.27187412655653,105.54152110970715,105.5952942926636,105.6747611293731,103.34370123825715
106.01272466203943,106.96178486820546,106.4828006233348,107.53505000948056,106.41229238964368,106.27187412655653,105.54152110970715,105.5952942926636,105.6747611293731,103.34370123825715,103.36980184956194
106.96178486820546,106.4828006233348,107.53505000948056,106.41229238964368,106.27187412655653,105.54152110970715,105.5952942926636,105.6747611293731,103.34370123825715,103.36980184956194,105.10795237413589
106.4828006233348,107.53505000948056,106.41229238964368,106.27187412655653,105.54152110970715,105.5952942926636,105.6747611293731,103.34370123825715,103.36980184956194,105.10795237413589,104.1704887624445
107.53505000948056,106.41229238964368,106.27187412655653,105.54152110970715,105.5952942926636,105.6747611293731,103.34370123825715,103.36980184956194,105.10795237413589,104.1704887624445,103.444645292276
106.41229238964368,106.27187412655653,105.54152110970715,105.5952942926636,105.6747611293731,103.34370123825715,103.36980184956194,105.10795237413589,104.1704887624445,103.444645292276,103.2760678660061
106.27187412655653,105.54152110970715,105.5952942926636,105.6747611293731,103.34370123825715,103.36980184956194,105.10795237413589,104.1704887624445,103.444645292276,103.2760678660061,103.24015068250576
105.54152110970715,105.5952942926636,105.6747611293731,103.34370123825715,103.36980184956194,105.10795237413589,104.1704887624445,103.444645292276,103.2760678660061,103.24015068250576,101.99951030528028
105.5952942926636,105.6747611293731,103.34370123825715,103.36980184956194,105.10795237413589,104.1704887624445,103.444645292276,103.2760678660061,103.24015068250576,101.99951030528028,101.4250829009412
105.6747611293731,103.34370123825715,103.36980184956194,105.10795237413589,104.1704887624445,103.444645292276,103.2760678660061,103.24015068250576,101.99951030528028,101.4250829009412,102.0861431518739
103.34370123825715,103.36980184956194,105.10795237413589,104.1704887624445,103.444645292276,103.2760678660061,103.24015068250576,101.99951030528028,101.4250829009412,102.0861431518739,100.62664456325756
103.36980184956194,105.10795237413589,104.1704887624445,103.444645292276,103.2760678660061,103.24015068250576,101.99951030528028,101.4250829009412,102.0861431518739,100.62664456325756,101.7603766910508
105.10795237413589,104.1704887624445,103.444645292276,103.2760678660061,103.24015068250576,101.99951030528028,101.4250829009412,102.0861431518739,100.62664456325756,101.7603766910508,99.43310128792479
104.1704887624445,103.444645292276,103.2760678660061,103.24015068250576,101.99951030528028,101.4250829009412,102.0861431518739,100.62664456325756,101.7603766910508,99.43310128792479,101.98834815360127
103.444645292276,103.2760678660061,103.24015068250576,101.99951030528028,101.4250829009412,102.0861431518739,100.62664456325756,101.7603766910508,99.43310128792479,101.98834815360127,101.29810661220627
103.2760678660061,103.24015068250576,101.99951030528028,101.4250829009412,102.0861431518739,100.62664456325756,101.7603766910508,99.43310128792479,101.98834815360127,101.29810661220627,100.9928516658115
103.24015068250576,101.99951030528028,101.4250829009412,102.0861431518739,100.62664456325756,101.7603766910508,99.43310128792479,101.98834815360127,101.29810661220627,100.9928516658115,101.67729948734939
101.99951030528028,101.4250829009412,102.0861431518739,100.62664456325756,101.7603766910508,99.43310128792479,101.98834815360127,101.29810661220627,100.9928516658115,101.67729948734939,102.36508795287145
101.4250829009412,102.0861431518739,100.62664456325756,101.7603766910508,99.43310128792479,101.98834815360127,101.29810661220627,100.9928516658115,101.67729948734939,102.36508795287145,101.76620701153075
102.0861431518739,100.62664456325756,101.7603766910508,99.43310128792479,101.98834815360127,101.29810661220627,100.9928516658115,101.67729948734939,102.36508795287145,101.76620701153075,99.00965992348661
100.62664456325756,101.7603766910508,99.43310128792479,101.98834815360127,101.29810661220627,100.9928516658115,101.67729948734939,102.36508795287145,101.76620701153075,99.00965992348661,99.71465058457495
101.7603766910508,99.43310128792479,101.98834815360127,101.29810661220627,100.9928516658115,101.67729948734939,102.36508795287145,101.76620701153075,99.00965992348661,99.71465058457495,100.55591135951198
99.43310128792479,101.98834815360127,101.29810661220627,100.9928516658115,101.67729948734939,102.36508795287145,101.76620701153075,99.00965992348661,99.71465058457495,100.55591135951198,101.43327004060217
101.98834815360127,101.29810661220627,100.9928516658115,101.67729948734939,102.36508795287145,101.76620701153075,99.00965992348661,99.71465058457495,100.55591135951198,101.43327004060217,102.18774142640677
101.29810661220627,100.9928516658115,101.67729948734939,102.36508795287145,101.76620701153075,99.00965992348661,99.71465058457495,100.55591135951198,101.43327004060217,102.18774142640677,101.23962915869784
100.9928516658115,101.67729948734939,102.36508795287145,101.76620701153075,99.00965992348661,99.71465058457495,100.55591135951198,101.43327004060217,102.18774142640677,101.23962915869784,102.47523947590565
101.67729948734939,102.36508795287145,101.76620701153075,99.00965992348661,99.71465058457495,100.55591135951198,101.43327004060217,102.18774142640677,101.23962915869784,102.47523947590565,101.87898214833136
102.36508795287145,101.76620701153075,99.00965992348661,99.71465058457495,100.55591135951198,101.43327004060217,102.18774142640677,101.23962915869784,102.47523947590565,101.87898214833136,102.38615627925725
101.76620701153075,99.00965992348661,99.71465058457495,100.55591135951198,101.43327004060217,102.18774142640677,101.23962915869784,102.47523947590565,101.87898214833136,102.38615627925725,101.96608795120761
99.00965992348661,99.71465058457495,100.55591135951198,101.43327004060217,102.18774142640677,101.23962915869784,102.47523947590565,101.87898214833136,102.38615627925725,101.96608795120761,102.83052050764282
99.71465058457495,100.55591135951198,101.43327004060217,102.18774142640677,101.23962915869784,102.47523947590565,101.87898214833136,102.38615627925725,101.96608795120761,102.83052050764282,102.78307385383533
100.55591135951198,101.43327004060217,102.18774142640677,101.23962915869784,102.47523947590565,101.87898214833136,102.38615627925725,101.96608795120761,102.83052050764282,102.78307385383533,103.533960172281
101.43327004060217,102.18774142640677,101.23962915869784,102.47523947590565,101.87898214833136,102.38615627925725,101.96608795120761,102.83052050764282,102.78307385383533,103.533960172281,105.92678422343062
102.18774142640677,101.23962915869784,102.47523947590565,101.87898214833136,102.38615627925725,101.96608795120761,102.83052050764282,102.78307385383533,103.533960172281,105.92678422343062,104.26963590724694
101.23962915869784,102.47523947590565,101.87898214833136,102.38615627925725,101.96608795120761,102.83052050764282,102.78307385383533,103.533960172281,105.92678422343062,104.26963590724694,108.17451660049356
102.47523947590565,101.87898214833136,102.38615627925725,101.96608795120761,102.83052050764282,102.78307385383533,103.533960172281,105.92678422343062,104.26963590724694,108.17451660049356,106.33074300245073
101.87898214833136,102.38615627925725,101.96608795120761,102.83052050764282,102.78307385383533,103.533960172281,105.92678422343062,104.26963590724694,108.17451660049356,106.33074300245073,106.28516464081102
102.38615627925725,101.96608795120761,102.83052050764282,102.78307385383533,103.533960172281,105.92678422343062,104.26963590724694,108.17451660049356,106.33074300245073,106.28516464081102,105.46841979011863
101.96608795120761,102.83052050764282,102.78307385383533,103.533960172281,105.92678422343062,104.26963590724694,108.17451660049356,106.33074300245073,106.28516464081102,105.46841979011863,107.21358983560586
102.83052050764282,102.78307385383533,103.533960172281,105.92678422343062,104.26963590724694,108.17451660049356,106.33074300245073,106.28516464081102,105.46841979011863,107.21358983560586,106.08133552645148
102.78307385383533,103.533960172281,105.92678422343062,104.26963590724694,108.17451660049356,106.33074300245073,106.28516464081102,105.46841979011863,107.21358983560586,106.08133552645148,106.87768037564024
103.533960172281,105.92678422343062,104.26963590724694,108.17451660049356,106.33074300245073,106.28516464081102,105.46841979011863,107.21358983560586,106.08133552645148,106.87768037564024,109.36797853736742
105.92678422343062,104.26963590724694,108.17451660049356,106.33074300245073,106.28516464081102,105.46841979011863,107.21358983560586,106.08133552645148,106.87768037564024,109.36797853736742,106.71683910437898
104.26963590724694,108.17451660049356,106.33074300245073,106.28516464081102,105.46841979011863,107.21358983560586,106.08133552645148,106.87768037564024,109.36797853736742,106.71683910437898,107.91995890229558
108.17451660049356,106.33074300245073,106.28516464081102,105.46841979011863,107.21358983560586,106.08133552645148,106.87768037564024,109.36797853736742,106.71683910437898,107.91995890229558,105.9788219525884
106.33074300245073,106.28516464081102,105.46841979011863,107.21358983560586,106.08133552645148,106.87768037564024,109.36797853736742,106.71683910437898,107.91995890229558,105.9788219525884,106.51332650073495
106.28516464081102,105.46841979011863,107.21358983560586,106.08133552645148,106.87768037564024,109.36797853736742,106.71683910437898,107.91995890229558,105.9788219525884,106.51332650073495,108.14262325098039
105.46841979011863,107.21358983560586,106.08133552645148,106.87768037564024,109.36797853736742,106.71683910437898,107.91995890229558,105.9788219525884,106.51332650073495,108.14262325098039,105.52841651438347
107.21358983560586,106.08133552645148,106.87768037564024,109.36797853736742,106.71683910437898,107.91995890229558,105.9788219525884,106.51332650073495,108.14262325098039,105.52841651438347,107.71493872463185
106.08133552645148,106.87768037564024,109.36797853736742,106.71683910437898,107.91995890229558,105.9788219525884,106.51332650073495,108.14262325098039,105.52841651438347,107.71493872463185,106.32496154618674
106.87768037564024,109.36797853736742,106.71683910437898,107.91995890229558,105.9788219525884,106.51332650073495,108.14262325098039,105.52841651438347,107.71493872463185,106.32496154618674,104.74165310526975
109.36797853736742,106.71683910437898,107.91995890229558,105.9788219525884,106.51332650073495,108.14262325098039,105.52841651438347,107.71493872463185,106.32496154618674,104.74165310526975,105.60064526097347
106.71683910437898,107.91995890229558,105.9788219525884,106.51332650073495,108.14262325098039,105.52841651438347,107.71493872463185,106.32496154618674,104.74165310526975,105.60064526097347,105.58749297999019
107.91995890229558,105.9788219525884,106.51332650073495,108.14262325098039,105.52841651438347,107.71493872463185,106.32496154618674,104.74165310526975,105.60064526097347,105.58749297999019,104.87168353678399
105.9788219525884,106.51332650073495,108.14262325098039,105.52841651438347,107.71493872463185,106.32496154618674,104.74165310526975,105.60064526097347,105.58749297999019,104.87168353678399,102.30865415898845
106.51332650073495,108.14262325098039,105.52841651438347,107.71493872463185,106.32496154618674,104.74165310526975,105.60064526097347,105.58749297999019,104.87168353678399,102.30865415898845,102.7807470073661
108.14262325098039,105.52841651438347,107.71493872463185,106.32496154618674,104.74165310526975,105.60064526097347,105.58749297999019,104.87168353678399,102.30865415898845,102.7807470073661,102.89530059184284
105.52841651438347,107.71493872463185,106.32496154618674,104.74165310526975,105.60064526097347,105.58749297999019,104.87168353678399,102.30865415898845,102.7807470073661,102.89530059184284,102.71508680673982
107.71493872463185,106.32496154618674,104.74165310526975,105.60064526097347,105.58749297999019,104.87168353678399,102.30865415898845,102.7807470073661,102.89530059184284,102.71508680673982,103.07430997414446
106.32496154618674,104.74165310526975,105.60064526097347,105.58749297999019,104.87168353678399,102.30865415898845,102.7807470073661,102.89530059184284,102.71508680673982,103.07430997414446,102.31824914795975
104.74165310526975,105.60064526097347,105.58749297999019,104.87168353678399,102.30865415898845,102.7807470073661,102.89530059184284,102.71508680673982,103.07430997414446,102.31824914795975,100.51992323241274
105.60064526097347,105.58749297999019,104.87168353678399,102.30865415898845,102.7807470073661,102.89530059184284,102.71508680673982,103.07430997414446,102.31824914795975,100.51992323241274,101.98257203659252
105.58749297999019,104.87168353678399,102.30865415898845,102.7807470073661,102.89530059184284,102.71508680673982,103.07430997414446,102.31824914795975,100.51992323241274,101.98257203659252,101.9965208876967
104.87168353678399,102.30865415898845,102.7807470073661,102.89530059184284,102.71508680673982,103.07430997414446,102.31824914795975,100.51992323241274,101.98257203659252,101.9965208876967,101.7692332144569
102.30865415898845,102.7807470073661,102.89530059184284,102.71508680673982,103.07430997414446,102.31824914795975,100.51992323241274,101.98257203659252,101.9965208876967,101.7692332144569,102.15654010559808
102.7807470073661,102.89530059184284,102.71508680673982,103.07430997414446,102.31824914795975,100.51992323241274,101.98257203659252,101.9965208876967,101.7692332144569,102.15654010559808,101.82099433629676
102.89530059184284,102.71508680673982,103.07430997414446,102.31824914795975,100.51992323241274,101.98257203659252,101.9965208876967,101.7692332144569,102.15654010559808,101.82099433629676,101.40403883288255
102.71508680673982,103.07430997414446,102.31824914795975,100.51992323241274,101.98257203659252,101.9965208876967,101.7692332144569,102.15654010559808,101.82099433629676,101.40403883288255,100.87969804720049
103.07430997414446,102.31824914795975,100.51992323241274,101.98257203659252,101.9965208876967,101.7692332144569,102.15654010559808,101.82099433629676,101.40403883288255,100.87969804720049,99.34112626324689
102.31824914795975,100.51992323241274,101.98257203659252,101.9965208876967,101.7692332144569,102.15654010559808,101.82099433629676,101.40403883288255,100.87969804720049,99.34112626324689,101.53040262420107
100.51992323241274,101.98257203659252,101.9965208876967,101.7692332144569,102.15654010559808,101.82099433629676,101.40403883288255,100.87969804720049,99.34112626324689,101.53040262420107,101.452165488724
101.98257203659252,101.9965208876967,101.7692332144569,102.15654010559808,101.82099433629676,101.40403883288255,100.87969804720049,99.34112626324689,101.53040262420107,101.452165488724,101.7025590246533
101.9965208876967,101.7692332144569,102.15654010559808,101.82099433629676,101.40403883288255,100.87969804720049,99.34112626324689,101.53040262420107,101.452165488724,101.7025590246533,100.38068066482128
101.7692332144569,102.15654010559808,101.82099433629676,101.40403883288255,100.87969804720049,99.34112626324689,101.53040262420107,101.452165488724,101.7025590246533,100.38068066482128,100.83927611577965
102.15654010559808,101.82099433629676,101.40403883288255,100.87969804720049,99.34112626324689,101.53040262420107,101.452165488724,101.7025590246533,100.38068066482128,100.83927611577965,103.26877607543445
101.82099433629676,101.40403883288255,100.87969804720049,99.34112626324689,101.53040262420107,101.452165488724,101.7025590246533,100.38068066482128,100.83927611577965,103.26877607543445,102.49916780782219
101.40403883288255,100.87969804720049,99.34112626324689,101.53040262420107,101.452165488724,101.7025590246533,100.38068066482128,100.83927611577965,103.26877607543445,102.49916780782219,103.56611602830756
100.87969804720049,99.34112626324689,101.53040262420107,101.452165488724,101.7025590246533,100.38068066482128,100.83927611577965,103.26877607543445,102.49916780782219,103.56611602830756,103.27624270862988
99.34112626324689,101.53040262420107,101.452165488724,101.7025590246533,100.38068066482128,100.83927611577965,103.26877607543445,102.49916780782219,103.56611602830756,103.27624270862988,103.6527554378018
101.53040262420107,101.452165488724,101.7025590246533,100.38068066482128,100.83927611577965,103.26877607543445,102.49916780782219,103.56611602830756,103.27624270862988,103.6527554378018,104.94228780997999
101.452165488724,101.7025590246533,100.38068066482128,100.83927611577965,103.26877607543445,102.49916780782219,103.56611602830756,103.27624270862988,103.6527554378018,104.94228780997999,103.86896398148454
